start_time,away_team,home_team,away_team_score,home_team_score
2024-10-22 23:30:00+00:00,Team.NEW_YORK_KNICKS,Team.BOSTON_CELTICS,109.0,132.0
2024-10-23 02:00:00+00:00,Team.MINNESOTA_TIMBERWOLVES,Team.LOS_ANGELES_LAKERS,103.0,110.0
2024-10-23 23:00:00+00:00,Team.INDIANA_PACERS,Team.DETROIT_PISTONS,115.0,109.0
2024-10-23 23:30:00+00:00,Team.BROOKLYN_NETS,Team.ATLANTA_HAWKS,116.0,120.0
2024-10-23 23:30:00+00:00,Team.ORLANDO_MAGIC,Team.MIAMI_HEAT,116.0,97.0
2024-10-23 23:30:00+00:00,Team.MILWAUKEE_BUCKS,Team.PHILADELPHIA_76ERS,124.0,109.0
2024-10-23 23:30:00+00:00,Team.CLEVELAND_CAVALIERS,Team.TORONTO_RAPTORS,136.0,106.0
2024-10-24 00:00:00+00:00,Team.CHARLOTTE_HORNETS,Team.HOUSTON_ROCKETS,110.0,105.0
2024-10-24 00:00:00+00:00,Team.CHICAGO_BULLS,Team.NEW_ORLEANS_PELICANS,111.0,123.0
2024-10-24 01:00:00+00:00,Team.MEMPHIS_GRIZZLIES,Team.UTAH_JAZZ,126.0,124.0
2024-10-24 02:00:00+00:00,Team.PHOENIX_SUNS,Team.LOS_ANGELES_CLIPPERS,116.0,113.0
2024-10-24 02:00:00+00:00,Team.GOLDEN_STATE_WARRIORS,Team.PORTLAND_TRAIL_BLAZERS,140.0,104.0
2024-10-24 23:00:00+00:00,Team.BOSTON_CELTICS,Team.WASHINGTON_WIZARDS,122.0,102.0
2024-10-24 23:30:00+00:00,Team.SAN_ANTONIO_SPURS,Team.DALLAS_MAVERICKS,109.0,120.0
2024-10-25 02:00:00+00:00,Team.MINNESOTA_TIMBERWOLVES,Team.SACRAMENTO_KINGS,117.0,115.0
2024-10-25 02:00:00+00:00,Team.OKLAHOMA_CITY_THUNDER,Team.DENVER_NUGGETS,102.0,87.0
2024-10-25 23:00:00+00:00,Team.BROOKLYN_NETS,Team.ORLANDO_MAGIC,101.0,116.0
2024-10-25 23:00:00+00:00,Team.PHILADELPHIA_76ERS,Team.TORONTO_RAPTORS,107.0,115.0
2024-10-25 23:30:00+00:00,Team.CHARLOTTE_HORNETS,Team.ATLANTA_HAWKS,120.0,125.0
2024-10-25 23:30:00+00:00,Team.DETROIT_PISTONS,Team.CLEVELAND_CAVALIERS,101.0,113.0
2024-10-25 23:30:00+00:00,Team.INDIANA_PACERS,Team.NEW_YORK_KNICKS,98.0,123.0
2024-10-26 00:00:00+00:00,Team.MEMPHIS_GRIZZLIES,Team.HOUSTON_ROCKETS,108.0,128.0
2024-10-26 00:00:00+00:00,Team.CHICAGO_BULLS,Team.MILWAUKEE_BUCKS,133.0,122.0
2024-10-26 01:30:00+00:00,Team.GOLDEN_STATE_WARRIORS,Team.UTAH_JAZZ,127.0,86.0
2024-10-26 02:00:00+00:00,Team.PHOENIX_SUNS,Team.LOS_ANGELES_LAKERS,116.0,123.0
2024-10-26 02:00:00+00:00,Team.NEW_ORLEANS_PELICANS,Team.PORTLAND_TRAIL_BLAZERS,105.0,103.0
2024-10-26 21:00:00+00:00,Team.LOS_ANGELES_CLIPPERS,Team.DENVER_NUGGETS,109.0,104.0
2024-10-26 23:00:00+00:00,Team.CLEVELAND_CAVALIERS,Team.WASHINGTON_WIZARDS,135.0,116.0
2024-10-26 23:00:00+00:00,Team.BOSTON_CELTICS,Team.DETROIT_PISTONS,124.0,118.0
2024-10-26 23:00:00+00:00,Team.MIAMI_HEAT,Team.CHARLOTTE_HORNETS,114.0,106.0
2024-10-27 00:00:00+00:00,Team.ORLANDO_MAGIC,Team.MEMPHIS_GRIZZLIES,111.0,124.0
2024-10-27 00:00:00+00:00,Team.TORONTO_RAPTORS,Team.MINNESOTA_TIMBERWOLVES,101.0,112.0
2024-10-27 00:00:00+00:00,Team.OKLAHOMA_CITY_THUNDER,Team.CHICAGO_BULLS,114.0,95.0
2024-10-27 00:30:00+00:00,Team.HOUSTON_ROCKETS,Team.SAN_ANTONIO_SPURS,106.0,109.0
2024-10-27 02:00:00+00:00,Team.DALLAS_MAVERICKS,Team.PHOENIX_SUNS,102.0,114.0
2024-10-27 02:30:00+00:00,Team.SACRAMENTO_KINGS,Team.LOS_ANGELES_LAKERS,127.0,131.0
2024-10-27 19:30:00+00:00,Team.PHILADELPHIA_76ERS,Team.INDIANA_PACERS,118.0,114.0
2024-10-27 22:00:00+00:00,Team.NEW_ORLEANS_PELICANS,Team.PORTLAND_TRAIL_BLAZERS,103.0,125.0
2024-10-27 22:00:00+00:00,Team.MILWAUKEE_BUCKS,Team.BROOKLYN_NETS,102.0,115.0
2024-10-27 23:00:00+00:00,Team.ATLANTA_HAWKS,Team.OKLAHOMA_CITY_THUNDER,104.0,128.0
2024-10-28 00:30:00+00:00,Team.LOS_ANGELES_CLIPPERS,Team.GOLDEN_STATE_WARRIORS,112.0,104.0
2024-10-28 23:00:00+00:00,Team.INDIANA_PACERS,Team.ORLANDO_MAGIC,115.0,119.0
2024-10-28 23:30:00+00:00,Team.WASHINGTON_WIZARDS,Team.ATLANTA_HAWKS,121.0,119.0
2024-10-28 23:30:00+00:00,Team.MILWAUKEE_BUCKS,Team.BOSTON_CELTICS,108.0,119.0
2024-10-28 23:30:00+00:00,Team.DENVER_NUGGETS,Team.TORONTO_RAPTORS,127.0,125.0
2024-10-28 23:30:00+00:00,Team.DETROIT_PISTONS,Team.MIAMI_HEAT,98.0,106.0
2024-10-28 23:30:00+00:00,Team.CLEVELAND_CAVALIERS,Team.NEW_YORK_KNICKS,110.0,104.0
2024-10-29 00:00:00+00:00,Team.HOUSTON_ROCKETS,Team.SAN_ANTONIO_SPURS,106.0,101.0
2024-10-29 00:00:00+00:00,Team.CHICAGO_BULLS,Team.MEMPHIS_GRIZZLIES,126.0,123.0
2024-10-29 00:30:00+00:00,Team.UTAH_JAZZ,Team.DALLAS_MAVERICKS,102.0,110.0
2024-10-29 02:00:00+00:00,Team.PORTLAND_TRAIL_BLAZERS,Team.SACRAMENTO_KINGS,98.0,111.0
2024-10-29 02:00:00+00:00,Team.LOS_ANGELES_LAKERS,Team.PHOENIX_SUNS,105.0,109.0
2024-10-29 23:30:00+00:00,Team.DENVER_NUGGETS,Team.BROOKLYN_NETS,144.0,139.0
2024-10-29 23:30:00+00:00,Team.DALLAS_MAVERICKS,Team.MINNESOTA_TIMBERWOLVES,120.0,114.0
2024-10-30 01:00:00+00:00,Team.SACRAMENTO_KINGS,Team.UTAH_JAZZ,113.0,96.0
2024-10-30 02:00:00+00:00,Team.NEW_ORLEANS_PELICANS,Team.GOLDEN_STATE_WARRIORS,106.0,124.0
2024-10-30 23:00:00+00:00,Team.DETROIT_PISTONS,Team.PHILADELPHIA_76ERS,105.0,95.0
2024-10-30 23:00:00+00:00,Team.ATLANTA_HAWKS,Team.WASHINGTON_WIZARDS,120.0,133.0
2024-10-30 23:00:00+00:00,Team.BOSTON_CELTICS,Team.INDIANA_PACERS,132.0,135.0
2024-10-30 23:00:00+00:00,Team.LOS_ANGELES_LAKERS,Team.CLEVELAND_CAVALIERS,110.0,134.0
2024-10-30 23:00:00+00:00,Team.TORONTO_RAPTORS,Team.CHARLOTTE_HORNETS,133.0,138.0
2024-10-30 23:30:00+00:00,Team.NEW_YORK_KNICKS,Team.MIAMI_HEAT,116.0,107.0
2024-10-31 00:00:00+00:00,Team.ORLANDO_MAGIC,Team.CHICAGO_BULLS,99.0,102.0
2024-10-31 00:00:00+00:00,Team.BROOKLYN_NETS,Team.MEMPHIS_GRIZZLIES,119.0,106.0
2024-10-31 01:30:00+00:00,Team.SAN_ANTONIO_SPURS,Team.OKLAHOMA_CITY_THUNDER,93.0,105.0
2024-10-31 02:00:00+00:00,Team.NEW_ORLEANS_PELICANS,Team.GOLDEN_STATE_WARRIORS,89.0,104.0
2024-10-31 02:30:00+00:00,Team.PORTLAND_TRAIL_BLAZERS,Team.LOS_ANGELES_CLIPPERS,106.0,105.0
2024-11-01 00:00:00+00:00,Team.MILWAUKEE_BUCKS,Team.MEMPHIS_GRIZZLIES,99.0,122.0
2024-11-01 00:30:00+00:00,Team.HOUSTON_ROCKETS,Team.DALLAS_MAVERICKS,108.0,102.0
2024-11-01 01:00:00+00:00,Team.SAN_ANTONIO_SPURS,Team.UTAH_JAZZ,106.0,88.0
2024-11-01 02:30:00+00:00,Team.PHOENIX_SUNS,Team.LOS_ANGELES_CLIPPERS,125.0,119.0
2024-11-01 23:00:00+00:00,Team.BOSTON_CELTICS,Team.CHARLOTTE_HORNETS,124.0,109.0
2024-11-01 23:00:00+00:00,Team.ORLANDO_MAGIC,Team.CLEVELAND_CAVALIERS,109.0,120.0
2024-11-01 23:00:00+00:00,Team.NEW_YORK_KNICKS,Team.DETROIT_PISTONS,128.0,98.0
2024-11-01 23:30:00+00:00,Team.SACRAMENTO_KINGS,Team.ATLANTA_HAWKS,123.0,115.0
2024-11-01 23:30:00+00:00,Team.CHICAGO_BULLS,Team.BROOKLYN_NETS,112.0,120.0
2024-11-01 23:30:00+00:00,Team.LOS_ANGELES_LAKERS,Team.TORONTO_RAPTORS,131.0,125.0
2024-11-02 00:00:00+00:00,Team.INDIANA_PACERS,Team.NEW_ORLEANS_PELICANS,118.0,125.0
2024-11-02 01:30:00+00:00,Team.DENVER_NUGGETS,Team.MINNESOTA_TIMBERWOLVES,116.0,119.0
2024-11-02 02:00:00+00:00,Team.OKLAHOMA_CITY_THUNDER,Team.PORTLAND_TRAIL_BLAZERS,137.0,114.0
2024-11-02 22:00:00+00:00,Team.BOSTON_CELTICS,Team.CHARLOTTE_HORNETS,113.0,103.0
2024-11-02 23:30:00+00:00,Team.MEMPHIS_GRIZZLIES,Team.PHILADELPHIA_76ERS,124.0,107.0
2024-11-02 23:30:00+00:00,Team.SACRAMENTO_KINGS,Team.TORONTO_RAPTORS,128.0,131.0
2024-11-03 00:00:00+00:00,Team.GOLDEN_STATE_WARRIORS,Team.HOUSTON_ROCKETS,127.0,121.0
2024-11-03 00:00:00+00:00,Team.CLEVELAND_CAVALIERS,Team.MILWAUKEE_BUCKS,114.0,113.0
2024-11-03 00:00:00+00:00,Team.MINNESOTA_TIMBERWOLVES,Team.SAN_ANTONIO_SPURS,103.0,113.0
2024-11-03 01:30:00+00:00,Team.MIAMI_HEAT,Team.WASHINGTON_WIZARDS,118.0,98.0
2024-11-03 02:00:00+00:00,Team.UTAH_JAZZ,Team.DENVER_NUGGETS,103.0,129.0
2024-11-03 02:00:00+00:00,Team.PORTLAND_TRAIL_BLAZERS,Team.PHOENIX_SUNS,97.0,103.0
2024-11-03 02:30:00+00:00,Team.OKLAHOMA_CITY_THUNDER,Team.LOS_ANGELES_CLIPPERS,105.0,92.0
2024-11-03 20:30:00+00:00,Team.DETROIT_PISTONS,Team.BROOKLYN_NETS,106.0,92.0
2024-11-04 00:00:00+00:00,Team.ATLANTA_HAWKS,Team.NEW_ORLEANS_PELICANS,126.0,111.0
2024-11-04 00:30:00+00:00,Team.ORLANDO_MAGIC,Team.DALLAS_MAVERICKS,85.0,108.0
2024-11-05 00:00:00+00:00,Team.MILWAUKEE_BUCKS,Team.CLEVELAND_CAVALIERS,114.0,116.0
2024-11-05 00:15:00+00:00,Team.GOLDEN_STATE_WARRIORS,Team.WASHINGTON_WIZARDS,125.0,112.0
2024-11-05 00:30:00+00:00,Team.LOS_ANGELES_LAKERS,Team.DETROIT_PISTONS,103.0,115.0
2024-11-05 00:45:00+00:00,Team.BOSTON_CELTICS,Team.ATLANTA_HAWKS,123.0,93.0
2024-11-05 01:00:00+00:00,Team.MEMPHIS_GRIZZLIES,Team.BROOKLYN_NETS,104.0,106.0
2024-11-05 01:15:00+00:00,Team.SACRAMENTO_KINGS,Team.MIAMI_HEAT,111.0,110.0
2024-11-05 01:30:00+00:00,Team.UTAH_JAZZ,Team.CHICAGO_BULLS,135.0,126.0
2024-11-05 01:45:00+00:00,Team.NEW_YORK_KNICKS,Team.HOUSTON_ROCKETS,97.0,109.0
2024-11-05 02:00:00+00:00,Team.CHARLOTTE_HORNETS,Team.MINNESOTA_TIMBERWOLVES,93.0,114.0
2024-11-05 02:15:00+00:00,Team.ORLANDO_MAGIC,Team.OKLAHOMA_CITY_THUNDER,86.0,102.0
2024-11-05 02:30:00+00:00,Team.PORTLAND_TRAIL_BLAZERS,Team.NEW_ORLEANS_PELICANS,118.0,100.0
2024-11-05 02:45:00+00:00,Team.INDIANA_PACERS,Team.DALLAS_MAVERICKS,134.0,127.0
2024-11-05 03:00:00+00:00,Team.TORONTO_RAPTORS,Team.DENVER_NUGGETS,119.0,121.0
2024-11-05 03:15:00+00:00,Team.PHILADELPHIA_76ERS,Team.PHOENIX_SUNS,116.0,118.0
2024-11-05 03:30:00+00:00,Team.SAN_ANTONIO_SPURS,Team.LOS_ANGELES_CLIPPERS,104.0,113.0
2024-11-07 00:00:00+00:00,Team.DETROIT_PISTONS,Team.CHARLOTTE_HORNETS,107.0,108.0
2024-11-07 00:00:00+00:00,Team.ORLANDO_MAGIC,Team.INDIANA_PACERS,111.0,118.0
2024-11-07 00:30:00+00:00,Team.NEW_YORK_KNICKS,Team.ATLANTA_HAWKS,116.0,121.0
2024-11-07 00:30:00+00:00,Team.GOLDEN_STATE_WARRIORS,Team.BOSTON_CELTICS,118.0,112.0
2024-11-07 01:00:00+00:00,Team.SAN_ANTONIO_SPURS,Team.HOUSTON_ROCKETS,100.0,127.0
2024-11-07 01:00:00+00:00,Team.LOS_ANGELES_LAKERS,Team.MEMPHIS_GRIZZLIES,114.0,131.0
2024-11-07 01:00:00+00:00,Team.CLEVELAND_CAVALIERS,Team.NEW_ORLEANS_PELICANS,131.0,122.0
2024-11-07 01:30:00+00:00,Team.CHICAGO_BULLS,Team.DALLAS_MAVERICKS,99.0,119.0
2024-11-07 02:00:00+00:00,Team.OKLAHOMA_CITY_THUNDER,Team.DENVER_NUGGETS,122.0,124.0
2024-11-07 02:00:00+00:00,Team.MIAMI_HEAT,Team.PHOENIX_SUNS,112.0,115.0
2024-11-07 03:00:00+00:00,Team.PHILADELPHIA_76ERS,Team.LOS_ANGELES_CLIPPERS,98.0,110.0
2024-11-07 03:00:00+00:00,Team.TORONTO_RAPTORS,Team.SACRAMENTO_KINGS,107.0,122.0
2024-11-08 01:00:00+00:00,Team.MINNESOTA_TIMBERWOLVES,Team.CHICAGO_BULLS,135.0,119.0
2024-11-08 01:00:00+00:00,Team.UTAH_JAZZ,Team.MILWAUKEE_BUCKS,100.0,123.0
2024-11-08 01:00:00+00:00,Team.PORTLAND_TRAIL_BLAZERS,Team.SAN_ANTONIO_SPURS,105.0,118.0
2024-11-09 00:00:00+00:00,Team.INDIANA_PACERS,Team.CHARLOTTE_HORNETS,83.0,103.0
2024-11-09 00:00:00+00:00,Team.ATLANTA_HAWKS,Team.DETROIT_PISTONS,121.0,122.0
2024-11-09 00:00:00+00:00,Team.NEW_ORLEANS_PELICANS,Team.ORLANDO_MAGIC,88.0,115.0
2024-11-09 00:30:00+00:00,Team.BROOKLYN_NETS,Team.BOSTON_CELTICS,104.0,108.0
2024-11-09 00:30:00+00:00,Team.GOLDEN_STATE_WARRIORS,Team.CLEVELAND_CAVALIERS,117.0,136.0
2024-11-09 00:30:00+00:00,Team.PHOENIX_SUNS,Team.DALLAS_MAVERICKS,114.0,113.0
2024-11-09 00:30:00+00:00,Team.MILWAUKEE_BUCKS,Team.NEW_YORK_KNICKS,94.0,116.0
2024-11-09 01:00:00+00:00,Team.WASHINGTON_WIZARDS,Team.MEMPHIS_GRIZZLIES,104.0,128.0
2024-11-09 01:00:00+00:00,Team.HOUSTON_ROCKETS,Team.OKLAHOMA_CITY_THUNDER,107.0,126.0
2024-11-09 02:00:00+00:00,Team.MIAMI_HEAT,Team.DENVER_NUGGETS,122.0,135.0
2024-11-09 02:00:00+00:00,Team.PORTLAND_TRAIL_BLAZERS,Team.MINNESOTA_TIMBERWOLVES,102.0,127.0
2024-11-09 03:00:00+00:00,Team.PHILADELPHIA_76ERS,Team.LOS_ANGELES_LAKERS,106.0,116.0
2024-11-09 03:00:00+00:00,Team.LOS_ANGELES_CLIPPERS,Team.SACRAMENTO_KINGS,107.0,98.0
2024-11-09 22:00:00+00:00,Team.UTAH_JAZZ,Team.SAN_ANTONIO_SPURS,111.0,110.0
2024-11-10 00:30:00+00:00,Team.CHICAGO_BULLS,Team.ATLANTA_HAWKS,125.0,113.0
2024-11-10 00:30:00+00:00,Team.BROOKLYN_NETS,Team.CLEVELAND_CAVALIERS,100.0,105.0
2024-11-10 03:30:00+00:00,Team.TORONTO_RAPTORS,Team.LOS_ANGELES_CLIPPERS,103.0,105.0
2024-11-10 20:00:00+00:00,Team.HOUSTON_ROCKETS,Team.DETROIT_PISTONS,101.0,99.0
2024-11-10 20:30:00+00:00,Team.BOSTON_CELTICS,Team.MILWAUKEE_BUCKS,113.0,107.0
2024-11-10 22:00:00+00:00,Team.NEW_YORK_KNICKS,Team.INDIANA_PACERS,121.0,132.0
2024-11-10 23:00:00+00:00,Team.WASHINGTON_WIZARDS,Team.ORLANDO_MAGIC,94.0,121.0
2024-11-11 00:00:00+00:00,Team.MIAMI_HEAT,Team.MINNESOTA_TIMBERWOLVES,95.0,94.0
2024-11-11 00:00:00+00:00,Team.GOLDEN_STATE_WARRIORS,Team.OKLAHOMA_CITY_THUNDER,127.0,116.0
2024-11-11 00:00:00+00:00,Team.CHARLOTTE_HORNETS,Team.PHILADELPHIA_76ERS,105.0,107.0
2024-11-11 01:00:00+00:00,Team.DALLAS_MAVERICKS,Team.DENVER_NUGGETS,120.0,122.0
2024-11-11 01:00:00+00:00,Team.SACRAMENTO_KINGS,Team.PHOENIX_SUNS,127.0,118.0
2024-11-11 02:00:00+00:00,Team.MEMPHIS_GRIZZLIES,Team.PORTLAND_TRAIL_BLAZERS,134.0,89.0
2024-11-11 02:30:00+00:00,Team.TORONTO_RAPTORS,Team.LOS_ANGELES_LAKERS,103.0,123.0
2024-11-12 01:00:00+00:00,Team.CLEVELAND_CAVALIERS,Team.CHICAGO_BULLS,119.0,113.0
2024-11-12 01:00:00+00:00,Team.WASHINGTON_WIZARDS,Team.HOUSTON_ROCKETS,92.0,107.0
2024-11-12 01:00:00+00:00,Team.BROOKLYN_NETS,Team.NEW_ORLEANS_PELICANS,107.0,105.0
2024-11-12 01:00:00+00:00,Team.LOS_ANGELES_CLIPPERS,Team.OKLAHOMA_CITY_THUNDER,128.0,134.0
2024-11-12 01:00:00+00:00,Team.SACRAMENTO_KINGS,Team.SAN_ANTONIO_SPURS,96.0,116.0
2024-11-13 00:00:00+00:00,Team.ATLANTA_HAWKS,Team.BOSTON_CELTICS,117.0,116.0
2024-11-13 00:00:00+00:00,Team.MIAMI_HEAT,Team.DETROIT_PISTONS,121.0,123.0
2024-11-13 00:00:00+00:00,Team.CHARLOTTE_HORNETS,Team.ORLANDO_MAGIC,89.0,114.0
2024-11-13 00:30:00+00:00,Team.NEW_YORK_KNICKS,Team.PHILADELPHIA_76ERS,111.0,99.0
2024-11-13 01:00:00+00:00,Team.TORONTO_RAPTORS,Team.MILWAUKEE_BUCKS,85.0,99.0
2024-11-13 02:00:00+00:00,Team.PHOENIX_SUNS,Team.UTAH_JAZZ,120.0,112.0
2024-11-13 03:00:00+00:00,Team.DALLAS_MAVERICKS,Team.GOLDEN_STATE_WARRIORS,117.0,120.0
2024-11-13 03:00:00+00:00,Team.MINNESOTA_TIMBERWOLVES,Team.PORTLAND_TRAIL_BLAZERS,108.0,122.0
2024-11-14 00:00:00+00:00,Team.INDIANA_PACERS,Team.ORLANDO_MAGIC,90.0,94.0
2024-11-14 00:30:00+00:00,Team.BOSTON_CELTICS,Team.BROOKLYN_NETS,139.0,114.0
2024-11-14 00:30:00+00:00,Team.CHICAGO_BULLS,Team.NEW_YORK_KNICKS,124.0,123.0
2024-11-14 00:30:00+00:00,Team.NEW_ORLEANS_PELICANS,Team.OKLAHOMA_CITY_THUNDER,88.0,106.0
2024-11-14 00:30:00+00:00,Team.CLEVELAND_CAVALIERS,Team.PHILADELPHIA_76ERS,114.0,106.0
2024-11-14 01:00:00+00:00,Team.LOS_ANGELES_CLIPPERS,Team.HOUSTON_ROCKETS,103.0,111.0
2024-11-14 01:00:00+00:00,Team.DETROIT_PISTONS,Team.MILWAUKEE_BUCKS,120.0,127.0
2024-11-14 01:00:00+00:00,Team.WASHINGTON_WIZARDS,Team.SAN_ANTONIO_SPURS,130.0,139.0
2024-11-14 03:00:00+00:00,Team.MEMPHIS_GRIZZLIES,Team.LOS_ANGELES_LAKERS,123.0,128.0
2024-11-14 03:00:00+00:00,Team.MINNESOTA_TIMBERWOLVES,Team.PORTLAND_TRAIL_BLAZERS,98.0,106.0
2024-11-14 03:00:00+00:00,Team.PHOENIX_SUNS,Team.SACRAMENTO_KINGS,104.0,127.0
2024-11-15 02:00:00+00:00,Team.DALLAS_MAVERICKS,Team.UTAH_JAZZ,113.0,115.0
2024-11-16 00:00:00+00:00,Team.MIAMI_HEAT,Team.INDIANA_PACERS,124.0,111.0
2024-11-16 00:00:00+00:00,Team.PHILADELPHIA_76ERS,Team.ORLANDO_MAGIC,86.0,98.0
2024-11-16 00:00:00+00:00,Team.DETROIT_PISTONS,Team.TORONTO_RAPTORS,99.0,95.0
2024-11-16 00:30:00+00:00,Team.WASHINGTON_WIZARDS,Team.ATLANTA_HAWKS,117.0,129.0
2024-11-16 00:30:00+00:00,Team.CHICAGO_BULLS,Team.CLEVELAND_CAVALIERS,126.0,144.0
2024-11-16 00:30:00+00:00,Team.BROOKLYN_NETS,Team.NEW_YORK_KNICKS,122.0,124.0
2024-11-16 00:30:00+00:00,Team.LOS_ANGELES_LAKERS,Team.SAN_ANTONIO_SPURS,120.0,115.0
2024-11-16 01:00:00+00:00,Team.LOS_ANGELES_CLIPPERS,Team.HOUSTON_ROCKETS,104.0,125.0
2024-11-16 01:00:00+00:00,Team.DENVER_NUGGETS,Team.NEW_ORLEANS_PELICANS,94.0,101.0
2024-11-16 01:00:00+00:00,Team.PHOENIX_SUNS,Team.OKLAHOMA_CITY_THUNDER,83.0,99.0
2024-11-16 03:00:00+00:00,Team.MEMPHIS_GRIZZLIES,Team.GOLDEN_STATE_WARRIORS,118.0,123.0
2024-11-16 03:00:00+00:00,Team.MINNESOTA_TIMBERWOLVES,Team.SACRAMENTO_KINGS,130.0,126.0
2024-11-16 20:00:00+00:00,Team.MILWAUKEE_BUCKS,Team.CHARLOTTE_HORNETS,114.0,115.0
2024-11-17 01:00:00+00:00,Team.TORONTO_RAPTORS,Team.BOSTON_CELTICS,123.0,126.0
2024-11-17 01:00:00+00:00,Team.LOS_ANGELES_LAKERS,Team.NEW_ORLEANS_PELICANS,104.0,99.0
2024-11-17 01:30:00+00:00,Team.SAN_ANTONIO_SPURS,Team.DALLAS_MAVERICKS,93.0,110.0
2024-11-17 03:00:00+00:00,Team.UTAH_JAZZ,Team.SACRAMENTO_KINGS,117.0,121.0
2024-11-17 20:30:00+00:00,Team.PHOENIX_SUNS,Team.MINNESOTA_TIMBERWOLVES,117.0,120.0
2024-11-17 22:00:00+00:00,Team.MIAMI_HEAT,Team.INDIANA_PACERS,110.0,119.0
2024-11-17 23:00:00+00:00,Team.CHARLOTTE_HORNETS,Team.CLEVELAND_CAVALIERS,114.0,128.0
2024-11-17 23:00:00+00:00,Team.DENVER_NUGGETS,Team.MEMPHIS_GRIZZLIES,90.0,105.0
2024-11-17 23:00:00+00:00,Team.ATLANTA_HAWKS,Team.PORTLAND_TRAIL_BLAZERS,110.0,114.0
2024-11-17 23:00:00+00:00,Team.DETROIT_PISTONS,Team.WASHINGTON_WIZARDS,124.0,104.0
2024-11-18 00:00:00+00:00,Team.HOUSTON_ROCKETS,Team.CHICAGO_BULLS,143.0,107.0
2024-11-18 00:00:00+00:00,Team.BROOKLYN_NETS,Team.NEW_YORK_KNICKS,104.0,114.0
2024-11-18 00:00:00+00:00,Team.DALLAS_MAVERICKS,Team.OKLAHOMA_CITY_THUNDER,121.0,119.0
2024-11-18 02:00:00+00:00,Team.UTAH_JAZZ,Team.LOS_ANGELES_CLIPPERS,105.0,116.0
2024-11-19 00:00:00+00:00,Team.CHICAGO_BULLS,Team.DETROIT_PISTONS,122.0,112.0
2024-11-19 00:30:00+00:00,Team.PHILADELPHIA_76ERS,Team.MIAMI_HEAT,89.0,106.0
2024-11-19 00:30:00+00:00,Team.WASHINGTON_WIZARDS,Team.NEW_YORK_KNICKS,106.0,134.0
2024-11-19 00:30:00+00:00,Team.INDIANA_PACERS,Team.TORONTO_RAPTORS,119.0,130.0
2024-11-19 01:00:00+00:00,Team.HOUSTON_ROCKETS,Team.MILWAUKEE_BUCKS,100.0,101.0
2024-11-19 02:00:00+00:00,Team.ORLANDO_MAGIC,Team.PHOENIX_SUNS,109.0,99.0
2024-11-19 03:00:00+00:00,Team.ATLANTA_HAWKS,Team.SACRAMENTO_KINGS,109.0,108.0
2024-11-19 03:30:00+00:00,Team.GOLDEN_STATE_WARRIORS,Team.LOS_ANGELES_CLIPPERS,99.0,102.0
2024-11-20 00:00:00+00:00,Team.CLEVELAND_CAVALIERS,Team.BOSTON_CELTICS,117.0,120.0
2024-11-20 00:30:00+00:00,Team.CHARLOTTE_HORNETS,Team.BROOKLYN_NETS,115.0,116.0
2024-11-20 01:00:00+00:00,Team.DENVER_NUGGETS,Team.MEMPHIS_GRIZZLIES,122.0,110.0
2024-11-20 01:30:00+00:00,Team.NEW_ORLEANS_PELICANS,Team.DALLAS_MAVERICKS,91.0,132.0
2024-11-20 02:30:00+00:00,Team.OKLAHOMA_CITY_THUNDER,Team.SAN_ANTONIO_SPURS,104.0,110.0
2024-11-20 03:30:00+00:00,Team.UTAH_JAZZ,Team.LOS_ANGELES_LAKERS,118.0,124.0
2024-11-21 00:30:00+00:00,Team.NEW_ORLEANS_PELICANS,Team.CLEVELAND_CAVALIERS,100.0,128.0
2024-11-21 00:30:00+00:00,Team.CHICAGO_BULLS,Team.MILWAUKEE_BUCKS,106.0,122.0
2024-11-21 01:00:00+00:00,Team.INDIANA_PACERS,Team.HOUSTON_ROCKETS,113.0,130.0
2024-11-21 01:00:00+00:00,Team.PHILADELPHIA_76ERS,Team.MEMPHIS_GRIZZLIES,111.0,117.0
2024-11-21 01:00:00+00:00,Team.PORTLAND_TRAIL_BLAZERS,Team.OKLAHOMA_CITY_THUNDER,99.0,109.0
2024-11-21 03:00:00+00:00,Team.ATLANTA_HAWKS,Team.GOLDEN_STATE_WARRIORS,97.0,120.0
2024-11-21 03:00:00+00:00,Team.NEW_YORK_KNICKS,Team.PHOENIX_SUNS,138.0,122.0
2024-11-21 03:30:00+00:00,Team.ORLANDO_MAGIC,Team.LOS_ANGELES_CLIPPERS,93.0,104.0
2024-11-22 00:00:00+00:00,Team.DETROIT_PISTONS,Team.CHARLOTTE_HORNETS,121.0,123.0
2024-11-22 00:30:00+00:00,Team.MINNESOTA_TIMBERWOLVES,Team.TORONTO_RAPTORS,105.0,110.0
2024-11-22 01:00:00+00:00,Team.UTAH_JAZZ,Team.SAN_ANTONIO_SPURS,118.0,126.0
2024-11-22 03:30:00+00:00,Team.ORLANDO_MAGIC,Team.LOS_ANGELES_LAKERS,119.0,118.0
2024-11-23 00:00:00+00:00,Team.BROOKLYN_NETS,Team.PHILADELPHIA_76ERS,98.0,113.0
2024-11-23 00:00:00+00:00,Team.BOSTON_CELTICS,Team.WASHINGTON_WIZARDS,108.0,96.0
2024-11-23 00:30:00+00:00,Team.GOLDEN_STATE_WARRIORS,Team.NEW_ORLEANS_PELICANS,112.0,108.0
2024-11-23 01:00:00+00:00,Team.ATLANTA_HAWKS,Team.CHICAGO_BULLS,122.0,136.0
2024-11-23 01:00:00+00:00,Team.PORTLAND_TRAIL_BLAZERS,Team.HOUSTON_ROCKETS,88.0,116.0
2024-11-23 01:00:00+00:00,Team.INDIANA_PACERS,Team.MILWAUKEE_BUCKS,117.0,129.0
2024-11-23 03:00:00+00:00,Team.DALLAS_MAVERICKS,Team.DENVER_NUGGETS,123.0,120.0
2024-11-23 03:30:00+00:00,Team.SACRAMENTO_KINGS,Team.LOS_ANGELES_CLIPPERS,88.0,104.0
2024-11-23 22:00:00+00:00,Team.NEW_YORK_KNICKS,Team.UTAH_JAZZ,106.0,121.0
2024-11-24 00:00:00+00:00,Team.DETROIT_PISTONS,Team.ORLANDO_MAGIC,100.0,111.0
2024-11-24 01:00:00+00:00,Team.MEMPHIS_GRIZZLIES,Team.CHICAGO_BULLS,142.0,131.0
2024-11-24 01:00:00+00:00,Team.PORTLAND_TRAIL_BLAZERS,Team.HOUSTON_ROCKETS,104.0,98.0
2024-11-24 01:00:00+00:00,Team.CHARLOTTE_HORNETS,Team.MILWAUKEE_BUCKS,119.0,125.0
2024-11-24 01:30:00+00:00,Team.GOLDEN_STATE_WARRIORS,Team.SAN_ANTONIO_SPURS,94.0,104.0
2024-11-24 03:30:00+00:00,Team.DENVER_NUGGETS,Team.LOS_ANGELES_LAKERS,127.0,102.0
2024-11-24 20:30:00+00:00,Team.MINNESOTA_TIMBERWOLVES,Team.BOSTON_CELTICS,105.0,107.0
2024-11-24 22:00:00+00:00,Team.WASHINGTON_WIZARDS,Team.INDIANA_PACERS,103.0,115.0
2024-11-24 23:00:00+00:00,Team.DALLAS_MAVERICKS,Team.MIAMI_HEAT,118.0,123.0
2024-11-24 23:00:00+00:00,Team.LOS_ANGELES_CLIPPERS,Team.PHILADELPHIA_76ERS,125.0,99.0
2024-11-25 00:30:00+00:00,Team.TORONTO_RAPTORS,Team.CLEVELAND_CAVALIERS,108.0,122.0
2024-11-25 02:00:00+00:00,Team.BROOKLYN_NETS,Team.SACRAMENTO_KINGS,108.0,103.0
2024-11-26 00:00:00+00:00,Team.ORLANDO_MAGIC,Team.CHARLOTTE_HORNETS,95.0,84.0
2024-11-26 00:00:00+00:00,Team.TORONTO_RAPTORS,Team.DETROIT_PISTONS,100.0,102.0
2024-11-26 00:00:00+00:00,Team.NEW_ORLEANS_PELICANS,Team.INDIANA_PACERS,110.0,114.0
2024-11-26 00:30:00+00:00,Team.DALLAS_MAVERICKS,Team.ATLANTA_HAWKS,129.0,119.0
2024-11-26 00:30:00+00:00,Team.LOS_ANGELES_CLIPPERS,Team.BOSTON_CELTICS,94.0,126.0
2024-11-26 01:00:00+00:00,Team.PORTLAND_TRAIL_BLAZERS,Team.MEMPHIS_GRIZZLIES,98.0,123.0
2024-11-26 02:00:00+00:00,Team.NEW_YORK_KNICKS,Team.DENVER_NUGGETS,145.0,118.0
2024-11-26 03:00:00+00:00,Team.BROOKLYN_NETS,Team.GOLDEN_STATE_WARRIORS,128.0,120.0
2024-11-26 03:00:00+00:00,Team.OKLAHOMA_CITY_THUNDER,Team.SACRAMENTO_KINGS,130.0,109.0
2024-11-27 00:00:00+00:00,Team.CHICAGO_BULLS,Team.WASHINGTON_WIZARDS,127.0,108.0
2024-11-27 00:30:00+00:00,Team.MILWAUKEE_BUCKS,Team.MIAMI_HEAT,106.0,103.0
2024-11-27 01:00:00+00:00,Team.HOUSTON_ROCKETS,Team.MINNESOTA_TIMBERWOLVES,117.0,111.0
2024-11-27 02:00:00+00:00,Team.SAN_ANTONIO_SPURS,Team.UTAH_JAZZ,128.0,115.0
2024-11-27 03:00:00+00:00,Team.LOS_ANGELES_LAKERS,Team.PHOENIX_SUNS,100.0,127.0
2024-11-28 00:00:00+00:00,Team.MIAMI_HEAT,Team.CHARLOTTE_HORNETS,98.0,94.0
2024-11-28 00:00:00+00:00,Team.ATLANTA_HAWKS,Team.CLEVELAND_CAVALIERS,135.0,124.0
2024-11-28 00:00:00+00:00,Team.PORTLAND_TRAIL_BLAZERS,Team.INDIANA_PACERS,114.0,121.0
2024-11-28 00:00:00+00:00,Team.CHICAGO_BULLS,Team.ORLANDO_MAGIC,119.0,133.0
2024-11-28 00:00:00+00:00,Team.HOUSTON_ROCKETS,Team.PHILADELPHIA_76ERS,122.0,115.0
2024-11-28 00:00:00+00:00,Team.LOS_ANGELES_CLIPPERS,Team.WASHINGTON_WIZARDS,121.0,96.0
2024-11-28 00:30:00+00:00,Team.NEW_YORK_KNICKS,Team.DALLAS_MAVERICKS,114.0,129.0
2024-11-28 01:00:00+00:00,Team.DETROIT_PISTONS,Team.MEMPHIS_GRIZZLIES,111.0,131.0
2024-11-28 01:00:00+00:00,Team.SACRAMENTO_KINGS,Team.MINNESOTA_TIMBERWOLVES,115.0,104.0
2024-11-28 01:00:00+00:00,Team.TORONTO_RAPTORS,Team.NEW_ORLEANS_PELICANS,119.0,93.0
2024-11-28 01:30:00+00:00,Team.LOS_ANGELES_LAKERS,Team.SAN_ANTONIO_SPURS,119.0,101.0
2024-11-28 02:00:00+00:00,Team.BROOKLYN_NETS,Team.PHOENIX_SUNS,127.0,117.0
2024-11-28 02:00:00+00:00,Team.DENVER_NUGGETS,Team.UTAH_JAZZ,122.0,103.0
2024-11-28 03:00:00+00:00,Team.OKLAHOMA_CITY_THUNDER,Team.GOLDEN_STATE_WARRIORS,105.0,101.0
2024-11-29 17:00:00+00:00,Team.NEW_YORK_KNICKS,Team.CHARLOTTE_HORNETS,99.0,98.0
2024-11-29 19:30:00+00:00,Team.CLEVELAND_CAVALIERS,Team.ATLANTA_HAWKS,101.0,117.0
2024-11-29 22:00:00+00:00,Team.NEW_ORLEANS_PELICANS,Team.MEMPHIS_GRIZZLIES,109.0,120.0
2024-11-30 00:30:00+00:00,Team.ORLANDO_MAGIC,Team.BROOKLYN_NETS,123.0,100.0
2024-11-30 00:30:00+00:00,Team.LOS_ANGELES_CLIPPERS,Team.MINNESOTA_TIMBERWOLVES,92.0,93.0
2024-11-30 01:00:00+00:00,Team.BOSTON_CELTICS,Team.CHICAGO_BULLS,138.0,129.0
2024-11-30 01:00:00+00:00,Team.DETROIT_PISTONS,Team.INDIANA_PACERS,130.0,106.0
2024-11-30 01:00:00+00:00,Team.TORONTO_RAPTORS,Team.MIAMI_HEAT,111.0,121.0
2024-11-30 03:00:00+00:00,Team.OKLAHOMA_CITY_THUNDER,Team.LOS_ANGELES_LAKERS,101.0,93.0
2024-11-30 03:00:00+00:00,Team.SACRAMENTO_KINGS,Team.PORTLAND_TRAIL_BLAZERS,106.0,115.0
2024-11-30 23:00:00+00:00,Team.ATLANTA_HAWKS,Team.CHARLOTTE_HORNETS,107.0,104.0
2024-12-01 00:00:00+00:00,Team.PHILADELPHIA_76ERS,Team.DETROIT_PISTONS,111.0,96.0
2024-12-01 01:00:00+00:00,Team.WASHINGTON_WIZARDS,Team.MILWAUKEE_BUCKS,114.0,124.0
2024-12-01 02:00:00+00:00,Team.GOLDEN_STATE_WARRIORS,Team.PHOENIX_SUNS,105.0,113.0
2024-12-01 02:30:00+00:00,Team.DALLAS_MAVERICKS,Team.UTAH_JAZZ,106.0,94.0
2024-12-01 20:30:00+00:00,Team.ORLANDO_MAGIC,Team.BROOKLYN_NETS,100.0,92.0
2024-12-01 20:30:00+00:00,Team.INDIANA_PACERS,Team.MEMPHIS_GRIZZLIES,121.0,136.0
2024-12-01 23:00:00+00:00,Team.BOSTON_CELTICS,Team.CLEVELAND_CAVALIERS,111.0,115.0
2024-12-01 23:00:00+00:00,Team.NEW_ORLEANS_PELICANS,Team.NEW_YORK_KNICKS,85.0,118.0
2024-12-01 23:00:00+00:00,Team.MIAMI_HEAT,Team.TORONTO_RAPTORS,116.0,119.0
2024-12-02 00:00:00+00:00,Team.OKLAHOMA_CITY_THUNDER,Team.HOUSTON_ROCKETS,116.0,119.0
2024-12-02 01:00:00+00:00,Team.LOS_ANGELES_LAKERS,Team.UTAH_JAZZ,105.0,104.0
2024-12-02 02:00:00+00:00,Team.DALLAS_MAVERICKS,Team.PORTLAND_TRAIL_BLAZERS,137.0,131.0
2024-12-02 02:00:00+00:00,Team.SAN_ANTONIO_SPURS,Team.SACRAMENTO_KINGS,127.0,125.0
2024-12-02 03:00:00+00:00,Team.DENVER_NUGGETS,Team.LOS_ANGELES_CLIPPERS,122.0,126.0
2024-12-03 00:30:00+00:00,Team.NEW_ORLEANS_PELICANS,Team.ATLANTA_HAWKS,112.0,124.0
2024-12-03 00:30:00+00:00,Team.MIAMI_HEAT,Team.BOSTON_CELTICS,89.0,108.0
2024-12-03 01:00:00+00:00,Team.BROOKLYN_NETS,Team.CHICAGO_BULLS,102.0,128.0
2024-12-03 01:00:00+00:00,Team.LOS_ANGELES_LAKERS,Team.MINNESOTA_TIMBERWOLVES,80.0,109.0
2024-12-04 00:00:00+00:00,Team.PHILADELPHIA_76ERS,Team.CHARLOTTE_HORNETS,110.0,104.0
2024-12-04 00:00:00+00:00,Team.WASHINGTON_WIZARDS,Team.CLEVELAND_CAVALIERS,87.0,118.0
2024-12-04 00:00:00+00:00,Team.MILWAUKEE_BUCKS,Team.DETROIT_PISTONS,128.0,107.0
2024-12-04 00:30:00+00:00,Team.ORLANDO_MAGIC,Team.NEW_YORK_KNICKS,106.0,121.0
2024-12-04 00:30:00+00:00,Team.INDIANA_PACERS,Team.TORONTO_RAPTORS,111.0,122.0
2024-12-04 01:00:00+00:00,Team.UTAH_JAZZ,Team.OKLAHOMA_CITY_THUNDER,106.0,133.0
2024-12-04 01:30:00+00:00,Team.MEMPHIS_GRIZZLIES,Team.DALLAS_MAVERICKS,116.0,121.0
2024-12-04 02:00:00+00:00,Team.SAN_ANTONIO_SPURS,Team.PHOENIX_SUNS,93.0,104.0
2024-12-04 03:00:00+00:00,Team.GOLDEN_STATE_WARRIORS,Team.DENVER_NUGGETS,115.0,119.0
2024-12-04 03:00:00+00:00,Team.HOUSTON_ROCKETS,Team.SACRAMENTO_KINGS,111.0,120.0
2024-12-04 03:30:00+00:00,Team.PORTLAND_TRAIL_BLAZERS,Team.LOS_ANGELES_CLIPPERS,105.0,127.0
2024-12-05 00:30:00+00:00,Team.DETROIT_PISTONS,Team.BOSTON_CELTICS,120.0,130.0
2024-12-05 00:30:00+00:00,Team.INDIANA_PACERS,Team.BROOKLYN_NETS,90.0,99.0
2024-12-05 00:30:00+00:00,Team.LOS_ANGELES_LAKERS,Team.MIAMI_HEAT,93.0,134.0
2024-12-05 00:30:00+00:00,Team.ORLANDO_MAGIC,Team.PHILADELPHIA_76ERS,106.0,102.0
2024-12-05 01:00:00+00:00,Team.ATLANTA_HAWKS,Team.MILWAUKEE_BUCKS,119.0,104.0
2024-12-05 03:30:00+00:00,Team.MINNESOTA_TIMBERWOLVES,Team.LOS_ANGELES_CLIPPERS,108.0,80.0
2024-12-06 00:00:00+00:00,Team.DENVER_NUGGETS,Team.CLEVELAND_CAVALIERS,114.0,126.0
2024-12-06 00:00:00+00:00,Team.DALLAS_MAVERICKS,Team.WASHINGTON_WIZARDS,137.0,101.0
2024-12-06 00:30:00+00:00,Team.CHARLOTTE_HORNETS,Team.NEW_YORK_KNICKS,101.0,125.0
2024-12-06 00:30:00+00:00,Team.OKLAHOMA_CITY_THUNDER,Team.TORONTO_RAPTORS,129.0,92.0
2024-12-06 01:00:00+00:00,Team.SACRAMENTO_KINGS,Team.MEMPHIS_GRIZZLIES,110.0,115.0
2024-12-06 01:00:00+00:00,Team.PHOENIX_SUNS,Team.NEW_ORLEANS_PELICANS,124.0,126.0
2024-12-06 01:00:00+00:00,Team.CHICAGO_BULLS,Team.SAN_ANTONIO_SPURS,139.0,124.0
2024-12-06 03:00:00+00:00,Team.HOUSTON_ROCKETS,Team.GOLDEN_STATE_WARRIORS,93.0,99.0
2024-12-07 00:00:00+00:00,Team.ORLANDO_MAGIC,Team.PHILADELPHIA_76ERS,94.0,102.0
2024-12-07 00:30:00+00:00,Team.LOS_ANGELES_LAKERS,Team.ATLANTA_HAWKS,132.0,134.0
2024-12-07 00:30:00+00:00,Team.MILWAUKEE_BUCKS,Team.BOSTON_CELTICS,105.0,111.0
2024-12-07 01:00:00+00:00,Team.INDIANA_PACERS,Team.CHICAGO_BULLS,132.0,123.0
2024-12-07 01:00:00+00:00,Team.SACRAMENTO_KINGS,Team.SAN_ANTONIO_SPURS,140.0,113.0
2024-12-07 03:00:00+00:00,Team.MINNESOTA_TIMBERWOLVES,Team.GOLDEN_STATE_WARRIORS,107.0,90.0
2024-12-07 03:00:00+00:00,Team.UTAH_JAZZ,Team.PORTLAND_TRAIL_BLAZERS,141.0,99.0
2024-12-07 18:00:00+00:00,Team.CLEVELAND_CAVALIERS,Team.CHARLOTTE_HORNETS,116.0,102.0
2024-12-08 00:00:00+00:00,Team.OKLAHOMA_CITY_THUNDER,Team.NEW_ORLEANS_PELICANS,119.0,109.0
2024-12-08 00:00:00+00:00,Team.DENVER_NUGGETS,Team.WASHINGTON_WIZARDS,113.0,122.0
2024-12-08 00:30:00+00:00,Team.DETROIT_PISTONS,Team.NEW_YORK_KNICKS,120.0,111.0
2024-12-08 00:30:00+00:00,Team.DALLAS_MAVERICKS,Team.TORONTO_RAPTORS,125.0,118.0
2024-12-08 01:00:00+00:00,Team.MEMPHIS_GRIZZLIES,Team.BOSTON_CELTICS,127.0,121.0
2024-12-08 01:00:00+00:00,Team.PHOENIX_SUNS,Team.MIAMI_HEAT,111.0,121.0
2024-12-08 18:00:00+00:00,Team.PHILADELPHIA_76ERS,Team.CHICAGO_BULLS,108.0,100.0
2024-12-08 20:30:00+00:00,Team.MILWAUKEE_BUCKS,Team.BROOKLYN_NETS,118.0,113.0
2024-12-08 22:00:00+00:00,Team.CHARLOTTE_HORNETS,Team.INDIANA_PACERS,113.0,109.0
2024-12-08 23:00:00+00:00,Team.DENVER_NUGGETS,Team.ATLANTA_HAWKS,141.0,111.0
2024-12-08 23:00:00+00:00,Team.CLEVELAND_CAVALIERS,Team.MIAMI_HEAT,113.0,122.0
2024-12-08 23:30:00+00:00,Team.PHOENIX_SUNS,Team.ORLANDO_MAGIC,110.0,115.0
2024-12-09 00:00:00+00:00,Team.NEW_ORLEANS_PELICANS,Team.SAN_ANTONIO_SPURS,116.0,121.0
2024-12-09 00:00:00+00:00,Team.MEMPHIS_GRIZZLIES,Team.WASHINGTON_WIZARDS,140.0,112.0
2024-12-09 01:30:00+00:00,Team.MINNESOTA_TIMBERWOLVES,Team.GOLDEN_STATE_WARRIORS,106.0,114.0
2024-12-09 02:00:00+00:00,Team.HOUSTON_ROCKETS,Team.LOS_ANGELES_CLIPPERS,117.0,106.0
2024-12-09 02:00:00+00:00,Team.UTAH_JAZZ,Team.SACRAMENTO_KINGS,97.0,141.0
2024-12-09 02:30:00+00:00,Team.PORTLAND_TRAIL_BLAZERS,Team.LOS_ANGELES_LAKERS,98.0,107.0
2024-12-10 00:30:00+00:00,Team.NEW_YORK_KNICKS,Team.TORONTO_RAPTORS,113.0,108.0
2024-12-11 00:00:00+00:00,Team.ORLANDO_MAGIC,Team.MILWAUKEE_BUCKS,109.0,114.0
2024-12-11 02:30:00+00:00,Team.DALLAS_MAVERICKS,Team.OKLAHOMA_CITY_THUNDER,104.0,118.0
2024-12-12 00:00:00+00:00,Team.ATLANTA_HAWKS,Team.NEW_YORK_KNICKS,108.0,100.0
2024-12-12 02:30:00+00:00,Team.GOLDEN_STATE_WARRIORS,Team.HOUSTON_ROCKETS,90.0,91.0
2024-12-13 00:30:00+00:00,Team.DETROIT_PISTONS,Team.BOSTON_CELTICS,99.0,123.0
2024-12-13 00:30:00+00:00,Team.TORONTO_RAPTORS,Team.MIAMI_HEAT,104.0,114.0
2024-12-13 01:00:00+00:00,Team.SACRAMENTO_KINGS,Team.NEW_ORLEANS_PELICANS,111.0,109.0
2024-12-14 00:00:00+00:00,Team.WASHINGTON_WIZARDS,Team.CLEVELAND_CAVALIERS,105.0,115.0
2024-12-14 00:00:00+00:00,Team.INDIANA_PACERS,Team.PHILADELPHIA_76ERS,121.0,107.0
2024-12-14 01:00:00+00:00,Team.CHARLOTTE_HORNETS,Team.CHICAGO_BULLS,95.0,109.0
2024-12-14 01:00:00+00:00,Team.BROOKLYN_NETS,Team.MEMPHIS_GRIZZLIES,119.0,135.0
2024-12-14 01:00:00+00:00,Team.LOS_ANGELES_LAKERS,Team.MINNESOTA_TIMBERWOLVES,87.0,97.0
2024-12-14 02:00:00+00:00,Team.LOS_ANGELES_CLIPPERS,Team.DENVER_NUGGETS,98.0,120.0
2024-12-14 02:30:00+00:00,Team.PHOENIX_SUNS,Team.UTAH_JAZZ,134.0,126.0
2024-12-14 03:00:00+00:00,Team.SAN_ANTONIO_SPURS,Team.PORTLAND_TRAIL_BLAZERS,118.0,116.0
2024-12-14 21:30:00+00:00,Team.ATLANTA_HAWKS,Team.MILWAUKEE_BUCKS,102.0,110.0
2024-12-15 01:30:00+00:00,Team.HOUSTON_ROCKETS,Team.OKLAHOMA_CITY_THUNDER,96.0,111.0
2024-12-15 22:00:00+00:00,Team.NEW_ORLEANS_PELICANS,Team.INDIANA_PACERS,104.0,119.0
2024-12-15 23:00:00+00:00,Team.NEW_YORK_KNICKS,Team.ORLANDO_MAGIC,100.0,91.0
2024-12-15 23:00:00+00:00,Team.BOSTON_CELTICS,Team.WASHINGTON_WIZARDS,112.0,98.0
2024-12-16 00:00:00+00:00,Team.MINNESOTA_TIMBERWOLVES,Team.SAN_ANTONIO_SPURS,106.0,92.0
2024-12-16 01:00:00+00:00,Team.PORTLAND_TRAIL_BLAZERS,Team.PHOENIX_SUNS,109.0,116.0
2024-12-16 01:30:00+00:00,Team.DALLAS_MAVERICKS,Team.GOLDEN_STATE_WARRIORS,143.0,133.0
2024-12-16 02:30:00+00:00,Team.MEMPHIS_GRIZZLIES,Team.LOS_ANGELES_LAKERS,110.0,116.0
2024-12-17 00:00:00+00:00,Team.PHILADELPHIA_76ERS,Team.CHARLOTTE_HORNETS,121.0,108.0
2024-12-17 00:00:00+00:00,Team.MIAMI_HEAT,Team.DETROIT_PISTONS,124.0,125.0
2024-12-17 00:30:00+00:00,Team.CLEVELAND_CAVALIERS,Team.BROOKLYN_NETS,130.0,101.0
2024-12-17 00:30:00+00:00,Team.CHICAGO_BULLS,Team.TORONTO_RAPTORS,122.0,121.0
2024-12-17 03:00:00+00:00,Team.DENVER_NUGGETS,Team.SACRAMENTO_KINGS,130.0,129.0
2024-12-17 03:30:00+00:00,Team.UTAH_JAZZ,Team.LOS_ANGELES_CLIPPERS,107.0,144.0
2024-12-18 01:30:00+00:00,Team.MILWAUKEE_BUCKS,Team.OKLAHOMA_CITY_THUNDER,97.0,81.0
2024-12-20 00:00:00+00:00,Team.UTAH_JAZZ,Team.DETROIT_PISTONS,126.0,119.0
2024-12-20 00:00:00+00:00,Team.OKLAHOMA_CITY_THUNDER,Team.ORLANDO_MAGIC,105.0,99.0
2024-12-20 00:00:00+00:00,Team.CHARLOTTE_HORNETS,Team.WASHINGTON_WIZARDS,114.0,123.0
2024-12-20 00:30:00+00:00,Team.CHICAGO_BULLS,Team.BOSTON_CELTICS,117.0,108.0
2024-12-20 00:30:00+00:00,Team.BROOKLYN_NETS,Team.TORONTO_RAPTORS,101.0,94.0
2024-12-20 01:00:00+00:00,Team.NEW_ORLEANS_PELICANS,Team.HOUSTON_ROCKETS,113.0,133.0
2024-12-20 01:00:00+00:00,Team.GOLDEN_STATE_WARRIORS,Team.MEMPHIS_GRIZZLIES,93.0,144.0
2024-12-20 01:00:00+00:00,Team.ATLANTA_HAWKS,Team.SAN_ANTONIO_SPURS,126.0,133.0
2024-12-20 01:30:00+00:00,Team.LOS_ANGELES_CLIPPERS,Team.DALLAS_MAVERICKS,118.0,95.0
2024-12-20 02:00:00+00:00,Team.INDIANA_PACERS,Team.PHOENIX_SUNS,120.0,111.0
2024-12-20 02:30:00+00:00,Team.NEW_YORK_KNICKS,Team.MINNESOTA_TIMBERWOLVES,133.0,107.0
2024-12-20 03:00:00+00:00,Team.DENVER_NUGGETS,Team.PORTLAND_TRAIL_BLAZERS,124.0,126.0
2024-12-20 03:00:00+00:00,Team.LOS_ANGELES_LAKERS,Team.SACRAMENTO_KINGS,113.0,100.0
2024-12-21 00:00:00+00:00,Team.CHARLOTTE_HORNETS,Team.PHILADELPHIA_76ERS,98.0,108.0
2024-12-21 00:30:00+00:00,Team.MILWAUKEE_BUCKS,Team.CLEVELAND_CAVALIERS,101.0,124.0
2024-12-21 01:00:00+00:00,Team.OKLAHOMA_CITY_THUNDER,Team.MIAMI_HEAT,104.0,97.0
2024-12-21 23:00:00+00:00,Team.LOS_ANGELES_LAKERS,Team.SACRAMENTO_KINGS,103.0,99.0
2024-12-22 00:00:00+00:00,Team.MIAMI_HEAT,Team.ORLANDO_MAGIC,114.0,121.0
2024-12-22 00:30:00+00:00,Team.MEMPHIS_GRIZZLIES,Team.ATLANTA_HAWKS,128.0,112.0
2024-12-22 00:30:00+00:00,Team.UTAH_JAZZ,Team.BROOKLYN_NETS,105.0,94.0
2024-12-22 01:00:00+00:00,Team.BOSTON_CELTICS,Team.CHICAGO_BULLS,123.0,98.0
2024-12-22 01:00:00+00:00,Team.PHILADELPHIA_76ERS,Team.CLEVELAND_CAVALIERS,99.0,126.0
2024-12-22 01:00:00+00:00,Team.WASHINGTON_WIZARDS,Team.MILWAUKEE_BUCKS,101.0,112.0
2024-12-22 01:00:00+00:00,Team.GOLDEN_STATE_WARRIORS,Team.MINNESOTA_TIMBERWOLVES,113.0,103.0
2024-12-22 01:00:00+00:00,Team.NEW_YORK_KNICKS,Team.NEW_ORLEANS_PELICANS,104.0,93.0
2024-12-22 01:30:00+00:00,Team.LOS_ANGELES_CLIPPERS,Team.DALLAS_MAVERICKS,97.0,113.0
2024-12-22 01:30:00+00:00,Team.PORTLAND_TRAIL_BLAZERS,Team.SAN_ANTONIO_SPURS,94.0,114.0
2024-12-22 02:00:00+00:00,Team.DETROIT_PISTONS,Team.PHOENIX_SUNS,133.0,125.0
2024-12-22 23:00:00+00:00,Team.INDIANA_PACERS,Team.SACRAMENTO_KINGS,122.0,95.0
2024-12-22 23:00:00+00:00,Team.HOUSTON_ROCKETS,Team.TORONTO_RAPTORS,114.0,110.0
2024-12-23 00:00:00+00:00,Team.DENVER_NUGGETS,Team.NEW_ORLEANS_PELICANS,132.0,129.0
2024-12-24 00:00:00+00:00,Team.HOUSTON_ROCKETS,Team.CHARLOTTE_HORNETS,114.0,101.0
2024-12-24 00:00:00+00:00,Team.UTAH_JAZZ,Team.CLEVELAND_CAVALIERS,113.0,124.0
2024-12-24 00:00:00+00:00,Team.BOSTON_CELTICS,Team.ORLANDO_MAGIC,104.0,108.0
2024-12-24 00:00:00+00:00,Team.SAN_ANTONIO_SPURS,Team.PHILADELPHIA_76ERS,106.0,111.0
2024-12-24 00:30:00+00:00,Team.MINNESOTA_TIMBERWOLVES,Team.ATLANTA_HAWKS,104.0,117.0
2024-12-24 00:30:00+00:00,Team.BROOKLYN_NETS,Team.MIAMI_HEAT,95.0,110.0
2024-12-24 00:30:00+00:00,Team.TORONTO_RAPTORS,Team.NEW_YORK_KNICKS,125.0,139.0
2024-12-24 01:00:00+00:00,Team.MILWAUKEE_BUCKS,Team.CHICAGO_BULLS,112.0,91.0
2024-12-24 01:00:00+00:00,Team.LOS_ANGELES_CLIPPERS,Team.MEMPHIS_GRIZZLIES,114.0,110.0
2024-12-24 01:00:00+00:00,Team.WASHINGTON_WIZARDS,Team.OKLAHOMA_CITY_THUNDER,105.0,123.0
2024-12-24 01:30:00+00:00,Team.PORTLAND_TRAIL_BLAZERS,Team.DALLAS_MAVERICKS,108.0,132.0
2024-12-24 03:00:00+00:00,Team.PHOENIX_SUNS,Team.DENVER_NUGGETS,90.0,117.0
2024-12-24 03:00:00+00:00,Team.INDIANA_PACERS,Team.GOLDEN_STATE_WARRIORS,111.0,105.0
2024-12-24 03:30:00+00:00,Team.DETROIT_PISTONS,Team.LOS_ANGELES_LAKERS,117.0,114.0
2024-12-25 17:00:00+00:00,Team.SAN_ANTONIO_SPURS,Team.NEW_YORK_KNICKS,114.0,117.0
2024-12-25 19:30:00+00:00,Team.MINNESOTA_TIMBERWOLVES,Team.DALLAS_MAVERICKS,105.0,99.0
2024-12-25 22:00:00+00:00,Team.PHILADELPHIA_76ERS,Team.BOSTON_CELTICS,118.0,114.0
2024-12-26 01:00:00+00:00,Team.LOS_ANGELES_LAKERS,Team.GOLDEN_STATE_WARRIORS,115.0,113.0
2024-12-26 03:30:00+00:00,Team.DENVER_NUGGETS,Team.PHOENIX_SUNS,100.0,110.0
2024-12-27 00:00:00+00:00,Team.OKLAHOMA_CITY_THUNDER,Team.INDIANA_PACERS,120.0,114.0
2024-12-27 00:00:00+00:00,Team.MIAMI_HEAT,Team.ORLANDO_MAGIC,89.0,88.0
2024-12-27 00:00:00+00:00,Team.CHARLOTTE_HORNETS,Team.WASHINGTON_WIZARDS,110.0,113.0
2024-12-27 00:30:00+00:00,Team.CHICAGO_BULLS,Team.ATLANTA_HAWKS,133.0,141.0
2024-12-27 01:00:00+00:00,Team.TORONTO_RAPTORS,Team.MEMPHIS_GRIZZLIES,126.0,155.0
2024-12-27 01:00:00+00:00,Team.BROOKLYN_NETS,Team.MILWAUKEE_BUCKS,111.0,105.0
2024-12-27 01:00:00+00:00,Team.HOUSTON_ROCKETS,Team.NEW_ORLEANS_PELICANS,128.0,111.0
2024-12-27 03:00:00+00:00,Team.UTAH_JAZZ,Team.PORTLAND_TRAIL_BLAZERS,120.0,122.0
2024-12-27 03:00:00+00:00,Team.DETROIT_PISTONS,Team.SACRAMENTO_KINGS,114.0,113.0
2024-12-28 00:00:00+00:00,Team.NEW_YORK_KNICKS,Team.ORLANDO_MAGIC,108.0,85.0
2024-12-28 00:30:00+00:00,Team.INDIANA_PACERS,Team.BOSTON_CELTICS,105.0,142.0
2024-12-28 00:30:00+00:00,Team.SAN_ANTONIO_SPURS,Team.BROOKLYN_NETS,96.0,87.0
2024-12-28 01:00:00+00:00,Team.MINNESOTA_TIMBERWOLVES,Team.HOUSTON_ROCKETS,113.0,112.0
2024-12-28 01:00:00+00:00,Team.MEMPHIS_GRIZZLIES,Team.NEW_ORLEANS_PELICANS,132.0,124.0
2024-12-28 02:00:00+00:00,Team.CLEVELAND_CAVALIERS,Team.DENVER_NUGGETS,149.0,135.0
2024-12-28 02:00:00+00:00,Team.DALLAS_MAVERICKS,Team.PHOENIX_SUNS,98.0,89.0
2024-12-28 03:00:00+00:00,Team.GOLDEN_STATE_WARRIORS,Team.LOS_ANGELES_CLIPPERS,92.0,102.0
2024-12-28 20:00:00+00:00,Team.MIAMI_HEAT,Team.ATLANTA_HAWKS,110.0,120.0
2024-12-28 23:00:00+00:00,Team.OKLAHOMA_CITY_THUNDER,Team.CHARLOTTE_HORNETS,106.0,94.0
2024-12-29 00:00:00+00:00,Team.NEW_YORK_KNICKS,Team.WASHINGTON_WIZARDS,136.0,132.0
2024-12-29 01:00:00+00:00,Team.MILWAUKEE_BUCKS,Team.CHICAGO_BULLS,111.0,116.0
2024-12-29 01:30:00+00:00,Team.PHOENIX_SUNS,Team.GOLDEN_STATE_WARRIORS,105.0,109.0
2024-12-29 02:00:00+00:00,Team.DETROIT_PISTONS,Team.DENVER_NUGGETS,121.0,134.0
2024-12-29 02:30:00+00:00,Team.PHILADELPHIA_76ERS,Team.UTAH_JAZZ,114.0,111.0
2024-12-29 03:00:00+00:00,Team.DALLAS_MAVERICKS,Team.PORTLAND_TRAIL_BLAZERS,122.0,126.0
2024-12-29 03:30:00+00:00,Team.SACRAMENTO_KINGS,Team.LOS_ANGELES_LAKERS,122.0,132.0
2024-12-29 20:30:00+00:00,Team.BROOKLYN_NETS,Team.ORLANDO_MAGIC,101.0,102.0
2024-12-29 23:00:00+00:00,Team.INDIANA_PACERS,Team.BOSTON_CELTICS,123.0,114.0
2024-12-29 23:00:00+00:00,Team.ATLANTA_HAWKS,Team.TORONTO_RAPTORS,136.0,107.0
2024-12-30 00:00:00+00:00,Team.MIAMI_HEAT,Team.HOUSTON_ROCKETS,104.0,100.0
2024-12-30 00:00:00+00:00,Team.MEMPHIS_GRIZZLIES,Team.OKLAHOMA_CITY_THUNDER,106.0,130.0
2024-12-30 02:00:00+00:00,Team.SAN_ANTONIO_SPURS,Team.MINNESOTA_TIMBERWOLVES,110.0,112.0
2024-12-31 00:00:00+00:00,Team.CHICAGO_BULLS,Team.CHARLOTTE_HORNETS,115.0,108.0
2024-12-31 00:00:00+00:00,Team.NEW_YORK_KNICKS,Team.WASHINGTON_WIZARDS,126.0,106.0
2024-12-31 01:00:00+00:00,Team.LOS_ANGELES_CLIPPERS,Team.NEW_ORLEANS_PELICANS,116.0,113.0
2024-12-31 02:00:00+00:00,Team.DENVER_NUGGETS,Team.UTAH_JAZZ,132.0,121.0
2024-12-31 03:00:00+00:00,Team.CLEVELAND_CAVALIERS,Team.GOLDEN_STATE_WARRIORS,113.0,95.0
2024-12-31 03:00:00+00:00,Team.PHILADELPHIA_76ERS,Team.PORTLAND_TRAIL_BLAZERS,125.0,103.0
2024-12-31 03:00:00+00:00,Team.DALLAS_MAVERICKS,Team.SACRAMENTO_KINGS,100.0,110.0
2024-12-31 20:00:00+00:00,Team.TORONTO_RAPTORS,Team.BOSTON_CELTICS,71.0,125.0
2024-12-31 20:00:00+00:00,Team.MILWAUKEE_BUCKS,Team.INDIANA_PACERS,120.0,112.0
2025-01-01 00:00:00+00:00,Team.LOS_ANGELES_CLIPPERS,Team.SAN_ANTONIO_SPURS,86.0,122.0
2025-01-01 01:00:00+00:00,Team.MINNESOTA_TIMBERWOLVES,Team.OKLAHOMA_CITY_THUNDER,105.0,113.0
2025-01-01 02:00:00+00:00,Team.CLEVELAND_CAVALIERS,Team.LOS_ANGELES_LAKERS,122.0,110.0
2025-01-01 02:00:00+00:00,Team.MEMPHIS_GRIZZLIES,Team.PHOENIX_SUNS,117.0,112.0
2025-01-02 00:00:00+00:00,Team.ORLANDO_MAGIC,Team.DETROIT_PISTONS,96.0,105.0
2025-01-02 00:00:00+00:00,Team.CHICAGO_BULLS,Team.WASHINGTON_WIZARDS,107.0,125.0
2025-01-02 00:30:00+00:00,Team.NEW_ORLEANS_PELICANS,Team.MIAMI_HEAT,108.0,119.0
2025-01-02 00:30:00+00:00,Team.UTAH_JAZZ,Team.NEW_YORK_KNICKS,103.0,119.0
2025-01-02 00:30:00+00:00,Team.BROOKLYN_NETS,Team.TORONTO_RAPTORS,113.0,130.0
2025-01-02 01:00:00+00:00,Team.DALLAS_MAVERICKS,Team.HOUSTON_ROCKETS,99.0,110.0
2025-01-02 02:00:00+00:00,Team.ATLANTA_HAWKS,Team.DENVER_NUGGETS,120.0,139.0
2025-01-02 03:00:00+00:00,Team.PHILADELPHIA_76ERS,Team.SACRAMENTO_KINGS,107.0,113.0
2025-01-03 00:30:00+00:00,Team.INDIANA_PACERS,Team.MIAMI_HEAT,128.0,115.0
2025-01-03 00:30:00+00:00,Team.BOSTON_CELTICS,Team.MINNESOTA_TIMBERWOLVES,118.0,115.0
2025-01-03 01:00:00+00:00,Team.BROOKLYN_NETS,Team.MILWAUKEE_BUCKS,113.0,110.0
2025-01-03 01:00:00+00:00,Team.LOS_ANGELES_CLIPPERS,Team.OKLAHOMA_CITY_THUNDER,98.0,116.0
2025-01-03 03:00:00+00:00,Team.PHILADELPHIA_76ERS,Team.GOLDEN_STATE_WARRIORS,105.0,139.0
2025-01-03 03:30:00+00:00,Team.PORTLAND_TRAIL_BLAZERS,Team.LOS_ANGELES_LAKERS,106.0,114.0
2025-01-04 00:00:00+00:00,Team.CHARLOTTE_HORNETS,Team.DETROIT_PISTONS,94.0,98.0
2025-01-04 00:30:00+00:00,Team.ORLANDO_MAGIC,Team.TORONTO_RAPTORS,106.0,97.0
2025-01-04 01:00:00+00:00,Team.BOSTON_CELTICS,Team.HOUSTON_ROCKETS,109.0,86.0
2025-01-04 01:00:00+00:00,Team.WASHINGTON_WIZARDS,Team.NEW_ORLEANS_PELICANS,120.0,132.0
2025-01-04 01:00:00+00:00,Team.NEW_YORK_KNICKS,Team.OKLAHOMA_CITY_THUNDER,107.0,117.0
2025-01-04 01:30:00+00:00,Team.CLEVELAND_CAVALIERS,Team.DALLAS_MAVERICKS,134.0,122.0
2025-01-04 02:00:00+00:00,Team.SAN_ANTONIO_SPURS,Team.DENVER_NUGGETS,113.0,110.0
2025-01-04 03:00:00+00:00,Team.MEMPHIS_GRIZZLIES,Team.SACRAMENTO_KINGS,133.0,138.0
2025-01-04 03:30:00+00:00,Team.ATLANTA_HAWKS,Team.LOS_ANGELES_LAKERS,102.0,119.0
2025-01-04 23:00:00+00:00,Team.PHILADELPHIA_76ERS,Team.BROOKLYN_NETS,123.0,94.0
2025-01-05 00:00:00+00:00,Team.MINNESOTA_TIMBERWOLVES,Team.DETROIT_PISTONS,105.0,119.0
2025-01-05 00:00:00+00:00,Team.PHOENIX_SUNS,Team.INDIANA_PACERS,108.0,126.0
2025-01-05 01:00:00+00:00,Team.NEW_YORK_KNICKS,Team.CHICAGO_BULLS,126.0,139.0
2025-01-05 01:00:00+00:00,Team.UTAH_JAZZ,Team.MIAMI_HEAT,136.0,100.0
2025-01-05 01:00:00+00:00,Team.PORTLAND_TRAIL_BLAZERS,Team.MILWAUKEE_BUCKS,105.0,102.0
2025-01-05 01:00:00+00:00,Team.DENVER_NUGGETS,Team.SAN_ANTONIO_SPURS,122.0,111.0
2025-01-05 01:30:00+00:00,Team.MEMPHIS_GRIZZLIES,Team.GOLDEN_STATE_WARRIORS,113.0,121.0
2025-01-05 03:30:00+00:00,Team.ATLANTA_HAWKS,Team.LOS_ANGELES_CLIPPERS,105.0,131.0
2025-01-05 20:30:00+00:00,Team.BOSTON_CELTICS,Team.OKLAHOMA_CITY_THUNDER,92.0,105.0
2025-01-05 23:00:00+00:00,Team.CHARLOTTE_HORNETS,Team.CLEVELAND_CAVALIERS,105.0,115.0
2025-01-05 23:00:00+00:00,Team.NEW_ORLEANS_PELICANS,Team.WASHINGTON_WIZARDS,110.0,98.0
2025-01-05 23:30:00+00:00,Team.UTAH_JAZZ,Team.ORLANDO_MAGIC,105.0,92.0
2025-01-06 00:00:00+00:00,Team.LOS_ANGELES_LAKERS,Team.HOUSTON_ROCKETS,115.0,119.0
2025-01-06 01:30:00+00:00,Team.SACRAMENTO_KINGS,Team.GOLDEN_STATE_WARRIORS,129.0,99.0
2025-01-07 00:00:00+00:00,Team.PORTLAND_TRAIL_BLAZERS,Team.DETROIT_PISTONS,115.0,118.0
2025-01-07 00:00:00+00:00,Team.PHOENIX_SUNS,Team.PHILADELPHIA_76ERS,109.0,99.0
2025-01-07 00:30:00+00:00,Team.INDIANA_PACERS,Team.BROOKLYN_NETS,113.0,99.0
2025-01-07 00:30:00+00:00,Team.ORLANDO_MAGIC,Team.NEW_YORK_KNICKS,103.0,94.0
2025-01-07 00:30:00+00:00,Team.MILWAUKEE_BUCKS,Team.TORONTO_RAPTORS,128.0,104.0
2025-01-07 01:00:00+00:00,Team.SAN_ANTONIO_SPURS,Team.CHICAGO_BULLS,110.0,114.0
2025-01-07 01:00:00+00:00,Team.DALLAS_MAVERICKS,Team.MEMPHIS_GRIZZLIES,104.0,119.0
2025-01-07 01:00:00+00:00,Team.LOS_ANGELES_CLIPPERS,Team.MINNESOTA_TIMBERWOLVES,106.0,108.0
2025-01-07 03:00:00+00:00,Team.MIAMI_HEAT,Team.SACRAMENTO_KINGS,118.0,123.0
2025-01-08 00:00:00+00:00,Team.PHOENIX_SUNS,Team.CHARLOTTE_HORNETS,104.0,115.0
2025-01-08 00:00:00+00:00,Team.HOUSTON_ROCKETS,Team.WASHINGTON_WIZARDS,135.0,112.0
2025-01-08 00:30:00+00:00,Team.LOS_ANGELES_LAKERS,Team.DALLAS_MAVERICKS,97.0,118.0
2025-01-08 01:00:00+00:00,Team.MINNESOTA_TIMBERWOLVES,Team.NEW_ORLEANS_PELICANS,104.0,97.0
2025-01-08 02:00:00+00:00,Team.ATLANTA_HAWKS,Team.UTAH_JAZZ,124.0,121.0
2025-01-08 03:00:00+00:00,Team.BOSTON_CELTICS,Team.DENVER_NUGGETS,118.0,106.0
2025-01-08 03:00:00+00:00,Team.MIAMI_HEAT,Team.GOLDEN_STATE_WARRIORS,114.0,98.0
2025-01-09 00:00:00+00:00,Team.OKLAHOMA_CITY_THUNDER,Team.CLEVELAND_CAVALIERS,122.0,129.0
2025-01-09 00:00:00+00:00,Team.CHICAGO_BULLS,Team.INDIANA_PACERS,113.0,129.0
2025-01-09 00:00:00+00:00,Team.WASHINGTON_WIZARDS,Team.PHILADELPHIA_76ERS,103.0,109.0
2025-01-09 00:30:00+00:00,Team.DETROIT_PISTONS,Team.BROOKLYN_NETS,113.0,98.0
2025-01-09 00:30:00+00:00,Team.TORONTO_RAPTORS,Team.NEW_YORK_KNICKS,98.0,112.0
2025-01-09 01:00:00+00:00,Team.PORTLAND_TRAIL_BLAZERS,Team.NEW_ORLEANS_PELICANS,119.0,100.0
2025-01-09 02:00:00+00:00,Team.LOS_ANGELES_CLIPPERS,Team.DENVER_NUGGETS,103.0,126.0
2025-01-09 02:30:00+00:00,Team.SAN_ANTONIO_SPURS,Team.MILWAUKEE_BUCKS,105.0,121.0
2025-01-10 00:00:00+00:00,Team.TORONTO_RAPTORS,Team.CLEVELAND_CAVALIERS,126.0,132.0
2025-01-10 00:00:00+00:00,Team.GOLDEN_STATE_WARRIORS,Team.DETROIT_PISTONS,107.0,104.0
2025-01-10 00:00:00+00:00,Team.MINNESOTA_TIMBERWOLVES,Team.ORLANDO_MAGIC,104.0,89.0
2025-01-10 00:30:00+00:00,Team.PORTLAND_TRAIL_BLAZERS,Team.DALLAS_MAVERICKS,111.0,117.0
2025-01-10 01:00:00+00:00,Team.HOUSTON_ROCKETS,Team.MEMPHIS_GRIZZLIES,119.0,115.0
2025-01-10 02:00:00+00:00,Team.ATLANTA_HAWKS,Team.PHOENIX_SUNS,115.0,123.0
2025-01-10 02:00:00+00:00,Team.MIAMI_HEAT,Team.UTAH_JAZZ,97.0,92.0
2025-01-11 00:00:00+00:00,Team.GOLDEN_STATE_WARRIORS,Team.INDIANA_PACERS,96.0,108.0
2025-01-11 00:00:00+00:00,Team.MILWAUKEE_BUCKS,Team.ORLANDO_MAGIC,109.0,106.0
2025-01-11 00:00:00+00:00,Team.NEW_ORLEANS_PELICANS,Team.PHILADELPHIA_76ERS,123.0,115.0
2025-01-11 00:30:00+00:00,Team.SACRAMENTO_KINGS,Team.BOSTON_CELTICS,114.0,97.0
2025-01-11 00:30:00+00:00,Team.OKLAHOMA_CITY_THUNDER,Team.NEW_YORK_KNICKS,126.0,101.0
2025-01-11 01:00:00+00:00,Team.WASHINGTON_WIZARDS,Team.CHICAGO_BULLS,105.0,138.0
2025-01-11 02:00:00+00:00,Team.BROOKLYN_NETS,Team.DENVER_NUGGETS,105.0,124.0
2025-01-11 22:00:00+00:00,Team.UTAH_JAZZ,Team.PHOENIX_SUNS,106.0,114.0
2025-01-12 00:00:00+00:00,Team.TORONTO_RAPTORS,Team.DETROIT_PISTONS,114.0,123.0
2025-01-12 01:00:00+00:00,Team.MEMPHIS_GRIZZLIES,Team.MINNESOTA_TIMBERWOLVES,127.0,125.0
2025-01-12 03:00:00+00:00,Team.MIAMI_HEAT,Team.PORTLAND_TRAIL_BLAZERS,119.0,98.0
2025-01-12 20:00:00+00:00,Team.DENVER_NUGGETS,Team.DALLAS_MAVERICKS,112.0,101.0
2025-01-12 20:00:00+00:00,Team.MILWAUKEE_BUCKS,Team.NEW_YORK_KNICKS,106.0,140.0
2025-01-12 20:30:00+00:00,Team.SACRAMENTO_KINGS,Team.CHICAGO_BULLS,124.0,119.0
2025-01-12 23:00:00+00:00,Team.NEW_ORLEANS_PELICANS,Team.BOSTON_CELTICS,119.0,120.0
2025-01-12 23:00:00+00:00,Team.INDIANA_PACERS,Team.CLEVELAND_CAVALIERS,108.0,93.0
2025-01-12 23:00:00+00:00,Team.PHILADELPHIA_76ERS,Team.ORLANDO_MAGIC,99.0,104.0
2025-01-12 23:00:00+00:00,Team.OKLAHOMA_CITY_THUNDER,Team.WASHINGTON_WIZARDS,136.0,95.0
2025-01-13 01:00:00+00:00,Team.BROOKLYN_NETS,Team.UTAH_JAZZ,111.0,112.0
2025-01-13 02:00:00+00:00,Team.CHARLOTTE_HORNETS,Team.PHOENIX_SUNS,113.0,120.0
2025-01-14 00:00:00+00:00,Team.MINNESOTA_TIMBERWOLVES,Team.WASHINGTON_WIZARDS,120.0,106.0
2025-01-14 00:30:00+00:00,Team.DETROIT_PISTONS,Team.NEW_YORK_KNICKS,124.0,119.0
2025-01-14 00:30:00+00:00,Team.GOLDEN_STATE_WARRIORS,Team.TORONTO_RAPTORS,101.0,104.0
2025-01-14 01:00:00+00:00,Team.MEMPHIS_GRIZZLIES,Team.HOUSTON_ROCKETS,118.0,120.0
2025-01-14 03:30:00+00:00,Team.MIAMI_HEAT,Team.LOS_ANGELES_CLIPPERS,98.0,109.0
2025-01-14 03:30:00+00:00,Team.SAN_ANTONIO_SPURS,Team.LOS_ANGELES_LAKERS,126.0,102.0
2025-01-15 00:00:00+00:00,Team.CLEVELAND_CAVALIERS,Team.INDIANA_PACERS,127.0,117.0
2025-01-15 00:00:00+00:00,Team.OKLAHOMA_CITY_THUNDER,Team.PHILADELPHIA_76ERS,118.0,102.0
2025-01-15 00:30:00+00:00,Team.PHOENIX_SUNS,Team.ATLANTA_HAWKS,117.0,122.0
2025-01-15 01:00:00+00:00,Team.NEW_ORLEANS_PELICANS,Team.CHICAGO_BULLS,119.0,113.0
2025-01-15 01:00:00+00:00,Team.SACRAMENTO_KINGS,Team.MILWAUKEE_BUCKS,115.0,130.0
2025-01-15 02:30:00+00:00,Team.DENVER_NUGGETS,Team.DALLAS_MAVERICKS,118.0,99.0
2025-01-15 03:00:00+00:00,Team.BROOKLYN_NETS,Team.PORTLAND_TRAIL_BLAZERS,132.0,114.0
2025-01-16 00:00:00+00:00,Team.NEW_YORK_KNICKS,Team.PHILADELPHIA_76ERS,125.0,119.0
2025-01-16 00:30:00+00:00,Team.BOSTON_CELTICS,Team.TORONTO_RAPTORS,97.0,110.0
2025-01-16 01:00:00+00:00,Team.ATLANTA_HAWKS,Team.CHICAGO_BULLS,110.0,94.0
2025-01-16 01:00:00+00:00,Team.ORLANDO_MAGIC,Team.MILWAUKEE_BUCKS,93.0,122.0
2025-01-16 01:00:00+00:00,Team.DALLAS_MAVERICKS,Team.NEW_ORLEANS_PELICANS,116.0,119.0
2025-01-16 01:00:00+00:00,Team.MEMPHIS_GRIZZLIES,Team.SAN_ANTONIO_SPURS,129.0,115.0
2025-01-16 02:00:00+00:00,Team.HOUSTON_ROCKETS,Team.DENVER_NUGGETS,128.0,108.0
2025-01-16 02:00:00+00:00,Team.CHARLOTTE_HORNETS,Team.UTAH_JAZZ,117.0,112.0
2025-01-16 02:30:00+00:00,Team.GOLDEN_STATE_WARRIORS,Team.MINNESOTA_TIMBERWOLVES,116.0,115.0
2025-01-16 03:00:00+00:00,Team.MIAMI_HEAT,Team.LOS_ANGELES_LAKERS,108.0,117.0
2025-01-16 03:30:00+00:00,Team.BROOKLYN_NETS,Team.LOS_ANGELES_CLIPPERS,67.0,126.0
2025-01-17 00:00:00+00:00,Team.INDIANA_PACERS,Team.DETROIT_PISTONS,111.0,100.0
2025-01-17 00:00:00+00:00,Team.PHOENIX_SUNS,Team.WASHINGTON_WIZARDS,130.0,123.0
2025-01-17 00:30:00+00:00,Team.CLEVELAND_CAVALIERS,Team.OKLAHOMA_CITY_THUNDER,114.0,134.0
2025-01-17 03:00:00+00:00,Team.LOS_ANGELES_CLIPPERS,Team.PORTLAND_TRAIL_BLAZERS,118.0,89.0
2025-01-17 03:00:00+00:00,Team.HOUSTON_ROCKETS,Team.SACRAMENTO_KINGS,127.0,132.0
2025-01-18 00:00:00+00:00,Team.ORLANDO_MAGIC,Team.BOSTON_CELTICS,94.0,121.0
2025-01-18 00:30:00+00:00,Team.MINNESOTA_TIMBERWOLVES,Team.NEW_YORK_KNICKS,116.0,99.0
2025-01-18 01:00:00+00:00,Team.CHARLOTTE_HORNETS,Team.CHICAGO_BULLS,125.0,123.0
2025-01-18 01:00:00+00:00,Team.DENVER_NUGGETS,Team.MIAMI_HEAT,133.0,113.0
2025-01-18 01:00:00+00:00,Team.TORONTO_RAPTORS,Team.MILWAUKEE_BUCKS,112.0,130.0
2025-01-18 01:00:00+00:00,Team.UTAH_JAZZ,Team.NEW_ORLEANS_PELICANS,123.0,136.0
2025-01-18 01:30:00+00:00,Team.OKLAHOMA_CITY_THUNDER,Team.DALLAS_MAVERICKS,98.0,106.0
2025-01-18 02:30:00+00:00,Team.MEMPHIS_GRIZZLIES,Team.SAN_ANTONIO_SPURS,140.0,112.0
2025-01-18 03:30:00+00:00,Team.BROOKLYN_NETS,Team.LOS_ANGELES_LAKERS,101.0,102.0
2025-01-18 21:00:00+00:00,Team.PHOENIX_SUNS,Team.DETROIT_PISTONS,125.0,121.0
2025-01-19 00:00:00+00:00,Team.ATLANTA_HAWKS,Team.BOSTON_CELTICS,119.0,115.0
2025-01-19 00:00:00+00:00,Team.PHILADELPHIA_76ERS,Team.INDIANA_PACERS,102.0,115.0
2025-01-19 01:30:00+00:00,Team.WASHINGTON_WIZARDS,Team.GOLDEN_STATE_WARRIORS,114.0,122.0
2025-01-19 02:00:00+00:00,Team.CLEVELAND_CAVALIERS,Team.MINNESOTA_TIMBERWOLVES,124.0,117.0
2025-01-19 03:00:00+00:00,Team.HOUSTON_ROCKETS,Team.PORTLAND_TRAIL_BLAZERS,125.0,103.0
2025-01-19 20:00:00+00:00,Team.SAN_ANTONIO_SPURS,Team.MIAMI_HEAT,107.0,128.0
2025-01-19 23:00:00+00:00,Team.DENVER_NUGGETS,Team.ORLANDO_MAGIC,113.0,100.0
2025-01-20 00:00:00+00:00,Team.PHILADELPHIA_76ERS,Team.MILWAUKEE_BUCKS,109.0,123.0
2025-01-20 00:00:00+00:00,Team.BROOKLYN_NETS,Team.OKLAHOMA_CITY_THUNDER,101.0,127.0
2025-01-20 02:00:00+00:00,Team.LOS_ANGELES_LAKERS,Team.LOS_ANGELES_CLIPPERS,102.0,116.0
2025-01-20 02:00:00+00:00,Team.CHICAGO_BULLS,Team.PORTLAND_TRAIL_BLAZERS,102.0,113.0
2025-01-20 02:00:00+00:00,Team.WASHINGTON_WIZARDS,Team.SACRAMENTO_KINGS,100.0,123.0
2025-01-20 17:00:00+00:00,Team.DALLAS_MAVERICKS,Team.CHARLOTTE_HORNETS,105.0,110.0
2025-01-20 19:00:00+00:00,Team.DETROIT_PISTONS,Team.HOUSTON_ROCKETS,107.0,96.0
2025-01-20 19:30:00+00:00,Team.MINNESOTA_TIMBERWOLVES,Team.MEMPHIS_GRIZZLIES,106.0,108.0
2025-01-20 20:00:00+00:00,Team.ATLANTA_HAWKS,Team.NEW_YORK_KNICKS,110.0,119.0
2025-01-20 20:30:00+00:00,Team.PHOENIX_SUNS,Team.CLEVELAND_CAVALIERS,92.0,118.0
2025-01-20 22:00:00+00:00,Team.BOSTON_CELTICS,Team.GOLDEN_STATE_WARRIORS,125.0,85.0
2025-01-21 01:00:00+00:00,Team.UTAH_JAZZ,Team.NEW_ORLEANS_PELICANS,119.0,123.0
2025-01-21 03:30:00+00:00,Team.CHICAGO_BULLS,Team.LOS_ANGELES_CLIPPERS,112.0,99.0
2025-01-22 00:30:00+00:00,Team.NEW_YORK_KNICKS,Team.BROOKLYN_NETS,99.0,95.0
2025-01-22 00:30:00+00:00,Team.PORTLAND_TRAIL_BLAZERS,Team.MIAMI_HEAT,116.0,107.0
2025-01-22 00:30:00+00:00,Team.ORLANDO_MAGIC,Team.TORONTO_RAPTORS,93.0,109.0
2025-01-22 03:00:00+00:00,Team.PHILADELPHIA_76ERS,Team.DENVER_NUGGETS,109.0,144.0
2025-01-22 03:30:00+00:00,Team.WASHINGTON_WIZARDS,Team.LOS_ANGELES_LAKERS,88.0,111.0
2025-01-23 00:30:00+00:00,Team.DETROIT_PISTONS,Team.ATLANTA_HAWKS,114.0,104.0
2025-01-23 00:30:00+00:00,Team.PHOENIX_SUNS,Team.BROOKLYN_NETS,108.0,84.0
2025-01-23 00:30:00+00:00,Team.MINNESOTA_TIMBERWOLVES,Team.DALLAS_MAVERICKS,115.0,114.0
2025-01-23 01:00:00+00:00,Team.CLEVELAND_CAVALIERS,Team.HOUSTON_ROCKETS,108.0,109.0
2025-01-23 01:00:00+00:00,Team.CHARLOTTE_HORNETS,Team.MEMPHIS_GRIZZLIES,120.0,132.0
2025-01-23 01:00:00+00:00,Team.UTAH_JAZZ,Team.OKLAHOMA_CITY_THUNDER,114.0,123.0
2025-01-23 03:00:00+00:00,Team.GOLDEN_STATE_WARRIORS,Team.SACRAMENTO_KINGS,117.0,123.0
2025-01-23 03:30:00+00:00,Team.BOSTON_CELTICS,Team.LOS_ANGELES_CLIPPERS,117.0,113.0
2025-01-23 19:00:00+00:00,Team.SAN_ANTONIO_SPURS,Team.INDIANA_PACERS,140.0,110.0
2025-01-24 00:00:00+00:00,Team.PORTLAND_TRAIL_BLAZERS,Team.ORLANDO_MAGIC,101.0,79.0
2025-01-24 00:30:00+00:00,Team.TORONTO_RAPTORS,Team.ATLANTA_HAWKS,122.0,119.0
2025-01-24 01:00:00+00:00,Team.DALLAS_MAVERICKS,Team.OKLAHOMA_CITY_THUNDER,121.0,115.0
2025-01-24 01:30:00+00:00,Team.MIAMI_HEAT,Team.MILWAUKEE_BUCKS,96.0,125.0
2025-01-24 02:00:00+00:00,Team.SACRAMENTO_KINGS,Team.DENVER_NUGGETS,123.0,132.0
2025-01-24 03:00:00+00:00,Team.CHICAGO_BULLS,Team.GOLDEN_STATE_WARRIORS,106.0,131.0
2025-01-24 03:00:00+00:00,Team.BOSTON_CELTICS,Team.LOS_ANGELES_LAKERS,96.0,117.0
2025-01-24 03:30:00+00:00,Team.WASHINGTON_WIZARDS,Team.LOS_ANGELES_CLIPPERS,93.0,110.0
2025-01-25 00:00:00+00:00,Team.PORTLAND_TRAIL_BLAZERS,Team.CHARLOTTE_HORNETS,102.0,97.0
2025-01-25 00:00:00+00:00,Team.CLEVELAND_CAVALIERS,Team.PHILADELPHIA_76ERS,129.0,132.0
2025-01-25 01:00:00+00:00,Team.NEW_ORLEANS_PELICANS,Team.MEMPHIS_GRIZZLIES,126.0,139.0
2025-01-25 17:00:00+00:00,Team.INDIANA_PACERS,Team.SAN_ANTONIO_SPURS,136.0,98.0
2025-01-25 20:00:00+00:00,Team.DENVER_NUGGETS,Team.MINNESOTA_TIMBERWOLVES,104.0,133.0
2025-01-25 22:30:00+00:00,Team.BOSTON_CELTICS,Team.DALLAS_MAVERICKS,122.0,107.0
2025-01-25 23:00:00+00:00,Team.MIAMI_HEAT,Team.BROOKLYN_NETS,106.0,97.0
2025-01-26 00:00:00+00:00,Team.NEW_ORLEANS_PELICANS,Team.CHARLOTTE_HORNETS,92.0,123.0
2025-01-26 00:00:00+00:00,Team.DETROIT_PISTONS,Team.ORLANDO_MAGIC,113.0,121.0
2025-01-26 00:30:00+00:00,Team.TORONTO_RAPTORS,Team.ATLANTA_HAWKS,117.0,94.0
2025-01-26 00:30:00+00:00,Team.HOUSTON_ROCKETS,Team.CLEVELAND_CAVALIERS,135.0,131.0
2025-01-26 00:30:00+00:00,Team.SACRAMENTO_KINGS,Team.NEW_YORK_KNICKS,120.0,143.0
2025-01-26 01:00:00+00:00,Team.PHILADELPHIA_76ERS,Team.CHICAGO_BULLS,109.0,97.0
2025-01-26 01:00:00+00:00,Team.UTAH_JAZZ,Team.MEMPHIS_GRIZZLIES,103.0,125.0
2025-01-26 01:30:00+00:00,Team.LOS_ANGELES_LAKERS,Team.GOLDEN_STATE_WARRIORS,118.0,108.0
2025-01-26 02:00:00+00:00,Team.WASHINGTON_WIZARDS,Team.PHOENIX_SUNS,109.0,119.0
2025-01-26 03:30:00+00:00,Team.MILWAUKEE_BUCKS,Team.LOS_ANGELES_CLIPPERS,117.0,127.0
2025-01-26 23:00:00+00:00,Team.OKLAHOMA_CITY_THUNDER,Team.PORTLAND_TRAIL_BLAZERS,118.0,108.0
2025-01-28 00:00:00+00:00,Team.LOS_ANGELES_LAKERS,Team.CHARLOTTE_HORNETS,112.0,107.0
2025-01-28 00:00:00+00:00,Team.DETROIT_PISTONS,Team.CLEVELAND_CAVALIERS,91.0,110.0
2025-01-28 00:30:00+00:00,Team.HOUSTON_ROCKETS,Team.BOSTON_CELTICS,114.0,112.0
2025-01-28 00:30:00+00:00,Team.SACRAMENTO_KINGS,Team.BROOKLYN_NETS,110.0,96.0
2025-01-28 00:30:00+00:00,Team.ORLANDO_MAGIC,Team.MIAMI_HEAT,119.0,125.0
2025-01-28 00:30:00+00:00,Team.MEMPHIS_GRIZZLIES,Team.NEW_YORK_KNICKS,106.0,143.0
2025-01-28 00:30:00+00:00,Team.NEW_ORLEANS_PELICANS,Team.TORONTO_RAPTORS,104.0,113.0
2025-01-28 01:00:00+00:00,Team.DENVER_NUGGETS,Team.CHICAGO_BULLS,121.0,129.0
2025-01-28 01:00:00+00:00,Team.ATLANTA_HAWKS,Team.MINNESOTA_TIMBERWOLVES,92.0,100.0
2025-01-28 01:30:00+00:00,Team.WASHINGTON_WIZARDS,Team.DALLAS_MAVERICKS,108.0,130.0
2025-01-28 02:00:00+00:00,Team.MILWAUKEE_BUCKS,Team.UTAH_JAZZ,125.0,110.0
2025-01-28 02:30:00+00:00,Team.LOS_ANGELES_CLIPPERS,Team.PHOENIX_SUNS,109.0,111.0
2025-01-29 00:30:00+00:00,Team.HOUSTON_ROCKETS,Team.ATLANTA_HAWKS,100.0,96.0
2025-01-29 00:30:00+00:00,Team.LOS_ANGELES_LAKERS,Team.PHILADELPHIA_76ERS,104.0,118.0
2025-01-29 03:00:00+00:00,Team.UTAH_JAZZ,Team.GOLDEN_STATE_WARRIORS,103.0,114.0
2025-01-29 03:00:00+00:00,Team.MILWAUKEE_BUCKS,Team.PORTLAND_TRAIL_BLAZERS,112.0,125.0
2025-01-30 00:00:00+00:00,Team.BROOKLYN_NETS,Team.CHARLOTTE_HORNETS,104.0,83.0
2025-01-30 00:00:00+00:00,Team.DETROIT_PISTONS,Team.INDIANA_PACERS,119.0,133.0
2025-01-30 00:00:00+00:00,Team.TORONTO_RAPTORS,Team.WASHINGTON_WIZARDS,106.0,82.0
2025-01-30 00:30:00+00:00,Team.CHICAGO_BULLS,Team.BOSTON_CELTICS,100.0,122.0
2025-01-30 00:30:00+00:00,Team.CLEVELAND_CAVALIERS,Team.MIAMI_HEAT,126.0,106.0
2025-01-30 00:30:00+00:00,Team.DENVER_NUGGETS,Team.NEW_YORK_KNICKS,112.0,122.0
2025-01-30 00:30:00+00:00,Team.SACRAMENTO_KINGS,Team.PHILADELPHIA_76ERS,104.0,117.0
2025-01-30 01:00:00+00:00,Team.DALLAS_MAVERICKS,Team.NEW_ORLEANS_PELICANS,137.0,136.0
2025-01-30 01:00:00+00:00,Team.LOS_ANGELES_CLIPPERS,Team.SAN_ANTONIO_SPURS,128.0,116.0
2025-01-30 02:00:00+00:00,Team.MINNESOTA_TIMBERWOLVES,Team.PHOENIX_SUNS,121.0,113.0
2025-01-30 03:00:00+00:00,Team.OKLAHOMA_CITY_THUNDER,Team.GOLDEN_STATE_WARRIORS,109.0,116.0
2025-01-31 00:00:00+00:00,Team.ATLANTA_HAWKS,Team.CLEVELAND_CAVALIERS,115.0,137.0
2025-01-31 00:00:00+00:00,Team.LOS_ANGELES_LAKERS,Team.WASHINGTON_WIZARDS,134.0,96.0
2025-01-31 02:00:00+00:00,Team.MINNESOTA_TIMBERWOLVES,Team.UTAH_JAZZ,138.0,113.0
2025-01-31 02:30:00+00:00,Team.HOUSTON_ROCKETS,Team.MEMPHIS_GRIZZLIES,119.0,120.0
2025-01-31 03:00:00+00:00,Team.ORLANDO_MAGIC,Team.PORTLAND_TRAIL_BLAZERS,90.0,119.0
2025-02-01 00:00:00+00:00,Team.LOS_ANGELES_CLIPPERS,Team.CHARLOTTE_HORNETS,112.0,104.0
2025-02-01 00:00:00+00:00,Team.DALLAS_MAVERICKS,Team.DETROIT_PISTONS,102.0,117.0
2025-02-01 00:30:00+00:00,Team.DENVER_NUGGETS,Team.PHILADELPHIA_76ERS,137.0,134.0
2025-02-01 00:30:00+00:00,Team.CHICAGO_BULLS,Team.TORONTO_RAPTORS,122.0,106.0
2025-02-01 01:00:00+00:00,Team.BOSTON_CELTICS,Team.NEW_ORLEANS_PELICANS,118.0,116.0
2025-02-01 01:00:00+00:00,Team.MILWAUKEE_BUCKS,Team.SAN_ANTONIO_SPURS,118.0,144.0
2025-02-01 03:00:00+00:00,Team.PHOENIX_SUNS,Team.GOLDEN_STATE_WARRIORS,130.0,105.0
2025-02-01 22:00:00+00:00,Team.ATLANTA_HAWKS,Team.INDIANA_PACERS,127.0,132.0
2025-02-01 22:00:00+00:00,Team.ORLANDO_MAGIC,Team.UTAH_JAZZ,99.0,113.0
2025-02-02 00:00:00+00:00,Team.DENVER_NUGGETS,Team.CHARLOTTE_HORNETS,107.0,104.0
2025-02-02 01:00:00+00:00,Team.BROOKLYN_NETS,Team.HOUSTON_ROCKETS,110.0,98.0
2025-02-02 01:00:00+00:00,Team.WASHINGTON_WIZARDS,Team.MINNESOTA_TIMBERWOLVES,105.0,103.0
2025-02-02 01:00:00+00:00,Team.SACRAMENTO_KINGS,Team.OKLAHOMA_CITY_THUNDER,110.0,144.0
2025-02-02 01:30:00+00:00,Team.LOS_ANGELES_LAKERS,Team.NEW_YORK_KNICKS,128.0,112.0
2025-02-02 01:30:00+00:00,Team.MIAMI_HEAT,Team.SAN_ANTONIO_SPURS,105.0,103.0
2025-02-02 03:00:00+00:00,Team.PHOENIX_SUNS,Team.PORTLAND_TRAIL_BLAZERS,108.0,127.0
2025-02-02 20:00:00+00:00,Team.CHICAGO_BULLS,Team.DETROIT_PISTONS,119.0,127.0
2025-02-02 20:30:00+00:00,Team.DALLAS_MAVERICKS,Team.CLEVELAND_CAVALIERS,101.0,144.0
2025-02-02 20:30:00+00:00,Team.LOS_ANGELES_CLIPPERS,Team.TORONTO_RAPTORS,108.0,115.0
2025-02-02 23:00:00+00:00,Team.BOSTON_CELTICS,Team.PHILADELPHIA_76ERS,118.0,110.0
2025-02-03 01:30:00+00:00,Team.MEMPHIS_GRIZZLIES,Team.MILWAUKEE_BUCKS,132.0,119.0
2025-02-04 00:00:00+00:00,Team.WASHINGTON_WIZARDS,Team.CHARLOTTE_HORNETS,124.0,114.0
2025-02-04 00:00:00+00:00,Team.ATLANTA_HAWKS,Team.DETROIT_PISTONS,132.0,130.0
2025-02-04 00:30:00+00:00,Team.HOUSTON_ROCKETS,Team.NEW_YORK_KNICKS,118.0,124.0
2025-02-04 01:00:00+00:00,Team.SAN_ANTONIO_SPURS,Team.MEMPHIS_GRIZZLIES,109.0,128.0
2025-02-04 01:00:00+00:00,Team.SACRAMENTO_KINGS,Team.MINNESOTA_TIMBERWOLVES,116.0,114.0
2025-02-04 01:00:00+00:00,Team.MILWAUKEE_BUCKS,Team.OKLAHOMA_CITY_THUNDER,96.0,125.0
2025-02-04 02:00:00+00:00,Team.NEW_ORLEANS_PELICANS,Team.DENVER_NUGGETS,113.0,125.0
2025-02-04 02:00:00+00:00,Team.INDIANA_PACERS,Team.UTAH_JAZZ,112.0,111.0
2025-02-04 03:00:00+00:00,Team.ORLANDO_MAGIC,Team.GOLDEN_STATE_WARRIORS,99.0,104.0
2025-02-04 03:00:00+00:00,Team.PHOENIX_SUNS,Team.PORTLAND_TRAIL_BLAZERS,119.0,121.0
2025-02-05 00:00:00+00:00,Team.DALLAS_MAVERICKS,Team.PHILADELPHIA_76ERS,116.0,118.0
2025-02-05 00:30:00+00:00,Team.HOUSTON_ROCKETS,Team.BROOKLYN_NETS,97.0,99.0
2025-02-05 00:30:00+00:00,Team.BOSTON_CELTICS,Team.CLEVELAND_CAVALIERS,112.0,105.0
2025-02-05 00:30:00+00:00,Team.NEW_YORK_KNICKS,Team.TORONTO_RAPTORS,121.0,115.0
2025-02-05 01:00:00+00:00,Team.MIAMI_HEAT,Team.CHICAGO_BULLS,124.0,133.0
2025-02-05 03:00:00+00:00,Team.LOS_ANGELES_LAKERS,Team.LOS_ANGELES_CLIPPERS,122.0,97.0
2025-02-05 03:00:00+00:00,Team.INDIANA_PACERS,Team.PORTLAND_TRAIL_BLAZERS,89.0,112.0
2025-02-06 00:00:00+00:00,Team.SAN_ANTONIO_SPURS,Team.ATLANTA_HAWKS,126.0,125.0
2025-02-06 00:00:00+00:00,Team.MILWAUKEE_BUCKS,Team.CHARLOTTE_HORNETS,112.0,102.0
2025-02-06 00:00:00+00:00,Team.CLEVELAND_CAVALIERS,Team.DETROIT_PISTONS,118.0,115.0
2025-02-06 00:30:00+00:00,Team.WASHINGTON_WIZARDS,Team.BROOKLYN_NETS,119.0,102.0
2025-02-06 00:30:00+00:00,Team.MIAMI_HEAT,Team.PHILADELPHIA_76ERS,108.0,101.0
2025-02-06 00:30:00+00:00,Team.MEMPHIS_GRIZZLIES,Team.TORONTO_RAPTORS,138.0,107.0
2025-02-06 01:00:00+00:00,Team.CHICAGO_BULLS,Team.MINNESOTA_TIMBERWOLVES,108.0,127.0
2025-02-06 02:00:00+00:00,Team.NEW_ORLEANS_PELICANS,Team.DENVER_NUGGETS,119.0,144.0
2025-02-06 02:00:00+00:00,Team.GOLDEN_STATE_WARRIORS,Team.UTAH_JAZZ,128.0,131.0
2025-02-06 02:30:00+00:00,Team.PHOENIX_SUNS,Team.OKLAHOMA_CITY_THUNDER,109.0,140.0
2025-02-06 03:00:00+00:00,Team.ORLANDO_MAGIC,Team.SACRAMENTO_KINGS,130.0,111.0
2025-02-07 00:30:00+00:00,Team.DALLAS_MAVERICKS,Team.BOSTON_CELTICS,127.0,120.0
2025-02-07 01:00:00+00:00,Team.HOUSTON_ROCKETS,Team.MINNESOTA_TIMBERWOLVES,114.0,127.0
2025-02-07 02:00:00+00:00,Team.ORLANDO_MAGIC,Team.DENVER_NUGGETS,90.0,112.0
2025-02-07 03:00:00+00:00,Team.GOLDEN_STATE_WARRIORS,Team.LOS_ANGELES_LAKERS,112.0,120.0
2025-02-07 03:00:00+00:00,Team.SACRAMENTO_KINGS,Team.PORTLAND_TRAIL_BLAZERS,102.0,108.0
2025-02-07 03:30:00+00:00,Team.INDIANA_PACERS,Team.LOS_ANGELES_CLIPPERS,119.0,112.0
2025-02-08 00:00:00+00:00,Team.SAN_ANTONIO_SPURS,Team.CHARLOTTE_HORNETS,116.0,117.0
2025-02-08 00:00:00+00:00,Team.CLEVELAND_CAVALIERS,Team.WASHINGTON_WIZARDS,134.0,124.0
2025-02-08 00:30:00+00:00,Team.MILWAUKEE_BUCKS,Team.ATLANTA_HAWKS,110.0,115.0
2025-02-08 00:30:00+00:00,Team.MIAMI_HEAT,Team.BROOKLYN_NETS,86.0,102.0
2025-02-08 00:30:00+00:00,Team.PHILADELPHIA_76ERS,Team.DETROIT_PISTONS,112.0,125.0
2025-02-08 01:00:00+00:00,Team.TORONTO_RAPTORS,Team.OKLAHOMA_CITY_THUNDER,109.0,121.0
2025-02-08 03:00:00+00:00,Team.UTAH_JAZZ,Team.PHOENIX_SUNS,127.0,135.0
2025-02-08 20:00:00+00:00,Team.HOUSTON_ROCKETS,Team.DALLAS_MAVERICKS,105.0,116.0
2025-02-08 21:00:00+00:00,Team.INDIANA_PACERS,Team.LOS_ANGELES_LAKERS,117.0,124.0
2025-02-09 00:00:00+00:00,Team.SAN_ANTONIO_SPURS,Team.ORLANDO_MAGIC,111.0,112.0
2025-02-09 00:00:00+00:00,Team.ATLANTA_HAWKS,Team.WASHINGTON_WIZARDS,125.0,111.0
2025-02-09 01:00:00+00:00,Team.GOLDEN_STATE_WARRIORS,Team.CHICAGO_BULLS,132.0,111.0
2025-02-09 01:00:00+00:00,Team.OKLAHOMA_CITY_THUNDER,Team.MEMPHIS_GRIZZLIES,125.0,112.0
2025-02-09 01:00:00+00:00,Team.PORTLAND_TRAIL_BLAZERS,Team.MINNESOTA_TIMBERWOLVES,98.0,114.0
2025-02-09 01:30:00+00:00,Team.BOSTON_CELTICS,Team.NEW_YORK_KNICKS,131.0,104.0
2025-02-09 02:00:00+00:00,Team.DENVER_NUGGETS,Team.PHOENIX_SUNS,122.0,105.0
2025-02-09 03:00:00+00:00,Team.NEW_ORLEANS_PELICANS,Team.SACRAMENTO_KINGS,118.0,123.0
2025-02-09 03:30:00+00:00,Team.UTAH_JAZZ,Team.LOS_ANGELES_CLIPPERS,110.0,130.0
2025-02-09 18:00:00+00:00,Team.CHARLOTTE_HORNETS,Team.DETROIT_PISTONS,102.0,112.0
2025-02-09 19:00:00+00:00,Team.TORONTO_RAPTORS,Team.HOUSTON_ROCKETS,87.0,94.0
2025-02-09 19:00:00+00:00,Team.PHILADELPHIA_76ERS,Team.MILWAUKEE_BUCKS,127.0,135.0
2025-02-11 00:00:00+00:00,Team.MINNESOTA_TIMBERWOLVES,Team.CLEVELAND_CAVALIERS,107.0,128.0
2025-02-11 00:00:00+00:00,Team.ATLANTA_HAWKS,Team.ORLANDO_MAGIC,112.0,106.0
2025-02-11 00:00:00+00:00,Team.SAN_ANTONIO_SPURS,Team.WASHINGTON_WIZARDS,131.0,121.0
2025-02-11 00:30:00+00:00,Team.CHARLOTTE_HORNETS,Team.BROOKLYN_NETS,89.0,97.0
2025-02-11 00:30:00+00:00,Team.BOSTON_CELTICS,Team.MIAMI_HEAT,103.0,85.0
2025-02-11 01:00:00+00:00,Team.GOLDEN_STATE_WARRIORS,Team.MILWAUKEE_BUCKS,125.0,111.0
2025-02-11 01:00:00+00:00,Team.NEW_ORLEANS_PELICANS,Team.OKLAHOMA_CITY_THUNDER,101.0,137.0
2025-02-11 01:30:00+00:00,Team.SACRAMENTO_KINGS,Team.DALLAS_MAVERICKS,129.0,128.0
2025-02-11 02:00:00+00:00,Team.PORTLAND_TRAIL_BLAZERS,Team.DENVER_NUGGETS,117.0,146.0
2025-02-11 03:30:00+00:00,Team.UTAH_JAZZ,Team.LOS_ANGELES_LAKERS,113.0,132.0
2025-02-12 00:00:00+00:00,Team.TORONTO_RAPTORS,Team.PHILADELPHIA_76ERS,106.0,103.0
2025-02-12 00:30:00+00:00,Team.NEW_YORK_KNICKS,Team.INDIANA_PACERS,128.0,115.0
2025-02-12 01:00:00+00:00,Team.DETROIT_PISTONS,Team.CHICAGO_BULLS,132.0,92.0
2025-02-12 03:00:00+00:00,Team.MEMPHIS_GRIZZLIES,Team.PHOENIX_SUNS,119.0,112.0
2025-02-13 00:00:00+00:00,Team.SAN_ANTONIO_SPURS,Team.BOSTON_CELTICS,103.0,116.0
2025-02-13 00:00:00+00:00,Team.CHARLOTTE_HORNETS,Team.ORLANDO_MAGIC,86.0,102.0
2025-02-13 00:00:00+00:00,Team.INDIANA_PACERS,Team.WASHINGTON_WIZARDS,134.0,130.0
2025-02-13 00:30:00+00:00,Team.PHILADELPHIA_76ERS,Team.BROOKLYN_NETS,96.0,100.0
2025-02-13 00:30:00+00:00,Team.ATLANTA_HAWKS,Team.NEW_YORK_KNICKS,148.0,149.0
2025-02-13 00:30:00+00:00,Team.CLEVELAND_CAVALIERS,Team.TORONTO_RAPTORS,131.0,108.0
2025-02-13 01:00:00+00:00,Team.DETROIT_PISTONS,Team.CHICAGO_BULLS,128.0,110.0
2025-02-13 01:00:00+00:00,Team.MILWAUKEE_BUCKS,Team.MINNESOTA_TIMBERWOLVES,103.0,101.0
2025-02-13 01:00:00+00:00,Team.SACRAMENTO_KINGS,Team.NEW_ORLEANS_PELICANS,119.0,111.0
2025-02-13 01:00:00+00:00,Team.MIAMI_HEAT,Team.OKLAHOMA_CITY_THUNDER,101.0,115.0
2025-02-13 01:30:00+00:00,Team.PHOENIX_SUNS,Team.HOUSTON_ROCKETS,111.0,119.0
2025-02-13 02:00:00+00:00,Team.PORTLAND_TRAIL_BLAZERS,Team.DENVER_NUGGETS,121.0,132.0
2025-02-13 02:00:00+00:00,Team.LOS_ANGELES_LAKERS,Team.UTAH_JAZZ,119.0,131.0
2025-02-13 02:30:00+00:00,Team.GOLDEN_STATE_WARRIORS,Team.DALLAS_MAVERICKS,107.0,111.0
2025-02-13 03:30:00+00:00,Team.MEMPHIS_GRIZZLIES,Team.LOS_ANGELES_CLIPPERS,114.0,128.0
2025-02-14 01:00:00+00:00,Team.GOLDEN_STATE_WARRIORS,Team.HOUSTON_ROCKETS,105.0,98.0
2025-02-14 01:00:00+00:00,Team.SACRAMENTO_KINGS,Team.NEW_ORLEANS_PELICANS,133.0,140.0
2025-02-14 01:30:00+00:00,Team.MIAMI_HEAT,Team.DALLAS_MAVERICKS,113.0,118.0
2025-02-14 01:30:00+00:00,Team.OKLAHOMA_CITY_THUNDER,Team.MINNESOTA_TIMBERWOLVES,101.0,116.0
2025-02-14 02:00:00+00:00,Team.LOS_ANGELES_CLIPPERS,Team.UTAH_JAZZ,120.0,116.0
2025-02-20 03:00:00+00:00,Team.CHARLOTTE_HORNETS,Team.LOS_ANGELES_LAKERS,100.0,97.0
2025-02-21 00:00:00+00:00,Team.MEMPHIS_GRIZZLIES,Team.INDIANA_PACERS,113.0,127.0
2025-02-21 00:00:00+00:00,Team.BOSTON_CELTICS,Team.PHILADELPHIA_76ERS,124.0,104.0
2025-02-21 00:30:00+00:00,Team.ORLANDO_MAGIC,Team.ATLANTA_HAWKS,114.0,108.0
2025-02-21 00:30:00+00:00,Team.CLEVELAND_CAVALIERS,Team.BROOKLYN_NETS,110.0,97.0
2025-02-21 00:30:00+00:00,Team.CHICAGO_BULLS,Team.NEW_YORK_KNICKS,111.0,113.0
2025-02-21 01:00:00+00:00,Team.LOS_ANGELES_CLIPPERS,Team.MILWAUKEE_BUCKS,110.0,116.0
2025-02-21 02:00:00+00:00,Team.CHARLOTTE_HORNETS,Team.DENVER_NUGGETS,115.0,129.0
2025-02-21 02:30:00+00:00,Team.PHOENIX_SUNS,Team.SAN_ANTONIO_SPURS,109.0,120.0
2025-02-21 03:00:00+00:00,Team.LOS_ANGELES_LAKERS,Team.PORTLAND_TRAIL_BLAZERS,110.0,102.0
2025-02-22 00:00:00+00:00,Team.NEW_YORK_KNICKS,Team.CLEVELAND_CAVALIERS,105.0,142.0
2025-02-22 00:00:00+00:00,Team.MEMPHIS_GRIZZLIES,Team.ORLANDO_MAGIC,105.0,104.0
2025-02-22 00:00:00+00:00,Team.MILWAUKEE_BUCKS,Team.WASHINGTON_WIZARDS,104.0,101.0
2025-02-22 00:30:00+00:00,Team.MIAMI_HEAT,Team.TORONTO_RAPTORS,120.0,111.0
2025-02-22 01:30:00+00:00,Team.NEW_ORLEANS_PELICANS,Team.DALLAS_MAVERICKS,103.0,111.0
2025-02-22 01:30:00+00:00,Team.DETROIT_PISTONS,Team.SAN_ANTONIO_SPURS,125.0,110.0
2025-02-22 02:30:00+00:00,Team.MINNESOTA_TIMBERWOLVES,Team.HOUSTON_ROCKETS,115.0,121.0
2025-02-22 02:30:00+00:00,Team.OKLAHOMA_CITY_THUNDER,Team.UTAH_JAZZ,130.0,107.0
2025-02-22 03:00:00+00:00,Team.GOLDEN_STATE_WARRIORS,Team.SACRAMENTO_KINGS,132.0,108.0
2025-02-22 22:00:00+00:00,Team.PHOENIX_SUNS,Team.CHICAGO_BULLS,121.0,117.0
2025-02-23 00:30:00+00:00,Team.BROOKLYN_NETS,Team.PHILADELPHIA_76ERS,105.0,103.0
2025-02-23 01:30:00+00:00,Team.LOS_ANGELES_LAKERS,Team.DENVER_NUGGETS,123.0,100.0
2025-02-23 02:30:00+00:00,Team.HOUSTON_ROCKETS,Team.UTAH_JAZZ,115.0,124.0
2025-02-23 03:00:00+00:00,Team.CHARLOTTE_HORNETS,Team.PORTLAND_TRAIL_BLAZERS,88.0,141.0
2025-02-23 18:00:00+00:00,Team.NEW_YORK_KNICKS,Team.BOSTON_CELTICS,105.0,118.0
2025-02-23 20:30:00+00:00,Team.DALLAS_MAVERICKS,Team.GOLDEN_STATE_WARRIORS,102.0,126.0
2025-02-23 22:00:00+00:00,Team.LOS_ANGELES_CLIPPERS,Team.INDIANA_PACERS,111.0,129.0
2025-02-23 23:00:00+00:00,Team.DETROIT_PISTONS,Team.ATLANTA_HAWKS,148.0,143.0
2025-02-23 23:00:00+00:00,Team.MIAMI_HEAT,Team.MILWAUKEE_BUCKS,113.0,120.0
2025-02-23 23:00:00+00:00,Team.WASHINGTON_WIZARDS,Team.ORLANDO_MAGIC,90.0,110.0
2025-02-23 23:00:00+00:00,Team.PHOENIX_SUNS,Team.TORONTO_RAPTORS,109.0,127.0
2025-02-24 00:00:00+00:00,Team.MEMPHIS_GRIZZLIES,Team.CLEVELAND_CAVALIERS,123.0,129.0
2025-02-24 00:00:00+00:00,Team.SAN_ANTONIO_SPURS,Team.NEW_ORLEANS_PELICANS,96.0,114.0
2025-02-24 02:30:00+00:00,Team.OKLAHOMA_CITY_THUNDER,Team.MINNESOTA_TIMBERWOLVES,130.0,123.0
2025-02-25 00:00:00+00:00,Team.LOS_ANGELES_CLIPPERS,Team.DETROIT_PISTONS,97.0,106.0
2025-02-25 00:00:00+00:00,Team.DENVER_NUGGETS,Team.INDIANA_PACERS,125.0,116.0
2025-02-25 00:00:00+00:00,Team.CHICAGO_BULLS,Team.PHILADELPHIA_76ERS,142.0,110.0
2025-02-25 00:00:00+00:00,Team.BROOKLYN_NETS,Team.WASHINGTON_WIZARDS,99.0,107.0
2025-02-25 00:30:00+00:00,Team.MIAMI_HEAT,Team.ATLANTA_HAWKS,86.0,98.0
2025-02-25 01:00:00+00:00,Team.MINNESOTA_TIMBERWOLVES,Team.OKLAHOMA_CITY_THUNDER,131.0,128.0
2025-02-25 02:00:00+00:00,Team.PORTLAND_TRAIL_BLAZERS,Team.UTAH_JAZZ,114.0,112.0
2025-02-25 03:00:00+00:00,Team.CHARLOTTE_HORNETS,Team.SACRAMENTO_KINGS,88.0,130.0
