TEAM,OPPONENT,TEAM_HOME,games_played,wins,total_points_scored,total_points_allowed,avg_points_scored,avg_points_allowed
ATLANTA_HAWKS,BOSTON_CELTICS,0,2,2,236.0,231.0,118.0,115.5
ATLANTA_HAWKS,BOSTON_CELTICS,1,1,0,93.0,123.0,93.0,123.0
ATLANTA_HAWKS,BROOKLYN_NETS,1,1,1,120.0,116.0,120.0,116.0
ATLANTA_HAWKS,CHARLOTTE_HORNETS,0,1,1,107.0,104.0,107.0,104.0
ATLANTA_HAWKS,CHARLOTTE_HORNETS,1,1,1,125.0,120.0,125.0,120.0
ATLANTA_HAWKS,CHICAGO_BULLS,0,2,1,232.0,230.0,116.0,115.0
ATLANTA_HAWKS,CHICAGO_BULLS,1,2,1,254.0,258.0,127.0,129.0
ATLANTA_HAWKS,CLEVELAND_CAVALIERS,0,2,1,250.0,261.0,125.0,130.5
ATLANTA_HAWKS,CLEVELAND_CAVALIERS,1,1,1,117.0,101.0,117.0,101.0
ATLANTA_HAWKS,DALLAS_MAVERICKS,1,1,0,119.0,129.0,119.0,129.0
ATLANTA_HAWKS,DENVER_NUGGETS,0,1,0,120.0,139.0,120.0,139.0
ATLANTA_HAWKS,DENVER_NUGGETS,1,1,0,111.0,141.0,111.0,141.0
ATLANTA_HAWKS,DETROIT_PISTONS,0,2,1,253.0,252.0,126.5,126.0
ATLANTA_HAWKS,DETROIT_PISTONS,1,2,0,247.0,262.0,123.5,131.0
ATLANTA_HAWKS,GOLDEN_STATE_WARRIORS,0,1,0,97.0,120.0,97.0,120.0
ATLANTA_HAWKS,HOUSTON_ROCKETS,1,1,0,96.0,100.0,96.0,100.0
ATLANTA_HAWKS,INDIANA_PACERS,0,1,0,127.0,132.0,127.0,132.0
ATLANTA_HAWKS,LOS_ANGELES_CLIPPERS,0,1,0,105.0,131.0,105.0,131.0
ATLANTA_HAWKS,LOS_ANGELES_LAKERS,0,1,0,102.0,119.0,102.0,119.0
ATLANTA_HAWKS,LOS_ANGELES_LAKERS,1,1,1,134.0,132.0,134.0,132.0
ATLANTA_HAWKS,MEMPHIS_GRIZZLIES,1,1,0,112.0,128.0,112.0,128.0
ATLANTA_HAWKS,MIAMI_HEAT,1,2,2,218.0,196.0,109.0,98.0
ATLANTA_HAWKS,MILWAUKEE_BUCKS,0,2,1,221.0,214.0,110.5,107.0
ATLANTA_HAWKS,MILWAUKEE_BUCKS,1,1,1,115.0,110.0,115.0,110.0
ATLANTA_HAWKS,MINNESOTA_TIMBERWOLVES,0,1,0,92.0,100.0,92.0,100.0
ATLANTA_HAWKS,MINNESOTA_TIMBERWOLVES,1,1,1,117.0,104.0,117.0,104.0
ATLANTA_HAWKS,NEW_ORLEANS_PELICANS,0,1,1,126.0,111.0,126.0,111.0
ATLANTA_HAWKS,NEW_ORLEANS_PELICANS,1,1,1,124.0,112.0,124.0,112.0
ATLANTA_HAWKS,NEW_YORK_KNICKS,0,3,1,366.0,368.0,122.0,122.66666666666667
ATLANTA_HAWKS,NEW_YORK_KNICKS,1,1,1,121.0,116.0,121.0,116.0
ATLANTA_HAWKS,OKLAHOMA_CITY_THUNDER,0,1,0,104.0,128.0,104.0,128.0
ATLANTA_HAWKS,ORLANDO_MAGIC,0,1,1,112.0,106.0,112.0,106.0
ATLANTA_HAWKS,ORLANDO_MAGIC,1,1,0,108.0,114.0,108.0,114.0
ATLANTA_HAWKS,PHOENIX_SUNS,0,1,0,115.0,123.0,115.0,123.0
ATLANTA_HAWKS,PHOENIX_SUNS,1,1,1,122.0,117.0,122.0,117.0
ATLANTA_HAWKS,PORTLAND_TRAIL_BLAZERS,0,1,0,110.0,114.0,110.0,114.0
ATLANTA_HAWKS,SACRAMENTO_KINGS,0,1,1,109.0,108.0,109.0,108.0
ATLANTA_HAWKS,SACRAMENTO_KINGS,1,1,0,115.0,123.0,115.0,123.0
ATLANTA_HAWKS,SAN_ANTONIO_SPURS,0,1,0,126.0,133.0,126.0,133.0
ATLANTA_HAWKS,SAN_ANTONIO_SPURS,1,1,0,125.0,126.0,125.0,126.0
ATLANTA_HAWKS,TORONTO_RAPTORS,0,1,1,136.0,107.0,136.0,107.0
ATLANTA_HAWKS,TORONTO_RAPTORS,1,2,0,213.0,239.0,106.5,119.5
ATLANTA_HAWKS,UTAH_JAZZ,0,1,1,124.0,121.0,124.0,121.0
ATLANTA_HAWKS,WASHINGTON_WIZARDS,0,2,1,245.0,244.0,122.5,122.0
ATLANTA_HAWKS,WASHINGTON_WIZARDS,1,2,1,248.0,238.0,124.0,119.0
BOSTON_CELTICS,ATLANTA_HAWKS,0,1,1,123.0,93.0,123.0,93.0
BOSTON_CELTICS,ATLANTA_HAWKS,1,2,0,231.0,236.0,115.5,118.0
BOSTON_CELTICS,BROOKLYN_NETS,0,1,1,139.0,114.0,139.0,114.0
BOSTON_CELTICS,BROOKLYN_NETS,1,1,1,108.0,104.0,108.0,104.0
BOSTON_CELTICS,CHARLOTTE_HORNETS,0,2,2,237.0,212.0,118.5,106.0
BOSTON_CELTICS,CHICAGO_BULLS,0,2,2,261.0,227.0,130.5,113.5
BOSTON_CELTICS,CHICAGO_BULLS,1,2,1,230.0,217.0,115.0,108.5
BOSTON_CELTICS,CLEVELAND_CAVALIERS,0,2,1,223.0,220.0,111.5,110.0
BOSTON_CELTICS,CLEVELAND_CAVALIERS,1,1,1,120.0,117.0,120.0,117.0
BOSTON_CELTICS,DALLAS_MAVERICKS,0,1,1,122.0,107.0,122.0,107.0
BOSTON_CELTICS,DALLAS_MAVERICKS,1,1,0,120.0,127.0,120.0,127.0
BOSTON_CELTICS,DENVER_NUGGETS,0,1,1,118.0,106.0,118.0,106.0
BOSTON_CELTICS,DETROIT_PISTONS,0,1,1,124.0,118.0,124.0,118.0
BOSTON_CELTICS,DETROIT_PISTONS,1,2,2,253.0,219.0,126.5,109.5
BOSTON_CELTICS,GOLDEN_STATE_WARRIORS,0,1,1,125.0,85.0,125.0,85.0
BOSTON_CELTICS,GOLDEN_STATE_WARRIORS,1,1,0,112.0,118.0,112.0,118.0
BOSTON_CELTICS,HOUSTON_ROCKETS,0,1,1,109.0,86.0,109.0,86.0
BOSTON_CELTICS,HOUSTON_ROCKETS,1,1,0,112.0,114.0,112.0,114.0
BOSTON_CELTICS,INDIANA_PACERS,0,1,0,132.0,135.0,132.0,135.0
BOSTON_CELTICS,INDIANA_PACERS,1,2,1,256.0,228.0,128.0,114.0
BOSTON_CELTICS,LOS_ANGELES_CLIPPERS,0,1,1,117.0,113.0,117.0,113.0
BOSTON_CELTICS,LOS_ANGELES_CLIPPERS,1,1,1,126.0,94.0,126.0,94.0
BOSTON_CELTICS,LOS_ANGELES_LAKERS,0,1,0,96.0,117.0,96.0,117.0
BOSTON_CELTICS,MEMPHIS_GRIZZLIES,1,1,0,121.0,127.0,121.0,127.0
BOSTON_CELTICS,MIAMI_HEAT,0,1,1,103.0,85.0,103.0,85.0
BOSTON_CELTICS,MIAMI_HEAT,1,1,1,108.0,89.0,108.0,89.0
BOSTON_CELTICS,MILWAUKEE_BUCKS,0,1,1,113.0,107.0,113.0,107.0
BOSTON_CELTICS,MILWAUKEE_BUCKS,1,2,2,230.0,213.0,115.0,106.5
BOSTON_CELTICS,MINNESOTA_TIMBERWOLVES,0,1,1,118.0,115.0,118.0,115.0
BOSTON_CELTICS,MINNESOTA_TIMBERWOLVES,1,1,1,107.0,105.0,107.0,105.0
BOSTON_CELTICS,NEW_ORLEANS_PELICANS,0,1,1,118.0,116.0,118.0,116.0
BOSTON_CELTICS,NEW_ORLEANS_PELICANS,1,1,1,120.0,119.0,120.0,119.0
BOSTON_CELTICS,NEW_YORK_KNICKS,0,1,1,131.0,104.0,131.0,104.0
BOSTON_CELTICS,NEW_YORK_KNICKS,1,2,2,250.0,214.0,125.0,107.0
BOSTON_CELTICS,OKLAHOMA_CITY_THUNDER,0,1,0,92.0,105.0,92.0,105.0
BOSTON_CELTICS,ORLANDO_MAGIC,0,1,0,104.0,108.0,104.0,108.0
BOSTON_CELTICS,ORLANDO_MAGIC,1,1,1,121.0,94.0,121.0,94.0
BOSTON_CELTICS,PHILADELPHIA_76ERS,0,2,2,242.0,214.0,121.0,107.0
BOSTON_CELTICS,PHILADELPHIA_76ERS,1,1,0,114.0,118.0,114.0,118.0
BOSTON_CELTICS,SACRAMENTO_KINGS,1,1,0,97.0,114.0,97.0,114.0
BOSTON_CELTICS,SAN_ANTONIO_SPURS,1,1,1,116.0,103.0,116.0,103.0
BOSTON_CELTICS,TORONTO_RAPTORS,0,1,0,97.0,110.0,97.0,110.0
BOSTON_CELTICS,TORONTO_RAPTORS,1,2,2,251.0,194.0,125.5,97.0
BOSTON_CELTICS,WASHINGTON_WIZARDS,0,3,3,342.0,296.0,114.0,98.66666666666667
BROOKLYN_NETS,ATLANTA_HAWKS,0,1,0,116.0,120.0,116.0,120.0
BROOKLYN_NETS,BOSTON_CELTICS,0,1,0,104.0,108.0,104.0,108.0
BROOKLYN_NETS,BOSTON_CELTICS,1,1,0,114.0,139.0,114.0,139.0
BROOKLYN_NETS,CHARLOTTE_HORNETS,0,1,1,104.0,83.0,104.0,83.0
BROOKLYN_NETS,CHARLOTTE_HORNETS,1,2,2,213.0,204.0,106.5,102.0
BROOKLYN_NETS,CHICAGO_BULLS,0,1,0,102.0,128.0,102.0,128.0
BROOKLYN_NETS,CHICAGO_BULLS,1,1,1,120.0,112.0,120.0,112.0
BROOKLYN_NETS,CLEVELAND_CAVALIERS,0,1,0,100.0,105.0,100.0,105.0
BROOKLYN_NETS,CLEVELAND_CAVALIERS,1,2,0,198.0,240.0,99.0,120.0
BROOKLYN_NETS,DENVER_NUGGETS,0,1,0,105.0,124.0,105.0,124.0
BROOKLYN_NETS,DENVER_NUGGETS,1,1,0,139.0,144.0,139.0,144.0
BROOKLYN_NETS,DETROIT_PISTONS,1,2,0,190.0,219.0,95.0,109.5
BROOKLYN_NETS,GOLDEN_STATE_WARRIORS,0,1,1,128.0,120.0,128.0,120.0
BROOKLYN_NETS,HOUSTON_ROCKETS,0,1,1,110.0,98.0,110.0,98.0
BROOKLYN_NETS,HOUSTON_ROCKETS,1,1,1,99.0,97.0,99.0,97.0
BROOKLYN_NETS,INDIANA_PACERS,1,2,1,198.0,203.0,99.0,101.5
BROOKLYN_NETS,LOS_ANGELES_CLIPPERS,0,1,0,67.0,126.0,67.0,126.0
BROOKLYN_NETS,LOS_ANGELES_LAKERS,0,1,0,101.0,102.0,101.0,102.0
BROOKLYN_NETS,MEMPHIS_GRIZZLIES,0,2,1,238.0,241.0,119.0,120.5
BROOKLYN_NETS,MEMPHIS_GRIZZLIES,1,1,1,106.0,104.0,106.0,104.0
BROOKLYN_NETS,MIAMI_HEAT,0,1,0,95.0,110.0,95.0,110.0
BROOKLYN_NETS,MIAMI_HEAT,1,2,1,199.0,192.0,99.5,96.0
BROOKLYN_NETS,MILWAUKEE_BUCKS,0,2,2,224.0,215.0,112.0,107.5
BROOKLYN_NETS,MILWAUKEE_BUCKS,1,2,1,228.0,220.0,114.0,110.0
BROOKLYN_NETS,NEW_ORLEANS_PELICANS,0,1,1,107.0,105.0,107.0,105.0
BROOKLYN_NETS,NEW_YORK_KNICKS,0,2,0,226.0,238.0,113.0,119.0
BROOKLYN_NETS,NEW_YORK_KNICKS,1,1,0,95.0,99.0,95.0,99.0
BROOKLYN_NETS,OKLAHOMA_CITY_THUNDER,0,1,0,101.0,127.0,101.0,127.0
BROOKLYN_NETS,ORLANDO_MAGIC,0,2,0,202.0,218.0,101.0,109.0
BROOKLYN_NETS,ORLANDO_MAGIC,1,2,0,192.0,223.0,96.0,111.5
BROOKLYN_NETS,PHILADELPHIA_76ERS,0,2,1,203.0,216.0,101.5,108.0
BROOKLYN_NETS,PHILADELPHIA_76ERS,1,2,1,194.0,219.0,97.0,109.5
BROOKLYN_NETS,PHOENIX_SUNS,0,1,1,127.0,117.0,127.0,117.0
BROOKLYN_NETS,PHOENIX_SUNS,1,1,0,84.0,108.0,84.0,108.0
BROOKLYN_NETS,PORTLAND_TRAIL_BLAZERS,0,1,1,132.0,114.0,132.0,114.0
BROOKLYN_NETS,SACRAMENTO_KINGS,0,1,1,108.0,103.0,108.0,103.0
BROOKLYN_NETS,SACRAMENTO_KINGS,1,1,0,96.0,110.0,96.0,110.0
BROOKLYN_NETS,SAN_ANTONIO_SPURS,1,1,0,87.0,96.0,87.0,96.0
BROOKLYN_NETS,TORONTO_RAPTORS,0,2,1,214.0,224.0,107.0,112.0
BROOKLYN_NETS,UTAH_JAZZ,0,1,0,111.0,112.0,111.0,112.0
BROOKLYN_NETS,UTAH_JAZZ,1,1,0,94.0,105.0,94.0,105.0
BROOKLYN_NETS,WASHINGTON_WIZARDS,0,1,0,99.0,107.0,99.0,107.0
BROOKLYN_NETS,WASHINGTON_WIZARDS,1,1,0,102.0,119.0,102.0,119.0
CHARLOTTE_HORNETS,ATLANTA_HAWKS,0,1,0,120.0,125.0,120.0,125.0
CHARLOTTE_HORNETS,ATLANTA_HAWKS,1,1,0,104.0,107.0,104.0,107.0
CHARLOTTE_HORNETS,BOSTON_CELTICS,1,2,0,212.0,237.0,106.0,118.5
CHARLOTTE_HORNETS,BROOKLYN_NETS,0,2,0,204.0,213.0,102.0,106.5
CHARLOTTE_HORNETS,BROOKLYN_NETS,1,1,0,83.0,104.0,83.0,104.0
CHARLOTTE_HORNETS,CHICAGO_BULLS,0,2,1,220.0,232.0,110.0,116.0
CHARLOTTE_HORNETS,CHICAGO_BULLS,1,1,0,108.0,115.0,108.0,115.0
CHARLOTTE_HORNETS,CLEVELAND_CAVALIERS,0,2,0,219.0,243.0,109.5,121.5
CHARLOTTE_HORNETS,CLEVELAND_CAVALIERS,1,1,0,102.0,116.0,102.0,116.0
CHARLOTTE_HORNETS,DALLAS_MAVERICKS,1,1,1,110.0,105.0,110.0,105.0
CHARLOTTE_HORNETS,DENVER_NUGGETS,0,1,0,115.0,129.0,115.0,129.0
CHARLOTTE_HORNETS,DENVER_NUGGETS,1,1,0,104.0,107.0,104.0,107.0
CHARLOTTE_HORNETS,DETROIT_PISTONS,0,2,0,196.0,210.0,98.0,105.0
CHARLOTTE_HORNETS,DETROIT_PISTONS,1,2,2,231.0,228.0,115.5,114.0
CHARLOTTE_HORNETS,HOUSTON_ROCKETS,0,1,1,110.0,105.0,110.0,105.0
CHARLOTTE_HORNETS,HOUSTON_ROCKETS,1,1,0,101.0,114.0,101.0,114.0
CHARLOTTE_HORNETS,INDIANA_PACERS,0,1,1,113.0,109.0,113.0,109.0
CHARLOTTE_HORNETS,INDIANA_PACERS,1,1,1,103.0,83.0,103.0,83.0
CHARLOTTE_HORNETS,LOS_ANGELES_CLIPPERS,1,1,0,104.0,112.0,104.0,112.0
CHARLOTTE_HORNETS,LOS_ANGELES_LAKERS,0,1,1,100.0,97.0,100.0,97.0
CHARLOTTE_HORNETS,LOS_ANGELES_LAKERS,1,1,0,107.0,112.0,107.0,112.0
CHARLOTTE_HORNETS,MEMPHIS_GRIZZLIES,0,1,0,120.0,132.0,120.0,132.0
CHARLOTTE_HORNETS,MIAMI_HEAT,1,2,0,200.0,212.0,100.0,106.0
CHARLOTTE_HORNETS,MILWAUKEE_BUCKS,0,1,0,119.0,125.0,119.0,125.0
CHARLOTTE_HORNETS,MILWAUKEE_BUCKS,1,2,1,217.0,226.0,108.5,113.0
CHARLOTTE_HORNETS,MINNESOTA_TIMBERWOLVES,0,1,0,93.0,114.0,93.0,114.0
CHARLOTTE_HORNETS,NEW_ORLEANS_PELICANS,1,1,1,123.0,92.0,123.0,92.0
CHARLOTTE_HORNETS,NEW_YORK_KNICKS,0,1,0,101.0,125.0,101.0,125.0
CHARLOTTE_HORNETS,NEW_YORK_KNICKS,1,1,0,98.0,99.0,98.0,99.0
CHARLOTTE_HORNETS,OKLAHOMA_CITY_THUNDER,1,1,0,94.0,106.0,94.0,106.0
CHARLOTTE_HORNETS,ORLANDO_MAGIC,0,2,0,175.0,216.0,87.5,108.0
CHARLOTTE_HORNETS,ORLANDO_MAGIC,1,1,0,84.0,95.0,84.0,95.0
CHARLOTTE_HORNETS,PHILADELPHIA_76ERS,0,2,0,203.0,215.0,101.5,107.5
CHARLOTTE_HORNETS,PHILADELPHIA_76ERS,1,2,0,212.0,231.0,106.0,115.5
CHARLOTTE_HORNETS,PHOENIX_SUNS,0,1,0,113.0,120.0,113.0,120.0
CHARLOTTE_HORNETS,PHOENIX_SUNS,1,1,1,115.0,104.0,115.0,104.0
CHARLOTTE_HORNETS,PORTLAND_TRAIL_BLAZERS,0,1,0,88.0,141.0,88.0,141.0
CHARLOTTE_HORNETS,PORTLAND_TRAIL_BLAZERS,1,1,0,97.0,102.0,97.0,102.0
CHARLOTTE_HORNETS,SACRAMENTO_KINGS,0,1,0,88.0,130.0,88.0,130.0
CHARLOTTE_HORNETS,SAN_ANTONIO_SPURS,1,1,1,117.0,116.0,117.0,116.0
CHARLOTTE_HORNETS,TORONTO_RAPTORS,1,1,1,138.0,133.0,138.0,133.0
CHARLOTTE_HORNETS,UTAH_JAZZ,0,1,1,117.0,112.0,117.0,112.0
CHARLOTTE_HORNETS,WASHINGTON_WIZARDS,0,2,0,224.0,236.0,112.0,118.0
CHARLOTTE_HORNETS,WASHINGTON_WIZARDS,1,1,0,114.0,124.0,114.0,124.0
CHICAGO_BULLS,ATLANTA_HAWKS,0,2,1,258.0,254.0,129.0,127.0
CHICAGO_BULLS,ATLANTA_HAWKS,1,2,1,230.0,232.0,115.0,116.0
CHICAGO_BULLS,BOSTON_CELTICS,0,2,1,217.0,230.0,108.5,115.0
CHICAGO_BULLS,BOSTON_CELTICS,1,2,0,227.0,261.0,113.5,130.5
CHICAGO_BULLS,BROOKLYN_NETS,0,1,0,112.0,120.0,112.0,120.0
CHICAGO_BULLS,BROOKLYN_NETS,1,1,1,128.0,102.0,128.0,102.0
CHICAGO_BULLS,CHARLOTTE_HORNETS,0,1,1,115.0,108.0,115.0,108.0
CHICAGO_BULLS,CHARLOTTE_HORNETS,1,2,1,232.0,220.0,116.0,110.0
CHICAGO_BULLS,CLEVELAND_CAVALIERS,0,1,0,126.0,144.0,126.0,144.0
CHICAGO_BULLS,CLEVELAND_CAVALIERS,1,1,0,113.0,119.0,113.0,119.0
CHICAGO_BULLS,DALLAS_MAVERICKS,0,1,0,99.0,119.0,99.0,119.0
CHICAGO_BULLS,DENVER_NUGGETS,1,1,1,129.0,121.0,129.0,121.0
CHICAGO_BULLS,DETROIT_PISTONS,0,2,1,241.0,239.0,120.5,119.5
CHICAGO_BULLS,DETROIT_PISTONS,1,2,0,202.0,260.0,101.0,130.0
CHICAGO_BULLS,GOLDEN_STATE_WARRIORS,0,1,0,106.0,131.0,106.0,131.0
CHICAGO_BULLS,GOLDEN_STATE_WARRIORS,1,1,0,111.0,132.0,111.0,132.0
CHICAGO_BULLS,HOUSTON_ROCKETS,1,1,0,107.0,143.0,107.0,143.0
CHICAGO_BULLS,INDIANA_PACERS,0,1,0,113.0,129.0,113.0,129.0
CHICAGO_BULLS,INDIANA_PACERS,1,1,0,123.0,132.0,123.0,132.0
CHICAGO_BULLS,LOS_ANGELES_CLIPPERS,0,1,1,112.0,99.0,112.0,99.0
CHICAGO_BULLS,MEMPHIS_GRIZZLIES,0,1,1,126.0,123.0,126.0,123.0
CHICAGO_BULLS,MEMPHIS_GRIZZLIES,1,1,0,131.0,142.0,131.0,142.0
CHICAGO_BULLS,MIAMI_HEAT,1,1,1,133.0,124.0,133.0,124.0
CHICAGO_BULLS,MILWAUKEE_BUCKS,0,2,1,239.0,244.0,119.5,122.0
CHICAGO_BULLS,MILWAUKEE_BUCKS,1,2,1,207.0,223.0,103.5,111.5
CHICAGO_BULLS,MINNESOTA_TIMBERWOLVES,0,1,0,108.0,127.0,108.0,127.0
CHICAGO_BULLS,MINNESOTA_TIMBERWOLVES,1,1,0,119.0,135.0,119.0,135.0
CHICAGO_BULLS,NEW_ORLEANS_PELICANS,0,1,0,111.0,123.0,111.0,123.0
CHICAGO_BULLS,NEW_ORLEANS_PELICANS,1,1,0,113.0,119.0,113.0,119.0
CHICAGO_BULLS,NEW_YORK_KNICKS,0,2,1,235.0,236.0,117.5,118.0
CHICAGO_BULLS,NEW_YORK_KNICKS,1,1,1,139.0,126.0,139.0,126.0
CHICAGO_BULLS,OKLAHOMA_CITY_THUNDER,1,1,0,95.0,114.0,95.0,114.0
CHICAGO_BULLS,ORLANDO_MAGIC,0,1,0,119.0,133.0,119.0,133.0
CHICAGO_BULLS,ORLANDO_MAGIC,1,1,1,102.0,99.0,102.0,99.0
CHICAGO_BULLS,PHILADELPHIA_76ERS,0,1,1,142.0,110.0,142.0,110.0
CHICAGO_BULLS,PHILADELPHIA_76ERS,1,2,0,197.0,217.0,98.5,108.5
CHICAGO_BULLS,PHOENIX_SUNS,1,1,0,117.0,121.0,117.0,121.0
CHICAGO_BULLS,PORTLAND_TRAIL_BLAZERS,0,1,0,102.0,113.0,102.0,113.0
CHICAGO_BULLS,SACRAMENTO_KINGS,1,1,0,119.0,124.0,119.0,124.0
CHICAGO_BULLS,SAN_ANTONIO_SPURS,0,1,1,139.0,124.0,139.0,124.0
CHICAGO_BULLS,SAN_ANTONIO_SPURS,1,1,1,114.0,110.0,114.0,110.0
CHICAGO_BULLS,TORONTO_RAPTORS,0,2,2,244.0,227.0,122.0,113.5
CHICAGO_BULLS,UTAH_JAZZ,1,1,0,126.0,135.0,126.0,135.0
CHICAGO_BULLS,WASHINGTON_WIZARDS,0,2,1,234.0,233.0,117.0,116.5
CHICAGO_BULLS,WASHINGTON_WIZARDS,1,1,1,138.0,105.0,138.0,105.0
CLEVELAND_CAVALIERS,ATLANTA_HAWKS,0,1,0,101.0,117.0,101.0,117.0
CLEVELAND_CAVALIERS,ATLANTA_HAWKS,1,2,1,261.0,250.0,130.5,125.0
CLEVELAND_CAVALIERS,BOSTON_CELTICS,0,1,0,117.0,120.0,117.0,120.0
CLEVELAND_CAVALIERS,BOSTON_CELTICS,1,2,1,220.0,223.0,110.0,111.5
CLEVELAND_CAVALIERS,BROOKLYN_NETS,0,2,2,240.0,198.0,120.0,99.0
CLEVELAND_CAVALIERS,BROOKLYN_NETS,1,1,1,105.0,100.0,105.0,100.0
CLEVELAND_CAVALIERS,CHARLOTTE_HORNETS,0,1,1,116.0,102.0,116.0,102.0
CLEVELAND_CAVALIERS,CHARLOTTE_HORNETS,1,2,2,243.0,219.0,121.5,109.5
CLEVELAND_CAVALIERS,CHICAGO_BULLS,0,1,1,119.0,113.0,119.0,113.0
CLEVELAND_CAVALIERS,CHICAGO_BULLS,1,1,1,144.0,126.0,144.0,126.0
CLEVELAND_CAVALIERS,DALLAS_MAVERICKS,0,1,1,134.0,122.0,134.0,122.0
CLEVELAND_CAVALIERS,DALLAS_MAVERICKS,1,1,1,144.0,101.0,144.0,101.0
CLEVELAND_CAVALIERS,DENVER_NUGGETS,0,1,1,149.0,135.0,149.0,135.0
CLEVELAND_CAVALIERS,DENVER_NUGGETS,1,1,1,126.0,114.0,126.0,114.0
CLEVELAND_CAVALIERS,DETROIT_PISTONS,0,1,1,118.0,115.0,118.0,115.0
CLEVELAND_CAVALIERS,DETROIT_PISTONS,1,2,2,223.0,192.0,111.5,96.0
CLEVELAND_CAVALIERS,GOLDEN_STATE_WARRIORS,0,1,1,113.0,95.0,113.0,95.0
CLEVELAND_CAVALIERS,GOLDEN_STATE_WARRIORS,1,1,1,136.0,117.0,136.0,117.0
CLEVELAND_CAVALIERS,HOUSTON_ROCKETS,0,1,0,108.0,109.0,108.0,109.0
CLEVELAND_CAVALIERS,HOUSTON_ROCKETS,1,1,0,131.0,135.0,131.0,135.0
CLEVELAND_CAVALIERS,INDIANA_PACERS,0,1,1,127.0,117.0,127.0,117.0
CLEVELAND_CAVALIERS,INDIANA_PACERS,1,1,0,93.0,108.0,93.0,108.0
CLEVELAND_CAVALIERS,LOS_ANGELES_LAKERS,0,1,1,122.0,110.0,122.0,110.0
CLEVELAND_CAVALIERS,LOS_ANGELES_LAKERS,1,1,1,134.0,110.0,134.0,110.0
CLEVELAND_CAVALIERS,MEMPHIS_GRIZZLIES,1,1,1,129.0,123.0,129.0,123.0
CLEVELAND_CAVALIERS,MIAMI_HEAT,0,2,1,239.0,228.0,119.5,114.0
CLEVELAND_CAVALIERS,MILWAUKEE_BUCKS,0,1,1,114.0,113.0,114.0,113.0
CLEVELAND_CAVALIERS,MILWAUKEE_BUCKS,1,2,2,240.0,215.0,120.0,107.5
CLEVELAND_CAVALIERS,MINNESOTA_TIMBERWOLVES,0,1,1,124.0,117.0,124.0,117.0
CLEVELAND_CAVALIERS,MINNESOTA_TIMBERWOLVES,1,1,1,128.0,107.0,128.0,107.0
CLEVELAND_CAVALIERS,NEW_ORLEANS_PELICANS,0,1,1,131.0,122.0,131.0,122.0
CLEVELAND_CAVALIERS,NEW_ORLEANS_PELICANS,1,1,1,128.0,100.0,128.0,100.0
CLEVELAND_CAVALIERS,NEW_YORK_KNICKS,0,1,1,110.0,104.0,110.0,104.0
CLEVELAND_CAVALIERS,NEW_YORK_KNICKS,1,1,1,142.0,105.0,142.0,105.0
CLEVELAND_CAVALIERS,OKLAHOMA_CITY_THUNDER,0,1,0,114.0,134.0,114.0,134.0
CLEVELAND_CAVALIERS,OKLAHOMA_CITY_THUNDER,1,1,1,129.0,122.0,129.0,122.0
CLEVELAND_CAVALIERS,ORLANDO_MAGIC,1,1,1,120.0,109.0,120.0,109.0
CLEVELAND_CAVALIERS,PHILADELPHIA_76ERS,0,2,1,243.0,238.0,121.5,119.0
CLEVELAND_CAVALIERS,PHILADELPHIA_76ERS,1,1,1,126.0,99.0,126.0,99.0
CLEVELAND_CAVALIERS,PHOENIX_SUNS,1,1,1,118.0,92.0,118.0,92.0
CLEVELAND_CAVALIERS,TORONTO_RAPTORS,0,2,2,267.0,214.0,133.5,107.0
CLEVELAND_CAVALIERS,TORONTO_RAPTORS,1,2,2,254.0,234.0,127.0,117.0
CLEVELAND_CAVALIERS,UTAH_JAZZ,1,1,1,124.0,113.0,124.0,113.0
CLEVELAND_CAVALIERS,WASHINGTON_WIZARDS,0,2,2,269.0,240.0,134.5,120.0
CLEVELAND_CAVALIERS,WASHINGTON_WIZARDS,1,2,2,233.0,192.0,116.5,96.0
DALLAS_MAVERICKS,ATLANTA_HAWKS,0,1,1,129.0,119.0,129.0,119.0
DALLAS_MAVERICKS,BOSTON_CELTICS,0,1,1,127.0,120.0,127.0,120.0
DALLAS_MAVERICKS,BOSTON_CELTICS,1,1,0,107.0,122.0,107.0,122.0
DALLAS_MAVERICKS,CHARLOTTE_HORNETS,0,1,0,105.0,110.0,105.0,110.0
DALLAS_MAVERICKS,CHICAGO_BULLS,1,1,1,119.0,99.0,119.0,99.0
DALLAS_MAVERICKS,CLEVELAND_CAVALIERS,0,1,0,101.0,144.0,101.0,144.0
DALLAS_MAVERICKS,CLEVELAND_CAVALIERS,1,1,0,122.0,134.0,122.0,134.0
DALLAS_MAVERICKS,DENVER_NUGGETS,0,2,1,243.0,242.0,121.5,121.0
DALLAS_MAVERICKS,DENVER_NUGGETS,1,2,0,200.0,230.0,100.0,115.0
DALLAS_MAVERICKS,DETROIT_PISTONS,0,1,0,102.0,117.0,102.0,117.0
DALLAS_MAVERICKS,GOLDEN_STATE_WARRIORS,0,3,1,362.0,379.0,120.66666666666667,126.33333333333333
DALLAS_MAVERICKS,GOLDEN_STATE_WARRIORS,1,1,1,111.0,107.0,111.0,107.0
DALLAS_MAVERICKS,HOUSTON_ROCKETS,0,1,0,99.0,110.0,99.0,110.0
DALLAS_MAVERICKS,HOUSTON_ROCKETS,1,2,1,218.0,213.0,109.0,106.5
DALLAS_MAVERICKS,INDIANA_PACERS,1,1,0,127.0,134.0,127.0,134.0
DALLAS_MAVERICKS,LOS_ANGELES_CLIPPERS,1,2,1,208.0,215.0,104.0,107.5
DALLAS_MAVERICKS,LOS_ANGELES_LAKERS,1,1,1,118.0,97.0,118.0,97.0
DALLAS_MAVERICKS,MEMPHIS_GRIZZLIES,0,1,0,104.0,119.0,104.0,119.0
DALLAS_MAVERICKS,MEMPHIS_GRIZZLIES,1,1,1,121.0,116.0,121.0,116.0
DALLAS_MAVERICKS,MIAMI_HEAT,0,1,0,118.0,123.0,118.0,123.0
DALLAS_MAVERICKS,MIAMI_HEAT,1,1,1,118.0,113.0,118.0,113.0
DALLAS_MAVERICKS,MINNESOTA_TIMBERWOLVES,0,1,1,120.0,114.0,120.0,114.0
DALLAS_MAVERICKS,MINNESOTA_TIMBERWOLVES,1,2,0,213.0,220.0,106.5,110.0
DALLAS_MAVERICKS,NEW_ORLEANS_PELICANS,0,2,1,253.0,255.0,126.5,127.5
DALLAS_MAVERICKS,NEW_ORLEANS_PELICANS,1,2,2,243.0,194.0,121.5,97.0
DALLAS_MAVERICKS,NEW_YORK_KNICKS,1,1,1,129.0,114.0,129.0,114.0
DALLAS_MAVERICKS,OKLAHOMA_CITY_THUNDER,0,3,2,346.0,352.0,115.33333333333333,117.33333333333333
DALLAS_MAVERICKS,OKLAHOMA_CITY_THUNDER,1,1,1,106.0,98.0,106.0,98.0
DALLAS_MAVERICKS,ORLANDO_MAGIC,1,1,1,108.0,85.0,108.0,85.0
DALLAS_MAVERICKS,PHILADELPHIA_76ERS,0,1,0,116.0,118.0,116.0,118.0
DALLAS_MAVERICKS,PHOENIX_SUNS,0,2,1,200.0,203.0,100.0,101.5
DALLAS_MAVERICKS,PHOENIX_SUNS,1,1,0,113.0,114.0,113.0,114.0
DALLAS_MAVERICKS,PORTLAND_TRAIL_BLAZERS,0,2,1,259.0,257.0,129.5,128.5
DALLAS_MAVERICKS,PORTLAND_TRAIL_BLAZERS,1,2,2,249.0,219.0,124.5,109.5
DALLAS_MAVERICKS,SACRAMENTO_KINGS,0,1,0,100.0,110.0,100.0,110.0
DALLAS_MAVERICKS,SACRAMENTO_KINGS,1,1,0,128.0,129.0,128.0,129.0
DALLAS_MAVERICKS,SAN_ANTONIO_SPURS,1,2,2,230.0,202.0,115.0,101.0
DALLAS_MAVERICKS,TORONTO_RAPTORS,0,1,1,125.0,118.0,125.0,118.0
DALLAS_MAVERICKS,UTAH_JAZZ,0,2,1,219.0,209.0,109.5,104.5
DALLAS_MAVERICKS,UTAH_JAZZ,1,1,1,110.0,102.0,110.0,102.0
DALLAS_MAVERICKS,WASHINGTON_WIZARDS,0,1,1,137.0,101.0,137.0,101.0
DALLAS_MAVERICKS,WASHINGTON_WIZARDS,1,1,1,130.0,108.0,130.0,108.0
DENVER_NUGGETS,ATLANTA_HAWKS,0,1,1,141.0,111.0,141.0,111.0
DENVER_NUGGETS,ATLANTA_HAWKS,1,1,1,139.0,120.0,139.0,120.0
DENVER_NUGGETS,BOSTON_CELTICS,1,1,0,106.0,118.0,106.0,118.0
DENVER_NUGGETS,BROOKLYN_NETS,0,1,1,144.0,139.0,144.0,139.0
DENVER_NUGGETS,BROOKLYN_NETS,1,1,1,124.0,105.0,124.0,105.0
DENVER_NUGGETS,CHARLOTTE_HORNETS,0,1,1,107.0,104.0,107.0,104.0
DENVER_NUGGETS,CHARLOTTE_HORNETS,1,1,1,129.0,115.0,129.0,115.0
DENVER_NUGGETS,CHICAGO_BULLS,0,1,0,121.0,129.0,121.0,129.0
DENVER_NUGGETS,CLEVELAND_CAVALIERS,0,1,0,114.0,126.0,114.0,126.0
DENVER_NUGGETS,CLEVELAND_CAVALIERS,1,1,0,135.0,149.0,135.0,149.0
DENVER_NUGGETS,DALLAS_MAVERICKS,0,2,2,230.0,200.0,115.0,100.0
DENVER_NUGGETS,DALLAS_MAVERICKS,1,2,1,242.0,243.0,121.0,121.5
DENVER_NUGGETS,DETROIT_PISTONS,1,1,1,134.0,121.0,134.0,121.0
DENVER_NUGGETS,GOLDEN_STATE_WARRIORS,1,1,1,119.0,115.0,119.0,115.0
DENVER_NUGGETS,HOUSTON_ROCKETS,1,1,0,108.0,128.0,108.0,128.0
DENVER_NUGGETS,INDIANA_PACERS,0,1,1,125.0,116.0,125.0,116.0
DENVER_NUGGETS,LOS_ANGELES_CLIPPERS,0,1,0,122.0,126.0,122.0,126.0
DENVER_NUGGETS,LOS_ANGELES_CLIPPERS,1,3,2,350.0,310.0,116.66666666666667,103.33333333333333
DENVER_NUGGETS,LOS_ANGELES_LAKERS,0,1,1,127.0,102.0,127.0,102.0
DENVER_NUGGETS,LOS_ANGELES_LAKERS,1,1,0,100.0,123.0,100.0,123.0
DENVER_NUGGETS,MEMPHIS_GRIZZLIES,0,2,1,212.0,215.0,106.0,107.5
DENVER_NUGGETS,MIAMI_HEAT,0,1,1,133.0,113.0,133.0,113.0
DENVER_NUGGETS,MIAMI_HEAT,1,1,1,135.0,122.0,135.0,122.0
DENVER_NUGGETS,MINNESOTA_TIMBERWOLVES,0,2,0,220.0,252.0,110.0,126.0
DENVER_NUGGETS,NEW_ORLEANS_PELICANS,0,2,1,226.0,230.0,113.0,115.0
DENVER_NUGGETS,NEW_ORLEANS_PELICANS,1,2,2,269.0,232.0,134.5,116.0
DENVER_NUGGETS,NEW_YORK_KNICKS,0,1,0,112.0,122.0,112.0,122.0
DENVER_NUGGETS,NEW_YORK_KNICKS,1,1,0,118.0,145.0,118.0,145.0
DENVER_NUGGETS,OKLAHOMA_CITY_THUNDER,1,2,1,211.0,224.0,105.5,112.0
DENVER_NUGGETS,ORLANDO_MAGIC,0,1,1,113.0,100.0,113.0,100.0
DENVER_NUGGETS,ORLANDO_MAGIC,1,1,1,112.0,90.0,112.0,90.0
DENVER_NUGGETS,PHILADELPHIA_76ERS,0,1,1,137.0,134.0,137.0,134.0
DENVER_NUGGETS,PHILADELPHIA_76ERS,1,1,1,144.0,109.0,144.0,109.0
DENVER_NUGGETS,PHOENIX_SUNS,0,2,1,222.0,215.0,111.0,107.5
DENVER_NUGGETS,PHOENIX_SUNS,1,1,1,117.0,90.0,117.0,90.0
DENVER_NUGGETS,PORTLAND_TRAIL_BLAZERS,0,1,0,124.0,126.0,124.0,126.0
DENVER_NUGGETS,PORTLAND_TRAIL_BLAZERS,1,2,2,278.0,238.0,139.0,119.0
DENVER_NUGGETS,SACRAMENTO_KINGS,0,1,1,130.0,129.0,130.0,129.0
DENVER_NUGGETS,SACRAMENTO_KINGS,1,1,1,132.0,123.0,132.0,123.0
DENVER_NUGGETS,SAN_ANTONIO_SPURS,0,1,1,122.0,111.0,122.0,111.0
DENVER_NUGGETS,SAN_ANTONIO_SPURS,1,1,0,110.0,113.0,110.0,113.0
DENVER_NUGGETS,TORONTO_RAPTORS,0,1,1,127.0,125.0,127.0,125.0
DENVER_NUGGETS,TORONTO_RAPTORS,1,1,1,121.0,119.0,121.0,119.0
DENVER_NUGGETS,UTAH_JAZZ,0,2,2,254.0,224.0,127.0,112.0
DENVER_NUGGETS,UTAH_JAZZ,1,1,1,129.0,103.0,129.0,103.0
DENVER_NUGGETS,WASHINGTON_WIZARDS,0,1,0,113.0,122.0,113.0,122.0
DETROIT_PISTONS,ATLANTA_HAWKS,0,2,2,262.0,247.0,131.0,123.5
DETROIT_PISTONS,ATLANTA_HAWKS,1,2,1,252.0,253.0,126.0,126.5
DETROIT_PISTONS,BOSTON_CELTICS,0,2,0,219.0,253.0,109.5,126.5
DETROIT_PISTONS,BOSTON_CELTICS,1,1,0,118.0,124.0,118.0,124.0
DETROIT_PISTONS,BROOKLYN_NETS,0,2,2,219.0,190.0,109.5,95.0
DETROIT_PISTONS,CHARLOTTE_HORNETS,0,2,0,228.0,231.0,114.0,115.5
DETROIT_PISTONS,CHARLOTTE_HORNETS,1,2,2,210.0,196.0,105.0,98.0
DETROIT_PISTONS,CHICAGO_BULLS,0,2,2,260.0,202.0,130.0,101.0
DETROIT_PISTONS,CHICAGO_BULLS,1,2,1,239.0,241.0,119.5,120.5
DETROIT_PISTONS,CLEVELAND_CAVALIERS,0,2,0,192.0,223.0,96.0,111.5
DETROIT_PISTONS,CLEVELAND_CAVALIERS,1,1,0,115.0,118.0,115.0,118.0
DETROIT_PISTONS,DALLAS_MAVERICKS,1,1,1,117.0,102.0,117.0,102.0
DETROIT_PISTONS,DENVER_NUGGETS,0,1,0,121.0,134.0,121.0,134.0
DETROIT_PISTONS,GOLDEN_STATE_WARRIORS,1,1,0,104.0,107.0,104.0,107.0
DETROIT_PISTONS,HOUSTON_ROCKETS,0,1,1,107.0,96.0,107.0,96.0
DETROIT_PISTONS,HOUSTON_ROCKETS,1,1,0,99.0,101.0,99.0,101.0
DETROIT_PISTONS,INDIANA_PACERS,0,2,1,249.0,239.0,124.5,119.5
DETROIT_PISTONS,INDIANA_PACERS,1,2,0,209.0,226.0,104.5,113.0
DETROIT_PISTONS,LOS_ANGELES_CLIPPERS,1,1,1,106.0,97.0,106.0,97.0
DETROIT_PISTONS,LOS_ANGELES_LAKERS,0,1,1,117.0,114.0,117.0,114.0
DETROIT_PISTONS,LOS_ANGELES_LAKERS,1,1,1,115.0,103.0,115.0,103.0
DETROIT_PISTONS,MEMPHIS_GRIZZLIES,0,1,0,111.0,131.0,111.0,131.0
DETROIT_PISTONS,MIAMI_HEAT,0,1,0,98.0,106.0,98.0,106.0
DETROIT_PISTONS,MIAMI_HEAT,1,2,2,248.0,245.0,124.0,122.5
DETROIT_PISTONS,MILWAUKEE_BUCKS,0,1,0,120.0,127.0,120.0,127.0
DETROIT_PISTONS,MILWAUKEE_BUCKS,1,1,0,107.0,128.0,107.0,128.0
DETROIT_PISTONS,MINNESOTA_TIMBERWOLVES,1,1,1,119.0,105.0,119.0,105.0
DETROIT_PISTONS,NEW_YORK_KNICKS,0,2,2,244.0,230.0,122.0,115.0
DETROIT_PISTONS,NEW_YORK_KNICKS,1,1,0,98.0,128.0,98.0,128.0
DETROIT_PISTONS,ORLANDO_MAGIC,0,2,0,213.0,232.0,106.5,116.0
DETROIT_PISTONS,ORLANDO_MAGIC,1,1,1,105.0,96.0,105.0,96.0
DETROIT_PISTONS,PHILADELPHIA_76ERS,0,1,1,105.0,95.0,105.0,95.0
DETROIT_PISTONS,PHILADELPHIA_76ERS,1,2,1,221.0,223.0,110.5,111.5
DETROIT_PISTONS,PHOENIX_SUNS,0,1,1,133.0,125.0,133.0,125.0
DETROIT_PISTONS,PHOENIX_SUNS,1,1,0,121.0,125.0,121.0,125.0
DETROIT_PISTONS,PORTLAND_TRAIL_BLAZERS,1,1,1,118.0,115.0,118.0,115.0
DETROIT_PISTONS,SACRAMENTO_KINGS,0,1,1,114.0,113.0,114.0,113.0
DETROIT_PISTONS,SAN_ANTONIO_SPURS,0,1,1,125.0,110.0,125.0,110.0
DETROIT_PISTONS,TORONTO_RAPTORS,0,1,1,99.0,95.0,99.0,95.0
DETROIT_PISTONS,TORONTO_RAPTORS,1,2,2,225.0,214.0,112.5,107.0
DETROIT_PISTONS,UTAH_JAZZ,1,1,0,119.0,126.0,119.0,126.0
DETROIT_PISTONS,WASHINGTON_WIZARDS,0,1,1,124.0,104.0,124.0,104.0
GOLDEN_STATE_WARRIORS,ATLANTA_HAWKS,1,1,1,120.0,97.0,120.0,97.0
GOLDEN_STATE_WARRIORS,BOSTON_CELTICS,0,1,1,118.0,112.0,118.0,112.0
GOLDEN_STATE_WARRIORS,BOSTON_CELTICS,1,1,0,85.0,125.0,85.0,125.0
GOLDEN_STATE_WARRIORS,BROOKLYN_NETS,1,1,0,120.0,128.0,120.0,128.0
GOLDEN_STATE_WARRIORS,CHICAGO_BULLS,0,1,1,132.0,111.0,132.0,111.0
GOLDEN_STATE_WARRIORS,CHICAGO_BULLS,1,1,1,131.0,106.0,131.0,106.0
GOLDEN_STATE_WARRIORS,CLEVELAND_CAVALIERS,0,1,0,117.0,136.0,117.0,136.0
GOLDEN_STATE_WARRIORS,CLEVELAND_CAVALIERS,1,1,0,95.0,113.0,95.0,113.0
GOLDEN_STATE_WARRIORS,DALLAS_MAVERICKS,0,1,0,107.0,111.0,107.0,111.0
GOLDEN_STATE_WARRIORS,DALLAS_MAVERICKS,1,3,2,379.0,362.0,126.33333333333333,120.66666666666667
GOLDEN_STATE_WARRIORS,DENVER_NUGGETS,0,1,0,115.0,119.0,115.0,119.0
GOLDEN_STATE_WARRIORS,DETROIT_PISTONS,0,1,1,107.0,104.0,107.0,104.0
GOLDEN_STATE_WARRIORS,HOUSTON_ROCKETS,0,3,2,322.0,310.0,107.33333333333333,103.33333333333333
GOLDEN_STATE_WARRIORS,HOUSTON_ROCKETS,1,1,1,99.0,93.0,99.0,93.0
GOLDEN_STATE_WARRIORS,INDIANA_PACERS,0,1,0,96.0,108.0,96.0,108.0
GOLDEN_STATE_WARRIORS,INDIANA_PACERS,1,1,0,105.0,111.0,105.0,111.0
GOLDEN_STATE_WARRIORS,LOS_ANGELES_CLIPPERS,0,2,0,191.0,204.0,95.5,102.0
GOLDEN_STATE_WARRIORS,LOS_ANGELES_CLIPPERS,1,1,0,104.0,112.0,104.0,112.0
GOLDEN_STATE_WARRIORS,LOS_ANGELES_LAKERS,0,1,0,112.0,120.0,112.0,120.0
GOLDEN_STATE_WARRIORS,LOS_ANGELES_LAKERS,1,2,0,221.0,233.0,110.5,116.5
GOLDEN_STATE_WARRIORS,MEMPHIS_GRIZZLIES,0,1,0,93.0,144.0,93.0,144.0
GOLDEN_STATE_WARRIORS,MEMPHIS_GRIZZLIES,1,2,2,244.0,231.0,122.0,115.5
GOLDEN_STATE_WARRIORS,MIAMI_HEAT,1,1,0,98.0,114.0,98.0,114.0
GOLDEN_STATE_WARRIORS,MILWAUKEE_BUCKS,0,1,1,125.0,111.0,125.0,111.0
GOLDEN_STATE_WARRIORS,MINNESOTA_TIMBERWOLVES,0,2,2,229.0,218.0,114.5,109.0
GOLDEN_STATE_WARRIORS,MINNESOTA_TIMBERWOLVES,1,2,1,204.0,213.0,102.0,106.5
GOLDEN_STATE_WARRIORS,NEW_ORLEANS_PELICANS,0,1,1,112.0,108.0,112.0,108.0
GOLDEN_STATE_WARRIORS,NEW_ORLEANS_PELICANS,1,2,2,228.0,195.0,114.0,97.5
GOLDEN_STATE_WARRIORS,OKLAHOMA_CITY_THUNDER,0,1,1,127.0,116.0,127.0,116.0
GOLDEN_STATE_WARRIORS,OKLAHOMA_CITY_THUNDER,1,2,1,217.0,214.0,108.5,107.0
GOLDEN_STATE_WARRIORS,ORLANDO_MAGIC,1,1,1,104.0,99.0,104.0,99.0
GOLDEN_STATE_WARRIORS,PHILADELPHIA_76ERS,1,1,1,139.0,105.0,139.0,105.0
GOLDEN_STATE_WARRIORS,PHOENIX_SUNS,0,1,0,105.0,113.0,105.0,113.0
GOLDEN_STATE_WARRIORS,PHOENIX_SUNS,1,2,1,214.0,235.0,107.0,117.5
GOLDEN_STATE_WARRIORS,PORTLAND_TRAIL_BLAZERS,0,1,1,140.0,104.0,140.0,104.0
GOLDEN_STATE_WARRIORS,SACRAMENTO_KINGS,0,2,1,249.0,231.0,124.5,115.5
GOLDEN_STATE_WARRIORS,SACRAMENTO_KINGS,1,1,0,99.0,129.0,99.0,129.0
GOLDEN_STATE_WARRIORS,SAN_ANTONIO_SPURS,0,1,0,94.0,104.0,94.0,104.0
GOLDEN_STATE_WARRIORS,TORONTO_RAPTORS,0,1,0,101.0,104.0,101.0,104.0
GOLDEN_STATE_WARRIORS,UTAH_JAZZ,0,2,1,255.0,217.0,127.5,108.5
GOLDEN_STATE_WARRIORS,UTAH_JAZZ,1,1,1,114.0,103.0,114.0,103.0
GOLDEN_STATE_WARRIORS,WASHINGTON_WIZARDS,0,1,1,125.0,112.0,125.0,112.0
GOLDEN_STATE_WARRIORS,WASHINGTON_WIZARDS,1,1,1,122.0,114.0,122.0,114.0
HOUSTON_ROCKETS,ATLANTA_HAWKS,0,1,1,100.0,96.0,100.0,96.0
HOUSTON_ROCKETS,BOSTON_CELTICS,0,1,1,114.0,112.0,114.0,112.0
HOUSTON_ROCKETS,BOSTON_CELTICS,1,1,0,86.0,109.0,86.0,109.0
HOUSTON_ROCKETS,BROOKLYN_NETS,0,1,0,97.0,99.0,97.0,99.0
HOUSTON_ROCKETS,BROOKLYN_NETS,1,1,0,98.0,110.0,98.0,110.0
HOUSTON_ROCKETS,CHARLOTTE_HORNETS,0,1,1,114.0,101.0,114.0,101.0
HOUSTON_ROCKETS,CHARLOTTE_HORNETS,1,1,0,105.0,110.0,105.0,110.0
HOUSTON_ROCKETS,CHICAGO_BULLS,0,1,1,143.0,107.0,143.0,107.0
HOUSTON_ROCKETS,CLEVELAND_CAVALIERS,0,1,1,135.0,131.0,135.0,131.0
HOUSTON_ROCKETS,CLEVELAND_CAVALIERS,1,1,1,109.0,108.0,109.0,108.0
HOUSTON_ROCKETS,DALLAS_MAVERICKS,0,2,1,213.0,218.0,106.5,109.0
HOUSTON_ROCKETS,DALLAS_MAVERICKS,1,1,1,110.0,99.0,110.0,99.0
HOUSTON_ROCKETS,DENVER_NUGGETS,0,1,1,128.0,108.0,128.0,108.0
HOUSTON_ROCKETS,DETROIT_PISTONS,0,1,1,101.0,99.0,101.0,99.0
HOUSTON_ROCKETS,DETROIT_PISTONS,1,1,0,96.0,107.0,96.0,107.0
HOUSTON_ROCKETS,GOLDEN_STATE_WARRIORS,0,1,0,93.0,99.0,93.0,99.0
HOUSTON_ROCKETS,GOLDEN_STATE_WARRIORS,1,3,1,310.0,322.0,103.33333333333333,107.33333333333333
HOUSTON_ROCKETS,INDIANA_PACERS,1,1,1,130.0,113.0,130.0,113.0
HOUSTON_ROCKETS,LOS_ANGELES_CLIPPERS,0,1,1,117.0,106.0,117.0,106.0
HOUSTON_ROCKETS,LOS_ANGELES_CLIPPERS,1,2,2,236.0,207.0,118.0,103.5
HOUSTON_ROCKETS,LOS_ANGELES_LAKERS,1,1,1,119.0,115.0,119.0,115.0
HOUSTON_ROCKETS,MEMPHIS_GRIZZLIES,0,2,1,238.0,235.0,119.0,117.5
HOUSTON_ROCKETS,MEMPHIS_GRIZZLIES,1,2,2,248.0,226.0,124.0,113.0
HOUSTON_ROCKETS,MIAMI_HEAT,1,1,0,100.0,104.0,100.0,104.0
HOUSTON_ROCKETS,MILWAUKEE_BUCKS,0,1,0,100.0,101.0,100.0,101.0
HOUSTON_ROCKETS,MINNESOTA_TIMBERWOLVES,0,2,1,231.0,238.0,115.5,119.0
HOUSTON_ROCKETS,MINNESOTA_TIMBERWOLVES,1,2,1,233.0,228.0,116.5,114.0
HOUSTON_ROCKETS,NEW_ORLEANS_PELICANS,0,1,1,128.0,111.0,128.0,111.0
HOUSTON_ROCKETS,NEW_ORLEANS_PELICANS,1,1,1,133.0,113.0,133.0,113.0
HOUSTON_ROCKETS,NEW_YORK_KNICKS,0,1,0,118.0,124.0,118.0,124.0
HOUSTON_ROCKETS,NEW_YORK_KNICKS,1,1,1,109.0,97.0,109.0,97.0
HOUSTON_ROCKETS,OKLAHOMA_CITY_THUNDER,0,2,0,203.0,237.0,101.5,118.5
HOUSTON_ROCKETS,OKLAHOMA_CITY_THUNDER,1,1,1,119.0,116.0,119.0,116.0
HOUSTON_ROCKETS,PHILADELPHIA_76ERS,0,1,1,122.0,115.0,122.0,115.0
HOUSTON_ROCKETS,PHOENIX_SUNS,1,1,1,119.0,111.0,119.0,111.0
HOUSTON_ROCKETS,PORTLAND_TRAIL_BLAZERS,0,1,1,125.0,103.0,125.0,103.0
HOUSTON_ROCKETS,PORTLAND_TRAIL_BLAZERS,1,2,1,214.0,192.0,107.0,96.0
HOUSTON_ROCKETS,SACRAMENTO_KINGS,0,2,0,238.0,252.0,119.0,126.0
HOUSTON_ROCKETS,SAN_ANTONIO_SPURS,0,2,1,212.0,210.0,106.0,105.0
HOUSTON_ROCKETS,SAN_ANTONIO_SPURS,1,1,1,127.0,100.0,127.0,100.0
HOUSTON_ROCKETS,TORONTO_RAPTORS,0,1,1,114.0,110.0,114.0,110.0
HOUSTON_ROCKETS,TORONTO_RAPTORS,1,1,1,94.0,87.0,94.0,87.0
HOUSTON_ROCKETS,UTAH_JAZZ,0,1,0,115.0,124.0,115.0,124.0
HOUSTON_ROCKETS,WASHINGTON_WIZARDS,0,1,1,135.0,112.0,135.0,112.0
HOUSTON_ROCKETS,WASHINGTON_WIZARDS,1,1,1,107.0,92.0,107.0,92.0
INDIANA_PACERS,ATLANTA_HAWKS,1,1,1,132.0,127.0,132.0,127.0
INDIANA_PACERS,BOSTON_CELTICS,0,2,1,228.0,256.0,114.0,128.0
INDIANA_PACERS,BOSTON_CELTICS,1,1,1,135.0,132.0,135.0,132.0
INDIANA_PACERS,BROOKLYN_NETS,0,2,1,203.0,198.0,101.5,99.0
INDIANA_PACERS,CHARLOTTE_HORNETS,0,1,0,83.0,103.0,83.0,103.0
INDIANA_PACERS,CHARLOTTE_HORNETS,1,1,0,109.0,113.0,109.0,113.0
INDIANA_PACERS,CHICAGO_BULLS,0,1,1,132.0,123.0,132.0,123.0
INDIANA_PACERS,CHICAGO_BULLS,1,1,1,129.0,113.0,129.0,113.0
INDIANA_PACERS,CLEVELAND_CAVALIERS,0,1,1,108.0,93.0,108.0,93.0
INDIANA_PACERS,CLEVELAND_CAVALIERS,1,1,0,117.0,127.0,117.0,127.0
INDIANA_PACERS,DALLAS_MAVERICKS,0,1,1,134.0,127.0,134.0,127.0
INDIANA_PACERS,DENVER_NUGGETS,1,1,0,116.0,125.0,116.0,125.0
INDIANA_PACERS,DETROIT_PISTONS,0,2,2,226.0,209.0,113.0,104.5
INDIANA_PACERS,DETROIT_PISTONS,1,2,1,239.0,249.0,119.5,124.5
INDIANA_PACERS,GOLDEN_STATE_WARRIORS,0,1,1,111.0,105.0,111.0,105.0
INDIANA_PACERS,GOLDEN_STATE_WARRIORS,1,1,1,108.0,96.0,108.0,96.0
INDIANA_PACERS,HOUSTON_ROCKETS,0,1,0,113.0,130.0,113.0,130.0
INDIANA_PACERS,LOS_ANGELES_CLIPPERS,0,1,1,119.0,112.0,119.0,112.0
INDIANA_PACERS,LOS_ANGELES_CLIPPERS,1,1,1,129.0,111.0,129.0,111.0
INDIANA_PACERS,LOS_ANGELES_LAKERS,0,1,0,117.0,124.0,117.0,124.0
INDIANA_PACERS,MEMPHIS_GRIZZLIES,0,1,0,121.0,136.0,121.0,136.0
INDIANA_PACERS,MEMPHIS_GRIZZLIES,1,1,1,127.0,113.0,127.0,113.0
INDIANA_PACERS,MIAMI_HEAT,0,1,1,128.0,115.0,128.0,115.0
INDIANA_PACERS,MIAMI_HEAT,1,2,1,230.0,234.0,115.0,117.0
INDIANA_PACERS,MILWAUKEE_BUCKS,0,1,0,117.0,129.0,117.0,129.0
INDIANA_PACERS,MILWAUKEE_BUCKS,1,1,0,112.0,120.0,112.0,120.0
INDIANA_PACERS,NEW_ORLEANS_PELICANS,0,1,0,118.0,125.0,118.0,125.0
INDIANA_PACERS,NEW_ORLEANS_PELICANS,1,2,2,233.0,214.0,116.5,107.0
INDIANA_PACERS,NEW_YORK_KNICKS,0,1,0,98.0,123.0,98.0,123.0
INDIANA_PACERS,NEW_YORK_KNICKS,1,2,1,247.0,249.0,123.5,124.5
INDIANA_PACERS,OKLAHOMA_CITY_THUNDER,1,1,0,114.0,120.0,114.0,120.0
INDIANA_PACERS,ORLANDO_MAGIC,0,2,0,205.0,213.0,102.5,106.5
INDIANA_PACERS,ORLANDO_MAGIC,1,1,1,118.0,111.0,118.0,111.0
INDIANA_PACERS,PHILADELPHIA_76ERS,0,1,1,121.0,107.0,121.0,107.0
INDIANA_PACERS,PHILADELPHIA_76ERS,1,2,1,229.0,220.0,114.5,110.0
INDIANA_PACERS,PHOENIX_SUNS,0,1,1,120.0,111.0,120.0,111.0
INDIANA_PACERS,PHOENIX_SUNS,1,1,1,126.0,108.0,126.0,108.0
INDIANA_PACERS,PORTLAND_TRAIL_BLAZERS,0,1,0,89.0,112.0,89.0,112.0
INDIANA_PACERS,PORTLAND_TRAIL_BLAZERS,1,1,1,121.0,114.0,121.0,114.0
INDIANA_PACERS,SACRAMENTO_KINGS,0,1,1,122.0,95.0,122.0,95.0
INDIANA_PACERS,SAN_ANTONIO_SPURS,0,1,1,136.0,98.0,136.0,98.0
INDIANA_PACERS,SAN_ANTONIO_SPURS,1,1,0,110.0,140.0,110.0,140.0
INDIANA_PACERS,TORONTO_RAPTORS,0,2,0,230.0,252.0,115.0,126.0
INDIANA_PACERS,UTAH_JAZZ,0,1,1,112.0,111.0,112.0,111.0
INDIANA_PACERS,WASHINGTON_WIZARDS,0,1,1,134.0,130.0,134.0,130.0
INDIANA_PACERS,WASHINGTON_WIZARDS,1,1,1,115.0,103.0,115.0,103.0
LOS_ANGELES_CLIPPERS,ATLANTA_HAWKS,1,1,1,131.0,105.0,131.0,105.0
LOS_ANGELES_CLIPPERS,BOSTON_CELTICS,0,1,0,94.0,126.0,94.0,126.0
LOS_ANGELES_CLIPPERS,BOSTON_CELTICS,1,1,0,113.0,117.0,113.0,117.0
LOS_ANGELES_CLIPPERS,BROOKLYN_NETS,1,1,1,126.0,67.0,126.0,67.0
LOS_ANGELES_CLIPPERS,CHARLOTTE_HORNETS,0,1,1,112.0,104.0,112.0,104.0
LOS_ANGELES_CLIPPERS,CHICAGO_BULLS,1,1,0,99.0,112.0,99.0,112.0
LOS_ANGELES_CLIPPERS,DALLAS_MAVERICKS,0,2,1,215.0,208.0,107.5,104.0
LOS_ANGELES_CLIPPERS,DENVER_NUGGETS,0,3,1,310.0,350.0,103.33333333333333,116.66666666666667
LOS_ANGELES_CLIPPERS,DENVER_NUGGETS,1,1,1,126.0,122.0,126.0,122.0
LOS_ANGELES_CLIPPERS,DETROIT_PISTONS,0,1,0,97.0,106.0,97.0,106.0
LOS_ANGELES_CLIPPERS,GOLDEN_STATE_WARRIORS,0,1,1,112.0,104.0,112.0,104.0
LOS_ANGELES_CLIPPERS,GOLDEN_STATE_WARRIORS,1,2,2,204.0,191.0,102.0,95.5
LOS_ANGELES_CLIPPERS,HOUSTON_ROCKETS,0,2,0,207.0,236.0,103.5,118.0
LOS_ANGELES_CLIPPERS,HOUSTON_ROCKETS,1,1,0,106.0,117.0,106.0,117.0
LOS_ANGELES_CLIPPERS,INDIANA_PACERS,0,1,0,111.0,129.0,111.0,129.0
LOS_ANGELES_CLIPPERS,INDIANA_PACERS,1,1,0,112.0,119.0,112.0,119.0
LOS_ANGELES_CLIPPERS,LOS_ANGELES_LAKERS,1,2,1,213.0,224.0,106.5,112.0
LOS_ANGELES_CLIPPERS,MEMPHIS_GRIZZLIES,0,1,1,114.0,110.0,114.0,110.0
LOS_ANGELES_CLIPPERS,MEMPHIS_GRIZZLIES,1,1,1,128.0,114.0,128.0,114.0
LOS_ANGELES_CLIPPERS,MIAMI_HEAT,1,1,1,109.0,98.0,109.0,98.0
LOS_ANGELES_CLIPPERS,MILWAUKEE_BUCKS,0,1,0,110.0,116.0,110.0,116.0
LOS_ANGELES_CLIPPERS,MILWAUKEE_BUCKS,1,1,1,127.0,117.0,127.0,117.0
LOS_ANGELES_CLIPPERS,MINNESOTA_TIMBERWOLVES,0,2,0,198.0,201.0,99.0,100.5
LOS_ANGELES_CLIPPERS,MINNESOTA_TIMBERWOLVES,1,1,0,80.0,108.0,80.0,108.0
LOS_ANGELES_CLIPPERS,NEW_ORLEANS_PELICANS,0,1,1,116.0,113.0,116.0,113.0
LOS_ANGELES_CLIPPERS,OKLAHOMA_CITY_THUNDER,0,2,0,226.0,250.0,113.0,125.0
LOS_ANGELES_CLIPPERS,OKLAHOMA_CITY_THUNDER,1,1,0,92.0,105.0,92.0,105.0
LOS_ANGELES_CLIPPERS,ORLANDO_MAGIC,1,1,1,104.0,93.0,104.0,93.0
LOS_ANGELES_CLIPPERS,PHILADELPHIA_76ERS,0,1,1,125.0,99.0,125.0,99.0
LOS_ANGELES_CLIPPERS,PHILADELPHIA_76ERS,1,1,1,110.0,98.0,110.0,98.0
LOS_ANGELES_CLIPPERS,PHOENIX_SUNS,0,1,0,109.0,111.0,109.0,111.0
LOS_ANGELES_CLIPPERS,PHOENIX_SUNS,1,2,0,232.0,241.0,116.0,120.5
LOS_ANGELES_CLIPPERS,PORTLAND_TRAIL_BLAZERS,0,1,1,118.0,89.0,118.0,89.0
LOS_ANGELES_CLIPPERS,PORTLAND_TRAIL_BLAZERS,1,2,1,232.0,211.0,116.0,105.5
LOS_ANGELES_CLIPPERS,SACRAMENTO_KINGS,0,1,1,107.0,98.0,107.0,98.0
LOS_ANGELES_CLIPPERS,SACRAMENTO_KINGS,1,1,1,104.0,88.0,104.0,88.0
LOS_ANGELES_CLIPPERS,SAN_ANTONIO_SPURS,0,2,1,214.0,238.0,107.0,119.0
LOS_ANGELES_CLIPPERS,SAN_ANTONIO_SPURS,1,1,1,113.0,104.0,113.0,104.0
LOS_ANGELES_CLIPPERS,TORONTO_RAPTORS,0,1,0,108.0,115.0,108.0,115.0
LOS_ANGELES_CLIPPERS,TORONTO_RAPTORS,1,1,1,105.0,103.0,105.0,103.0
LOS_ANGELES_CLIPPERS,UTAH_JAZZ,0,1,1,120.0,116.0,120.0,116.0
LOS_ANGELES_CLIPPERS,UTAH_JAZZ,1,3,3,390.0,322.0,130.0,107.33333333333333
LOS_ANGELES_CLIPPERS,WASHINGTON_WIZARDS,0,1,1,121.0,96.0,121.0,96.0
LOS_ANGELES_CLIPPERS,WASHINGTON_WIZARDS,1,1,1,110.0,93.0,110.0,93.0
LOS_ANGELES_LAKERS,ATLANTA_HAWKS,0,1,0,132.0,134.0,132.0,134.0
LOS_ANGELES_LAKERS,ATLANTA_HAWKS,1,1,1,119.0,102.0,119.0,102.0
LOS_ANGELES_LAKERS,BOSTON_CELTICS,1,1,1,117.0,96.0,117.0,96.0
LOS_ANGELES_LAKERS,BROOKLYN_NETS,1,1,1,102.0,101.0,102.0,101.0
LOS_ANGELES_LAKERS,CHARLOTTE_HORNETS,0,1,1,112.0,107.0,112.0,107.0
LOS_ANGELES_LAKERS,CHARLOTTE_HORNETS,1,1,0,97.0,100.0,97.0,100.0
LOS_ANGELES_LAKERS,CLEVELAND_CAVALIERS,0,1,0,110.0,134.0,110.0,134.0
LOS_ANGELES_LAKERS,CLEVELAND_CAVALIERS,1,1,0,110.0,122.0,110.0,122.0
LOS_ANGELES_LAKERS,DALLAS_MAVERICKS,0,1,0,97.0,118.0,97.0,118.0
LOS_ANGELES_LAKERS,DENVER_NUGGETS,0,1,1,123.0,100.0,123.0,100.0
LOS_ANGELES_LAKERS,DENVER_NUGGETS,1,1,0,102.0,127.0,102.0,127.0
LOS_ANGELES_LAKERS,DETROIT_PISTONS,0,1,0,103.0,115.0,103.0,115.0
LOS_ANGELES_LAKERS,DETROIT_PISTONS,1,1,0,114.0,117.0,114.0,117.0
LOS_ANGELES_LAKERS,GOLDEN_STATE_WARRIORS,0,2,2,233.0,221.0,116.5,110.5
LOS_ANGELES_LAKERS,GOLDEN_STATE_WARRIORS,1,1,1,120.0,112.0,120.0,112.0
LOS_ANGELES_LAKERS,HOUSTON_ROCKETS,0,1,0,115.0,119.0,115.0,119.0
LOS_ANGELES_LAKERS,INDIANA_PACERS,1,1,1,124.0,117.0,124.0,117.0
LOS_ANGELES_LAKERS,LOS_ANGELES_CLIPPERS,0,2,1,224.0,213.0,112.0,106.5
LOS_ANGELES_LAKERS,MEMPHIS_GRIZZLIES,0,1,0,114.0,131.0,114.0,131.0
LOS_ANGELES_LAKERS,MEMPHIS_GRIZZLIES,1,2,2,244.0,233.0,122.0,116.5
LOS_ANGELES_LAKERS,MIAMI_HEAT,0,1,0,93.0,134.0,93.0,134.0
LOS_ANGELES_LAKERS,MIAMI_HEAT,1,1,1,117.0,108.0,117.0,108.0
LOS_ANGELES_LAKERS,MINNESOTA_TIMBERWOLVES,0,2,0,167.0,206.0,83.5,103.0
LOS_ANGELES_LAKERS,MINNESOTA_TIMBERWOLVES,1,1,1,110.0,103.0,110.0,103.0
LOS_ANGELES_LAKERS,NEW_ORLEANS_PELICANS,0,1,1,104.0,99.0,104.0,99.0
LOS_ANGELES_LAKERS,NEW_YORK_KNICKS,0,1,1,128.0,112.0,128.0,112.0
LOS_ANGELES_LAKERS,OKLAHOMA_CITY_THUNDER,1,1,0,93.0,101.0,93.0,101.0
LOS_ANGELES_LAKERS,ORLANDO_MAGIC,1,1,0,118.0,119.0,118.0,119.0
LOS_ANGELES_LAKERS,PHILADELPHIA_76ERS,0,1,0,104.0,118.0,104.0,118.0
LOS_ANGELES_LAKERS,PHILADELPHIA_76ERS,1,1,1,116.0,106.0,116.0,106.0
LOS_ANGELES_LAKERS,PHOENIX_SUNS,0,2,0,205.0,236.0,102.5,118.0
LOS_ANGELES_LAKERS,PHOENIX_SUNS,1,1,1,123.0,116.0,123.0,116.0
LOS_ANGELES_LAKERS,PORTLAND_TRAIL_BLAZERS,0,1,1,110.0,102.0,110.0,102.0
LOS_ANGELES_LAKERS,PORTLAND_TRAIL_BLAZERS,1,2,2,221.0,204.0,110.5,102.0
LOS_ANGELES_LAKERS,SACRAMENTO_KINGS,0,2,2,216.0,199.0,108.0,99.5
LOS_ANGELES_LAKERS,SACRAMENTO_KINGS,1,2,2,263.0,249.0,131.5,124.5
LOS_ANGELES_LAKERS,SAN_ANTONIO_SPURS,0,2,2,239.0,216.0,119.5,108.0
LOS_ANGELES_LAKERS,SAN_ANTONIO_SPURS,1,1,0,102.0,126.0,102.0,126.0
LOS_ANGELES_LAKERS,TORONTO_RAPTORS,0,1,1,131.0,125.0,131.0,125.0
LOS_ANGELES_LAKERS,TORONTO_RAPTORS,1,1,1,123.0,103.0,123.0,103.0
LOS_ANGELES_LAKERS,UTAH_JAZZ,0,2,1,224.0,235.0,112.0,117.5
LOS_ANGELES_LAKERS,UTAH_JAZZ,1,2,2,256.0,231.0,128.0,115.5
LOS_ANGELES_LAKERS,WASHINGTON_WIZARDS,0,1,1,134.0,96.0,134.0,96.0
LOS_ANGELES_LAKERS,WASHINGTON_WIZARDS,1,1,1,111.0,88.0,111.0,88.0
MEMPHIS_GRIZZLIES,ATLANTA_HAWKS,0,1,1,128.0,112.0,128.0,112.0
MEMPHIS_GRIZZLIES,BOSTON_CELTICS,0,1,1,127.0,121.0,127.0,121.0
MEMPHIS_GRIZZLIES,BROOKLYN_NETS,0,1,0,104.0,106.0,104.0,106.0
MEMPHIS_GRIZZLIES,BROOKLYN_NETS,1,2,1,241.0,238.0,120.5,119.0
MEMPHIS_GRIZZLIES,CHARLOTTE_HORNETS,1,1,1,132.0,120.0,132.0,120.0
MEMPHIS_GRIZZLIES,CHICAGO_BULLS,0,1,1,142.0,131.0,142.0,131.0
MEMPHIS_GRIZZLIES,CHICAGO_BULLS,1,1,0,123.0,126.0,123.0,126.0
MEMPHIS_GRIZZLIES,CLEVELAND_CAVALIERS,0,1,0,123.0,129.0,123.0,129.0
MEMPHIS_GRIZZLIES,DALLAS_MAVERICKS,0,1,0,116.0,121.0,116.0,121.0
MEMPHIS_GRIZZLIES,DALLAS_MAVERICKS,1,1,1,119.0,104.0,119.0,104.0
MEMPHIS_GRIZZLIES,DENVER_NUGGETS,1,2,1,215.0,212.0,107.5,106.0
MEMPHIS_GRIZZLIES,DETROIT_PISTONS,1,1,1,131.0,111.0,131.0,111.0
MEMPHIS_GRIZZLIES,GOLDEN_STATE_WARRIORS,0,2,0,231.0,244.0,115.5,122.0
MEMPHIS_GRIZZLIES,GOLDEN_STATE_WARRIORS,1,1,1,144.0,93.0,144.0,93.0
MEMPHIS_GRIZZLIES,HOUSTON_ROCKETS,0,2,0,226.0,248.0,113.0,124.0
MEMPHIS_GRIZZLIES,HOUSTON_ROCKETS,1,2,1,235.0,238.0,117.5,119.0
MEMPHIS_GRIZZLIES,INDIANA_PACERS,0,1,0,113.0,127.0,113.0,127.0
MEMPHIS_GRIZZLIES,INDIANA_PACERS,1,1,1,136.0,121.0,136.0,121.0
MEMPHIS_GRIZZLIES,LOS_ANGELES_CLIPPERS,0,1,0,114.0,128.0,114.0,128.0
MEMPHIS_GRIZZLIES,LOS_ANGELES_CLIPPERS,1,1,0,110.0,114.0,110.0,114.0
MEMPHIS_GRIZZLIES,LOS_ANGELES_LAKERS,0,2,0,233.0,244.0,116.5,122.0
MEMPHIS_GRIZZLIES,LOS_ANGELES_LAKERS,1,1,1,131.0,114.0,131.0,114.0
MEMPHIS_GRIZZLIES,MILWAUKEE_BUCKS,0,1,1,132.0,119.0,132.0,119.0
MEMPHIS_GRIZZLIES,MILWAUKEE_BUCKS,1,1,1,122.0,99.0,122.0,99.0
MEMPHIS_GRIZZLIES,MINNESOTA_TIMBERWOLVES,0,1,1,127.0,125.0,127.0,125.0
MEMPHIS_GRIZZLIES,MINNESOTA_TIMBERWOLVES,1,1,1,108.0,106.0,108.0,106.0
MEMPHIS_GRIZZLIES,NEW_ORLEANS_PELICANS,0,1,1,132.0,124.0,132.0,124.0
MEMPHIS_GRIZZLIES,NEW_ORLEANS_PELICANS,1,2,2,259.0,235.0,129.5,117.5
MEMPHIS_GRIZZLIES,NEW_YORK_KNICKS,0,1,0,106.0,143.0,106.0,143.0
MEMPHIS_GRIZZLIES,OKLAHOMA_CITY_THUNDER,0,1,0,106.0,130.0,106.0,130.0
MEMPHIS_GRIZZLIES,OKLAHOMA_CITY_THUNDER,1,1,0,112.0,125.0,112.0,125.0
MEMPHIS_GRIZZLIES,ORLANDO_MAGIC,0,1,1,105.0,104.0,105.0,104.0
MEMPHIS_GRIZZLIES,ORLANDO_MAGIC,1,1,1,124.0,111.0,124.0,111.0
MEMPHIS_GRIZZLIES,PHILADELPHIA_76ERS,0,1,1,124.0,107.0,124.0,107.0
MEMPHIS_GRIZZLIES,PHILADELPHIA_76ERS,1,1,1,117.0,111.0,117.0,111.0
MEMPHIS_GRIZZLIES,PHOENIX_SUNS,0,2,2,236.0,224.0,118.0,112.0
MEMPHIS_GRIZZLIES,PORTLAND_TRAIL_BLAZERS,0,1,1,134.0,89.0,134.0,89.0
MEMPHIS_GRIZZLIES,PORTLAND_TRAIL_BLAZERS,1,1,1,123.0,98.0,123.0,98.0
MEMPHIS_GRIZZLIES,SACRAMENTO_KINGS,0,1,0,133.0,138.0,133.0,138.0
MEMPHIS_GRIZZLIES,SACRAMENTO_KINGS,1,1,1,115.0,110.0,115.0,110.0
MEMPHIS_GRIZZLIES,SAN_ANTONIO_SPURS,0,2,2,269.0,227.0,134.5,113.5
MEMPHIS_GRIZZLIES,SAN_ANTONIO_SPURS,1,1,1,128.0,109.0,128.0,109.0
MEMPHIS_GRIZZLIES,TORONTO_RAPTORS,0,1,1,138.0,107.0,138.0,107.0
MEMPHIS_GRIZZLIES,TORONTO_RAPTORS,1,1,1,155.0,126.0,155.0,126.0
MEMPHIS_GRIZZLIES,UTAH_JAZZ,0,1,1,126.0,124.0,126.0,124.0
MEMPHIS_GRIZZLIES,UTAH_JAZZ,1,1,1,125.0,103.0,125.0,103.0
MEMPHIS_GRIZZLIES,WASHINGTON_WIZARDS,0,1,1,140.0,112.0,140.0,112.0
MEMPHIS_GRIZZLIES,WASHINGTON_WIZARDS,1,1,1,128.0,104.0,128.0,104.0
MIAMI_HEAT,ATLANTA_HAWKS,0,2,0,196.0,218.0,98.0,109.0
MIAMI_HEAT,BOSTON_CELTICS,0,1,0,89.0,108.0,89.0,108.0
MIAMI_HEAT,BOSTON_CELTICS,1,1,0,85.0,103.0,85.0,103.0
MIAMI_HEAT,BROOKLYN_NETS,0,2,1,192.0,199.0,96.0,99.5
MIAMI_HEAT,BROOKLYN_NETS,1,1,1,110.0,95.0,110.0,95.0
MIAMI_HEAT,CHARLOTTE_HORNETS,0,2,2,212.0,200.0,106.0,100.0
MIAMI_HEAT,CHICAGO_BULLS,0,1,0,124.0,133.0,124.0,133.0
MIAMI_HEAT,CLEVELAND_CAVALIERS,1,2,1,228.0,239.0,114.0,119.5
MIAMI_HEAT,DALLAS_MAVERICKS,0,1,0,113.0,118.0,113.0,118.0
MIAMI_HEAT,DALLAS_MAVERICKS,1,1,1,123.0,118.0,123.0,118.0
MIAMI_HEAT,DENVER_NUGGETS,0,1,0,122.0,135.0,122.0,135.0
MIAMI_HEAT,DENVER_NUGGETS,1,1,0,113.0,133.0,113.0,133.0
MIAMI_HEAT,DETROIT_PISTONS,0,2,0,245.0,248.0,122.5,124.0
MIAMI_HEAT,DETROIT_PISTONS,1,1,1,106.0,98.0,106.0,98.0
MIAMI_HEAT,GOLDEN_STATE_WARRIORS,0,1,1,114.0,98.0,114.0,98.0
MIAMI_HEAT,HOUSTON_ROCKETS,0,1,1,104.0,100.0,104.0,100.0
MIAMI_HEAT,INDIANA_PACERS,0,2,1,234.0,230.0,117.0,115.0
MIAMI_HEAT,INDIANA_PACERS,1,1,0,115.0,128.0,115.0,128.0
MIAMI_HEAT,LOS_ANGELES_CLIPPERS,0,1,0,98.0,109.0,98.0,109.0
MIAMI_HEAT,LOS_ANGELES_LAKERS,0,1,0,108.0,117.0,108.0,117.0
MIAMI_HEAT,LOS_ANGELES_LAKERS,1,1,1,134.0,93.0,134.0,93.0
MIAMI_HEAT,MILWAUKEE_BUCKS,0,2,0,209.0,245.0,104.5,122.5
MIAMI_HEAT,MILWAUKEE_BUCKS,1,1,0,103.0,106.0,103.0,106.0
MIAMI_HEAT,MINNESOTA_TIMBERWOLVES,0,1,1,95.0,94.0,95.0,94.0
MIAMI_HEAT,NEW_ORLEANS_PELICANS,1,1,1,119.0,108.0,119.0,108.0
MIAMI_HEAT,NEW_YORK_KNICKS,1,1,0,107.0,116.0,107.0,116.0
MIAMI_HEAT,OKLAHOMA_CITY_THUNDER,0,1,0,101.0,115.0,101.0,115.0
MIAMI_HEAT,OKLAHOMA_CITY_THUNDER,1,1,0,97.0,104.0,97.0,104.0
MIAMI_HEAT,ORLANDO_MAGIC,0,2,1,203.0,209.0,101.5,104.5
MIAMI_HEAT,ORLANDO_MAGIC,1,2,1,222.0,235.0,111.0,117.5
MIAMI_HEAT,PHILADELPHIA_76ERS,0,1,1,108.0,101.0,108.0,101.0
MIAMI_HEAT,PHILADELPHIA_76ERS,1,1,1,106.0,89.0,106.0,89.0
MIAMI_HEAT,PHOENIX_SUNS,0,1,0,112.0,115.0,112.0,115.0
MIAMI_HEAT,PHOENIX_SUNS,1,1,1,121.0,111.0,121.0,111.0
MIAMI_HEAT,PORTLAND_TRAIL_BLAZERS,0,1,1,119.0,98.0,119.0,98.0
MIAMI_HEAT,PORTLAND_TRAIL_BLAZERS,1,1,0,107.0,116.0,107.0,116.0
MIAMI_HEAT,SACRAMENTO_KINGS,0,1,0,118.0,123.0,118.0,123.0
MIAMI_HEAT,SACRAMENTO_KINGS,1,1,0,110.0,111.0,110.0,111.0
MIAMI_HEAT,SAN_ANTONIO_SPURS,0,1,1,105.0,103.0,105.0,103.0
MIAMI_HEAT,SAN_ANTONIO_SPURS,1,1,1,128.0,107.0,128.0,107.0
MIAMI_HEAT,TORONTO_RAPTORS,0,2,1,236.0,230.0,118.0,115.0
MIAMI_HEAT,TORONTO_RAPTORS,1,2,2,235.0,215.0,117.5,107.5
MIAMI_HEAT,UTAH_JAZZ,0,1,1,97.0,92.0,97.0,92.0
MIAMI_HEAT,UTAH_JAZZ,1,1,0,100.0,136.0,100.0,136.0
MIAMI_HEAT,WASHINGTON_WIZARDS,0,1,1,118.0,98.0,118.0,98.0
MILWAUKEE_BUCKS,ATLANTA_HAWKS,0,1,0,110.0,115.0,110.0,115.0
MILWAUKEE_BUCKS,ATLANTA_HAWKS,1,2,1,214.0,221.0,107.0,110.5
MILWAUKEE_BUCKS,BOSTON_CELTICS,0,2,0,213.0,230.0,106.5,115.0
MILWAUKEE_BUCKS,BOSTON_CELTICS,1,1,0,107.0,113.0,107.0,113.0
MILWAUKEE_BUCKS,BROOKLYN_NETS,0,2,1,220.0,228.0,110.0,114.0
MILWAUKEE_BUCKS,BROOKLYN_NETS,1,2,0,215.0,224.0,107.5,112.0
MILWAUKEE_BUCKS,CHARLOTTE_HORNETS,0,2,1,226.0,217.0,113.0,108.5
MILWAUKEE_BUCKS,CHARLOTTE_HORNETS,1,1,1,125.0,119.0,125.0,119.0
MILWAUKEE_BUCKS,CHICAGO_BULLS,0,2,1,223.0,207.0,111.5,103.5
MILWAUKEE_BUCKS,CHICAGO_BULLS,1,2,1,244.0,239.0,122.0,119.5
MILWAUKEE_BUCKS,CLEVELAND_CAVALIERS,0,2,0,215.0,240.0,107.5,120.0
MILWAUKEE_BUCKS,CLEVELAND_CAVALIERS,1,1,0,113.0,114.0,113.0,114.0
MILWAUKEE_BUCKS,DETROIT_PISTONS,0,1,1,128.0,107.0,128.0,107.0
MILWAUKEE_BUCKS,DETROIT_PISTONS,1,1,1,127.0,120.0,127.0,120.0
MILWAUKEE_BUCKS,GOLDEN_STATE_WARRIORS,1,1,0,111.0,125.0,111.0,125.0
MILWAUKEE_BUCKS,HOUSTON_ROCKETS,1,1,1,101.0,100.0,101.0,100.0
MILWAUKEE_BUCKS,INDIANA_PACERS,0,1,1,120.0,112.0,120.0,112.0
MILWAUKEE_BUCKS,INDIANA_PACERS,1,1,1,129.0,117.0,129.0,117.0
MILWAUKEE_BUCKS,LOS_ANGELES_CLIPPERS,0,1,0,117.0,127.0,117.0,127.0
MILWAUKEE_BUCKS,LOS_ANGELES_CLIPPERS,1,1,1,116.0,110.0,116.0,110.0
MILWAUKEE_BUCKS,MEMPHIS_GRIZZLIES,0,1,0,99.0,122.0,99.0,122.0
MILWAUKEE_BUCKS,MEMPHIS_GRIZZLIES,1,1,0,119.0,132.0,119.0,132.0
MILWAUKEE_BUCKS,MIAMI_HEAT,0,1,1,106.0,103.0,106.0,103.0
MILWAUKEE_BUCKS,MIAMI_HEAT,1,2,2,245.0,209.0,122.5,104.5
MILWAUKEE_BUCKS,MINNESOTA_TIMBERWOLVES,0,1,1,103.0,101.0,103.0,101.0
MILWAUKEE_BUCKS,NEW_YORK_KNICKS,0,2,0,200.0,256.0,100.0,128.0
MILWAUKEE_BUCKS,OKLAHOMA_CITY_THUNDER,0,2,1,193.0,206.0,96.5,103.0
MILWAUKEE_BUCKS,ORLANDO_MAGIC,0,1,1,109.0,106.0,109.0,106.0
MILWAUKEE_BUCKS,ORLANDO_MAGIC,1,2,2,236.0,202.0,118.0,101.0
MILWAUKEE_BUCKS,PHILADELPHIA_76ERS,0,1,1,124.0,109.0,124.0,109.0
MILWAUKEE_BUCKS,PHILADELPHIA_76ERS,1,2,2,258.0,236.0,129.0,118.0
MILWAUKEE_BUCKS,PORTLAND_TRAIL_BLAZERS,0,1,0,112.0,125.0,112.0,125.0
MILWAUKEE_BUCKS,PORTLAND_TRAIL_BLAZERS,1,1,0,102.0,105.0,102.0,105.0
MILWAUKEE_BUCKS,SACRAMENTO_KINGS,1,1,1,130.0,115.0,130.0,115.0
MILWAUKEE_BUCKS,SAN_ANTONIO_SPURS,0,1,0,118.0,144.0,118.0,144.0
MILWAUKEE_BUCKS,SAN_ANTONIO_SPURS,1,1,1,121.0,105.0,121.0,105.0
MILWAUKEE_BUCKS,TORONTO_RAPTORS,0,1,1,128.0,104.0,128.0,104.0
MILWAUKEE_BUCKS,TORONTO_RAPTORS,1,2,2,229.0,197.0,114.5,98.5
MILWAUKEE_BUCKS,UTAH_JAZZ,0,1,1,125.0,110.0,125.0,110.0
MILWAUKEE_BUCKS,UTAH_JAZZ,1,1,1,123.0,100.0,123.0,100.0
MILWAUKEE_BUCKS,WASHINGTON_WIZARDS,0,1,1,104.0,101.0,104.0,101.0
MILWAUKEE_BUCKS,WASHINGTON_WIZARDS,1,2,2,236.0,215.0,118.0,107.5
MINNESOTA_TIMBERWOLVES,ATLANTA_HAWKS,0,1,0,104.0,117.0,104.0,117.0
MINNESOTA_TIMBERWOLVES,ATLANTA_HAWKS,1,1,1,100.0,92.0,100.0,92.0
MINNESOTA_TIMBERWOLVES,BOSTON_CELTICS,0,1,0,105.0,107.0,105.0,107.0
MINNESOTA_TIMBERWOLVES,BOSTON_CELTICS,1,1,0,115.0,118.0,115.0,118.0
MINNESOTA_TIMBERWOLVES,CHARLOTTE_HORNETS,1,1,1,114.0,93.0,114.0,93.0
MINNESOTA_TIMBERWOLVES,CHICAGO_BULLS,0,1,1,135.0,119.0,135.0,119.0
MINNESOTA_TIMBERWOLVES,CHICAGO_BULLS,1,1,1,127.0,108.0,127.0,108.0
MINNESOTA_TIMBERWOLVES,CLEVELAND_CAVALIERS,0,1,0,107.0,128.0,107.0,128.0
MINNESOTA_TIMBERWOLVES,CLEVELAND_CAVALIERS,1,1,0,117.0,124.0,117.0,124.0
MINNESOTA_TIMBERWOLVES,DALLAS_MAVERICKS,0,2,2,220.0,213.0,110.0,106.5
MINNESOTA_TIMBERWOLVES,DALLAS_MAVERICKS,1,1,0,114.0,120.0,114.0,120.0
MINNESOTA_TIMBERWOLVES,DENVER_NUGGETS,1,2,2,252.0,220.0,126.0,110.0
MINNESOTA_TIMBERWOLVES,DETROIT_PISTONS,0,1,0,105.0,119.0,105.0,119.0
MINNESOTA_TIMBERWOLVES,GOLDEN_STATE_WARRIORS,0,2,1,213.0,204.0,106.5,102.0
MINNESOTA_TIMBERWOLVES,GOLDEN_STATE_WARRIORS,1,2,0,218.0,229.0,109.0,114.5
MINNESOTA_TIMBERWOLVES,HOUSTON_ROCKETS,0,2,1,228.0,233.0,114.0,116.5
MINNESOTA_TIMBERWOLVES,HOUSTON_ROCKETS,1,2,1,238.0,231.0,119.0,115.5
MINNESOTA_TIMBERWOLVES,LOS_ANGELES_CLIPPERS,0,1,1,108.0,80.0,108.0,80.0
MINNESOTA_TIMBERWOLVES,LOS_ANGELES_CLIPPERS,1,2,2,201.0,198.0,100.5,99.0
MINNESOTA_TIMBERWOLVES,LOS_ANGELES_LAKERS,0,1,0,103.0,110.0,103.0,110.0
MINNESOTA_TIMBERWOLVES,LOS_ANGELES_LAKERS,1,2,2,206.0,167.0,103.0,83.5
MINNESOTA_TIMBERWOLVES,MEMPHIS_GRIZZLIES,0,1,0,106.0,108.0,106.0,108.0
MINNESOTA_TIMBERWOLVES,MEMPHIS_GRIZZLIES,1,1,0,125.0,127.0,125.0,127.0
MINNESOTA_TIMBERWOLVES,MIAMI_HEAT,1,1,0,94.0,95.0,94.0,95.0
MINNESOTA_TIMBERWOLVES,MILWAUKEE_BUCKS,1,1,0,101.0,103.0,101.0,103.0
MINNESOTA_TIMBERWOLVES,NEW_ORLEANS_PELICANS,0,1,1,104.0,97.0,104.0,97.0
MINNESOTA_TIMBERWOLVES,NEW_YORK_KNICKS,0,1,1,116.0,99.0,116.0,99.0
MINNESOTA_TIMBERWOLVES,NEW_YORK_KNICKS,1,1,0,107.0,133.0,107.0,133.0
MINNESOTA_TIMBERWOLVES,OKLAHOMA_CITY_THUNDER,0,2,1,236.0,241.0,118.0,120.5
MINNESOTA_TIMBERWOLVES,OKLAHOMA_CITY_THUNDER,1,2,1,239.0,231.0,119.5,115.5
MINNESOTA_TIMBERWOLVES,ORLANDO_MAGIC,0,1,1,104.0,89.0,104.0,89.0
MINNESOTA_TIMBERWOLVES,PHOENIX_SUNS,0,1,1,121.0,113.0,121.0,113.0
MINNESOTA_TIMBERWOLVES,PHOENIX_SUNS,1,1,1,120.0,117.0,120.0,117.0
MINNESOTA_TIMBERWOLVES,PORTLAND_TRAIL_BLAZERS,0,2,0,206.0,228.0,103.0,114.0
MINNESOTA_TIMBERWOLVES,PORTLAND_TRAIL_BLAZERS,1,2,2,241.0,200.0,120.5,100.0
MINNESOTA_TIMBERWOLVES,SACRAMENTO_KINGS,0,2,2,247.0,241.0,123.5,120.5
MINNESOTA_TIMBERWOLVES,SACRAMENTO_KINGS,1,2,0,218.0,231.0,109.0,115.5
MINNESOTA_TIMBERWOLVES,SAN_ANTONIO_SPURS,0,2,1,209.0,205.0,104.5,102.5
MINNESOTA_TIMBERWOLVES,SAN_ANTONIO_SPURS,1,1,1,112.0,110.0,112.0,110.0
MINNESOTA_TIMBERWOLVES,TORONTO_RAPTORS,0,1,0,105.0,110.0,105.0,110.0
MINNESOTA_TIMBERWOLVES,TORONTO_RAPTORS,1,1,1,112.0,101.0,112.0,101.0
MINNESOTA_TIMBERWOLVES,UTAH_JAZZ,0,1,1,138.0,113.0,138.0,113.0
MINNESOTA_TIMBERWOLVES,WASHINGTON_WIZARDS,0,1,1,120.0,106.0,120.0,106.0
MINNESOTA_TIMBERWOLVES,WASHINGTON_WIZARDS,1,1,0,103.0,105.0,103.0,105.0
NEW_ORLEANS_PELICANS,ATLANTA_HAWKS,0,1,0,112.0,124.0,112.0,124.0
NEW_ORLEANS_PELICANS,ATLANTA_HAWKS,1,1,0,111.0,126.0,111.0,126.0
NEW_ORLEANS_PELICANS,BOSTON_CELTICS,0,1,0,119.0,120.0,119.0,120.0
NEW_ORLEANS_PELICANS,BOSTON_CELTICS,1,1,0,116.0,118.0,116.0,118.0
NEW_ORLEANS_PELICANS,BROOKLYN_NETS,1,1,0,105.0,107.0,105.0,107.0
NEW_ORLEANS_PELICANS,CHARLOTTE_HORNETS,0,1,0,92.0,123.0,92.0,123.0
NEW_ORLEANS_PELICANS,CHICAGO_BULLS,0,1,1,119.0,113.0,119.0,113.0
NEW_ORLEANS_PELICANS,CHICAGO_BULLS,1,1,1,123.0,111.0,123.0,111.0
NEW_ORLEANS_PELICANS,CLEVELAND_CAVALIERS,0,1,0,100.0,128.0,100.0,128.0
NEW_ORLEANS_PELICANS,CLEVELAND_CAVALIERS,1,1,0,122.0,131.0,122.0,131.0
NEW_ORLEANS_PELICANS,DALLAS_MAVERICKS,0,2,0,194.0,243.0,97.0,121.5
NEW_ORLEANS_PELICANS,DALLAS_MAVERICKS,1,2,1,255.0,253.0,127.5,126.5
NEW_ORLEANS_PELICANS,DENVER_NUGGETS,0,2,0,232.0,269.0,116.0,134.5
NEW_ORLEANS_PELICANS,DENVER_NUGGETS,1,2,1,230.0,226.0,115.0,113.0
NEW_ORLEANS_PELICANS,GOLDEN_STATE_WARRIORS,0,2,0,195.0,228.0,97.5,114.0
NEW_ORLEANS_PELICANS,GOLDEN_STATE_WARRIORS,1,1,0,108.0,112.0,108.0,112.0
NEW_ORLEANS_PELICANS,HOUSTON_ROCKETS,0,1,0,113.0,133.0,113.0,133.0
NEW_ORLEANS_PELICANS,HOUSTON_ROCKETS,1,1,0,111.0,128.0,111.0,128.0
NEW_ORLEANS_PELICANS,INDIANA_PACERS,0,2,0,214.0,233.0,107.0,116.5
NEW_ORLEANS_PELICANS,INDIANA_PACERS,1,1,1,125.0,118.0,125.0,118.0
NEW_ORLEANS_PELICANS,LOS_ANGELES_CLIPPERS,1,1,0,113.0,116.0,113.0,116.0
NEW_ORLEANS_PELICANS,LOS_ANGELES_LAKERS,1,1,0,99.0,104.0,99.0,104.0
NEW_ORLEANS_PELICANS,MEMPHIS_GRIZZLIES,0,2,0,235.0,259.0,117.5,129.5
NEW_ORLEANS_PELICANS,MEMPHIS_GRIZZLIES,1,1,0,124.0,132.0,124.0,132.0
NEW_ORLEANS_PELICANS,MIAMI_HEAT,0,1,0,108.0,119.0,108.0,119.0
NEW_ORLEANS_PELICANS,MINNESOTA_TIMBERWOLVES,1,1,0,97.0,104.0,97.0,104.0
NEW_ORLEANS_PELICANS,NEW_YORK_KNICKS,0,1,0,85.0,118.0,85.0,118.0
NEW_ORLEANS_PELICANS,NEW_YORK_KNICKS,1,1,0,93.0,104.0,93.0,104.0
NEW_ORLEANS_PELICANS,OKLAHOMA_CITY_THUNDER,0,2,0,189.0,243.0,94.5,121.5
NEW_ORLEANS_PELICANS,OKLAHOMA_CITY_THUNDER,1,1,0,109.0,119.0,109.0,119.0
NEW_ORLEANS_PELICANS,ORLANDO_MAGIC,0,1,0,88.0,115.0,88.0,115.0
NEW_ORLEANS_PELICANS,PHILADELPHIA_76ERS,0,1,1,123.0,115.0,123.0,115.0
NEW_ORLEANS_PELICANS,PHOENIX_SUNS,1,1,1,126.0,124.0,126.0,124.0
NEW_ORLEANS_PELICANS,PORTLAND_TRAIL_BLAZERS,0,2,1,208.0,228.0,104.0,114.0
NEW_ORLEANS_PELICANS,PORTLAND_TRAIL_BLAZERS,1,2,0,200.0,237.0,100.0,118.5
NEW_ORLEANS_PELICANS,SACRAMENTO_KINGS,0,1,0,118.0,123.0,118.0,123.0
NEW_ORLEANS_PELICANS,SACRAMENTO_KINGS,1,3,1,360.0,363.0,120.0,121.0
NEW_ORLEANS_PELICANS,SAN_ANTONIO_SPURS,0,1,0,116.0,121.0,116.0,121.0
NEW_ORLEANS_PELICANS,SAN_ANTONIO_SPURS,1,1,1,114.0,96.0,114.0,96.0
NEW_ORLEANS_PELICANS,TORONTO_RAPTORS,0,1,0,104.0,113.0,104.0,113.0
NEW_ORLEANS_PELICANS,TORONTO_RAPTORS,1,1,0,93.0,119.0,93.0,119.0
NEW_ORLEANS_PELICANS,UTAH_JAZZ,1,2,2,259.0,242.0,129.5,121.0
NEW_ORLEANS_PELICANS,WASHINGTON_WIZARDS,0,1,1,110.0,98.0,110.0,98.0
NEW_ORLEANS_PELICANS,WASHINGTON_WIZARDS,1,1,1,132.0,120.0,132.0,120.0
NEW_YORK_KNICKS,ATLANTA_HAWKS,0,1,0,116.0,121.0,116.0,121.0
NEW_YORK_KNICKS,ATLANTA_HAWKS,1,3,2,368.0,366.0,122.66666666666667,122.0
NEW_YORK_KNICKS,BOSTON_CELTICS,0,2,0,214.0,250.0,107.0,125.0
NEW_YORK_KNICKS,BOSTON_CELTICS,1,1,0,104.0,131.0,104.0,131.0
NEW_YORK_KNICKS,BROOKLYN_NETS,0,1,1,99.0,95.0,99.0,95.0
NEW_YORK_KNICKS,BROOKLYN_NETS,1,2,2,238.0,226.0,119.0,113.0
NEW_YORK_KNICKS,CHARLOTTE_HORNETS,0,1,1,99.0,98.0,99.0,98.0
NEW_YORK_KNICKS,CHARLOTTE_HORNETS,1,1,1,125.0,101.0,125.0,101.0
NEW_YORK_KNICKS,CHICAGO_BULLS,0,1,0,126.0,139.0,126.0,139.0
NEW_YORK_KNICKS,CHICAGO_BULLS,1,2,1,236.0,235.0,118.0,117.5
NEW_YORK_KNICKS,CLEVELAND_CAVALIERS,0,1,0,105.0,142.0,105.0,142.0
NEW_YORK_KNICKS,CLEVELAND_CAVALIERS,1,1,0,104.0,110.0,104.0,110.0
NEW_YORK_KNICKS,DALLAS_MAVERICKS,0,1,0,114.0,129.0,114.0,129.0
NEW_YORK_KNICKS,DENVER_NUGGETS,0,1,1,145.0,118.0,145.0,118.0
NEW_YORK_KNICKS,DENVER_NUGGETS,1,1,1,122.0,112.0,122.0,112.0
NEW_YORK_KNICKS,DETROIT_PISTONS,0,1,1,128.0,98.0,128.0,98.0
NEW_YORK_KNICKS,DETROIT_PISTONS,1,2,0,230.0,244.0,115.0,122.0
NEW_YORK_KNICKS,HOUSTON_ROCKETS,0,1,0,97.0,109.0,97.0,109.0
NEW_YORK_KNICKS,HOUSTON_ROCKETS,1,1,1,124.0,118.0,124.0,118.0
NEW_YORK_KNICKS,INDIANA_PACERS,0,2,1,249.0,247.0,124.5,123.5
NEW_YORK_KNICKS,INDIANA_PACERS,1,1,1,123.0,98.0,123.0,98.0
NEW_YORK_KNICKS,LOS_ANGELES_LAKERS,1,1,0,112.0,128.0,112.0,128.0
NEW_YORK_KNICKS,MEMPHIS_GRIZZLIES,1,1,1,143.0,106.0,143.0,106.0
NEW_YORK_KNICKS,MIAMI_HEAT,0,1,1,116.0,107.0,116.0,107.0
NEW_YORK_KNICKS,MILWAUKEE_BUCKS,1,2,2,256.0,200.0,128.0,100.0
NEW_YORK_KNICKS,MINNESOTA_TIMBERWOLVES,0,1,1,133.0,107.0,133.0,107.0
NEW_YORK_KNICKS,MINNESOTA_TIMBERWOLVES,1,1,0,99.0,116.0,99.0,116.0
NEW_YORK_KNICKS,NEW_ORLEANS_PELICANS,0,1,1,104.0,93.0,104.0,93.0
NEW_YORK_KNICKS,NEW_ORLEANS_PELICANS,1,1,1,118.0,85.0,118.0,85.0
NEW_YORK_KNICKS,OKLAHOMA_CITY_THUNDER,0,1,0,107.0,117.0,107.0,117.0
NEW_YORK_KNICKS,OKLAHOMA_CITY_THUNDER,1,1,0,101.0,126.0,101.0,126.0
NEW_YORK_KNICKS,ORLANDO_MAGIC,0,2,2,208.0,176.0,104.0,88.0
NEW_YORK_KNICKS,ORLANDO_MAGIC,1,2,1,215.0,209.0,107.5,104.5
NEW_YORK_KNICKS,PHILADELPHIA_76ERS,0,2,2,236.0,218.0,118.0,109.0
NEW_YORK_KNICKS,PHOENIX_SUNS,0,1,1,138.0,122.0,138.0,122.0
NEW_YORK_KNICKS,SACRAMENTO_KINGS,1,1,1,143.0,120.0,143.0,120.0
NEW_YORK_KNICKS,SAN_ANTONIO_SPURS,1,1,1,117.0,114.0,117.0,114.0
NEW_YORK_KNICKS,TORONTO_RAPTORS,0,2,2,234.0,223.0,117.0,111.5
NEW_YORK_KNICKS,TORONTO_RAPTORS,1,2,2,251.0,223.0,125.5,111.5
NEW_YORK_KNICKS,UTAH_JAZZ,0,1,0,106.0,121.0,106.0,121.0
NEW_YORK_KNICKS,UTAH_JAZZ,1,1,1,119.0,103.0,119.0,103.0
NEW_YORK_KNICKS,WASHINGTON_WIZARDS,0,2,2,262.0,238.0,131.0,119.0
NEW_YORK_KNICKS,WASHINGTON_WIZARDS,1,1,1,134.0,106.0,134.0,106.0
OKLAHOMA_CITY_THUNDER,ATLANTA_HAWKS,1,1,1,128.0,104.0,128.0,104.0
OKLAHOMA_CITY_THUNDER,BOSTON_CELTICS,1,1,1,105.0,92.0,105.0,92.0
OKLAHOMA_CITY_THUNDER,BROOKLYN_NETS,1,1,1,127.0,101.0,127.0,101.0
OKLAHOMA_CITY_THUNDER,CHARLOTTE_HORNETS,0,1,1,106.0,94.0,106.0,94.0
OKLAHOMA_CITY_THUNDER,CHICAGO_BULLS,0,1,1,114.0,95.0,114.0,95.0
OKLAHOMA_CITY_THUNDER,CLEVELAND_CAVALIERS,0,1,0,122.0,129.0,122.0,129.0
OKLAHOMA_CITY_THUNDER,CLEVELAND_CAVALIERS,1,1,1,134.0,114.0,134.0,114.0
OKLAHOMA_CITY_THUNDER,DALLAS_MAVERICKS,0,1,0,98.0,106.0,98.0,106.0
OKLAHOMA_CITY_THUNDER,DALLAS_MAVERICKS,1,3,1,352.0,346.0,117.33333333333333,115.33333333333333
OKLAHOMA_CITY_THUNDER,DENVER_NUGGETS,0,2,1,224.0,211.0,112.0,105.5
OKLAHOMA_CITY_THUNDER,GOLDEN_STATE_WARRIORS,0,2,1,214.0,217.0,107.0,108.5
OKLAHOMA_CITY_THUNDER,GOLDEN_STATE_WARRIORS,1,1,0,116.0,127.0,116.0,127.0
OKLAHOMA_CITY_THUNDER,HOUSTON_ROCKETS,0,1,0,116.0,119.0,116.0,119.0
OKLAHOMA_CITY_THUNDER,HOUSTON_ROCKETS,1,2,2,237.0,203.0,118.5,101.5
OKLAHOMA_CITY_THUNDER,INDIANA_PACERS,0,1,1,120.0,114.0,120.0,114.0
OKLAHOMA_CITY_THUNDER,LOS_ANGELES_CLIPPERS,0,1,1,105.0,92.0,105.0,92.0
OKLAHOMA_CITY_THUNDER,LOS_ANGELES_CLIPPERS,1,2,2,250.0,226.0,125.0,113.0
OKLAHOMA_CITY_THUNDER,LOS_ANGELES_LAKERS,0,1,1,101.0,93.0,101.0,93.0
OKLAHOMA_CITY_THUNDER,MEMPHIS_GRIZZLIES,0,1,1,125.0,112.0,125.0,112.0
OKLAHOMA_CITY_THUNDER,MEMPHIS_GRIZZLIES,1,1,1,130.0,106.0,130.0,106.0
OKLAHOMA_CITY_THUNDER,MIAMI_HEAT,0,1,1,104.0,97.0,104.0,97.0
OKLAHOMA_CITY_THUNDER,MIAMI_HEAT,1,1,1,115.0,101.0,115.0,101.0
OKLAHOMA_CITY_THUNDER,MILWAUKEE_BUCKS,1,2,1,206.0,193.0,103.0,96.5
OKLAHOMA_CITY_THUNDER,MINNESOTA_TIMBERWOLVES,0,2,1,231.0,239.0,115.5,119.5
OKLAHOMA_CITY_THUNDER,MINNESOTA_TIMBERWOLVES,1,2,1,241.0,236.0,120.5,118.0
OKLAHOMA_CITY_THUNDER,NEW_ORLEANS_PELICANS,0,1,1,119.0,109.0,119.0,109.0
OKLAHOMA_CITY_THUNDER,NEW_ORLEANS_PELICANS,1,2,2,243.0,189.0,121.5,94.5
OKLAHOMA_CITY_THUNDER,NEW_YORK_KNICKS,0,1,1,126.0,101.0,126.0,101.0
OKLAHOMA_CITY_THUNDER,NEW_YORK_KNICKS,1,1,1,117.0,107.0,117.0,107.0
OKLAHOMA_CITY_THUNDER,ORLANDO_MAGIC,0,1,1,105.0,99.0,105.0,99.0
OKLAHOMA_CITY_THUNDER,ORLANDO_MAGIC,1,1,1,102.0,86.0,102.0,86.0
OKLAHOMA_CITY_THUNDER,PHILADELPHIA_76ERS,0,1,1,118.0,102.0,118.0,102.0
OKLAHOMA_CITY_THUNDER,PHOENIX_SUNS,1,2,2,239.0,192.0,119.5,96.0
OKLAHOMA_CITY_THUNDER,PORTLAND_TRAIL_BLAZERS,0,2,2,255.0,222.0,127.5,111.0
OKLAHOMA_CITY_THUNDER,PORTLAND_TRAIL_BLAZERS,1,1,1,109.0,99.0,109.0,99.0
OKLAHOMA_CITY_THUNDER,SACRAMENTO_KINGS,0,1,1,130.0,109.0,130.0,109.0
OKLAHOMA_CITY_THUNDER,SACRAMENTO_KINGS,1,1,1,144.0,110.0,144.0,110.0
OKLAHOMA_CITY_THUNDER,SAN_ANTONIO_SPURS,0,1,0,104.0,110.0,104.0,110.0
OKLAHOMA_CITY_THUNDER,SAN_ANTONIO_SPURS,1,1,1,105.0,93.0,105.0,93.0
OKLAHOMA_CITY_THUNDER,TORONTO_RAPTORS,0,1,1,129.0,92.0,129.0,92.0
OKLAHOMA_CITY_THUNDER,TORONTO_RAPTORS,1,1,1,121.0,109.0,121.0,109.0
OKLAHOMA_CITY_THUNDER,UTAH_JAZZ,0,1,1,130.0,107.0,130.0,107.0
OKLAHOMA_CITY_THUNDER,UTAH_JAZZ,1,2,2,256.0,220.0,128.0,110.0
OKLAHOMA_CITY_THUNDER,WASHINGTON_WIZARDS,0,1,1,136.0,95.0,136.0,95.0
OKLAHOMA_CITY_THUNDER,WASHINGTON_WIZARDS,1,1,1,123.0,105.0,123.0,105.0
ORLANDO_MAGIC,ATLANTA_HAWKS,0,1,1,114.0,108.0,114.0,108.0
ORLANDO_MAGIC,ATLANTA_HAWKS,1,1,0,106.0,112.0,106.0,112.0
ORLANDO_MAGIC,BOSTON_CELTICS,0,1,0,94.0,121.0,94.0,121.0
ORLANDO_MAGIC,BOSTON_CELTICS,1,1,1,108.0,104.0,108.0,104.0
ORLANDO_MAGIC,BROOKLYN_NETS,0,2,2,223.0,192.0,111.5,96.0
ORLANDO_MAGIC,BROOKLYN_NETS,1,2,2,218.0,202.0,109.0,101.0
ORLANDO_MAGIC,CHARLOTTE_HORNETS,0,1,1,95.0,84.0,95.0,84.0
ORLANDO_MAGIC,CHARLOTTE_HORNETS,1,2,2,216.0,175.0,108.0,87.5
ORLANDO_MAGIC,CHICAGO_BULLS,0,1,0,99.0,102.0,99.0,102.0
ORLANDO_MAGIC,CHICAGO_BULLS,1,1,1,133.0,119.0,133.0,119.0
ORLANDO_MAGIC,CLEVELAND_CAVALIERS,0,1,0,109.0,120.0,109.0,120.0
ORLANDO_MAGIC,DALLAS_MAVERICKS,0,1,0,85.0,108.0,85.0,108.0
ORLANDO_MAGIC,DENVER_NUGGETS,0,1,0,90.0,112.0,90.0,112.0
ORLANDO_MAGIC,DENVER_NUGGETS,1,1,0,100.0,113.0,100.0,113.0
ORLANDO_MAGIC,DETROIT_PISTONS,0,1,0,96.0,105.0,96.0,105.0
ORLANDO_MAGIC,DETROIT_PISTONS,1,2,2,232.0,213.0,116.0,106.5
ORLANDO_MAGIC,GOLDEN_STATE_WARRIORS,0,1,0,99.0,104.0,99.0,104.0
ORLANDO_MAGIC,INDIANA_PACERS,0,1,0,111.0,118.0,111.0,118.0
ORLANDO_MAGIC,INDIANA_PACERS,1,2,2,213.0,205.0,106.5,102.5
ORLANDO_MAGIC,LOS_ANGELES_CLIPPERS,0,1,0,93.0,104.0,93.0,104.0
ORLANDO_MAGIC,LOS_ANGELES_LAKERS,0,1,1,119.0,118.0,119.0,118.0
ORLANDO_MAGIC,MEMPHIS_GRIZZLIES,0,1,0,111.0,124.0,111.0,124.0
ORLANDO_MAGIC,MEMPHIS_GRIZZLIES,1,1,0,104.0,105.0,104.0,105.0
ORLANDO_MAGIC,MIAMI_HEAT,0,2,1,235.0,222.0,117.5,111.0
ORLANDO_MAGIC,MIAMI_HEAT,1,2,1,209.0,203.0,104.5,101.5
ORLANDO_MAGIC,MILWAUKEE_BUCKS,0,2,0,202.0,236.0,101.0,118.0
ORLANDO_MAGIC,MILWAUKEE_BUCKS,1,1,0,106.0,109.0,106.0,109.0
ORLANDO_MAGIC,MINNESOTA_TIMBERWOLVES,1,1,0,89.0,104.0,89.0,104.0
ORLANDO_MAGIC,NEW_ORLEANS_PELICANS,1,1,1,115.0,88.0,115.0,88.0
ORLANDO_MAGIC,NEW_YORK_KNICKS,0,2,1,209.0,215.0,104.5,107.5
ORLANDO_MAGIC,NEW_YORK_KNICKS,1,2,0,176.0,208.0,88.0,104.0
ORLANDO_MAGIC,OKLAHOMA_CITY_THUNDER,0,1,0,86.0,102.0,86.0,102.0
ORLANDO_MAGIC,OKLAHOMA_CITY_THUNDER,1,1,0,99.0,105.0,99.0,105.0
ORLANDO_MAGIC,PHILADELPHIA_76ERS,0,2,1,200.0,204.0,100.0,102.0
ORLANDO_MAGIC,PHILADELPHIA_76ERS,1,2,2,202.0,185.0,101.0,92.5
ORLANDO_MAGIC,PHOENIX_SUNS,0,1,1,109.0,99.0,109.0,99.0
ORLANDO_MAGIC,PHOENIX_SUNS,1,1,1,115.0,110.0,115.0,110.0
ORLANDO_MAGIC,PORTLAND_TRAIL_BLAZERS,0,1,0,90.0,119.0,90.0,119.0
ORLANDO_MAGIC,PORTLAND_TRAIL_BLAZERS,1,1,0,79.0,101.0,79.0,101.0
ORLANDO_MAGIC,SACRAMENTO_KINGS,0,1,1,130.0,111.0,130.0,111.0
ORLANDO_MAGIC,SAN_ANTONIO_SPURS,1,1,1,112.0,111.0,112.0,111.0
ORLANDO_MAGIC,TORONTO_RAPTORS,0,2,1,199.0,206.0,99.5,103.0
ORLANDO_MAGIC,UTAH_JAZZ,0,1,0,99.0,113.0,99.0,113.0
ORLANDO_MAGIC,UTAH_JAZZ,1,1,0,92.0,105.0,92.0,105.0
ORLANDO_MAGIC,WASHINGTON_WIZARDS,1,2,2,231.0,184.0,115.5,92.0
PHILADELPHIA_76ERS,BOSTON_CELTICS,0,1,1,118.0,114.0,118.0,114.0
PHILADELPHIA_76ERS,BOSTON_CELTICS,1,2,0,214.0,242.0,107.0,121.0
PHILADELPHIA_76ERS,BROOKLYN_NETS,0,2,1,219.0,194.0,109.5,97.0
PHILADELPHIA_76ERS,BROOKLYN_NETS,1,2,1,216.0,203.0,108.0,101.5
PHILADELPHIA_76ERS,CHARLOTTE_HORNETS,0,2,2,231.0,212.0,115.5,106.0
PHILADELPHIA_76ERS,CHARLOTTE_HORNETS,1,2,2,215.0,203.0,107.5,101.5
PHILADELPHIA_76ERS,CHICAGO_BULLS,0,2,2,217.0,197.0,108.5,98.5
PHILADELPHIA_76ERS,CHICAGO_BULLS,1,1,0,110.0,142.0,110.0,142.0
PHILADELPHIA_76ERS,CLEVELAND_CAVALIERS,0,1,0,99.0,126.0,99.0,126.0
PHILADELPHIA_76ERS,CLEVELAND_CAVALIERS,1,2,1,238.0,243.0,119.0,121.5
PHILADELPHIA_76ERS,DALLAS_MAVERICKS,1,1,1,118.0,116.0,118.0,116.0
PHILADELPHIA_76ERS,DENVER_NUGGETS,0,1,0,109.0,144.0,109.0,144.0
PHILADELPHIA_76ERS,DENVER_NUGGETS,1,1,0,134.0,137.0,134.0,137.0
PHILADELPHIA_76ERS,DETROIT_PISTONS,0,2,1,223.0,221.0,111.5,110.5
PHILADELPHIA_76ERS,DETROIT_PISTONS,1,1,0,95.0,105.0,95.0,105.0
PHILADELPHIA_76ERS,GOLDEN_STATE_WARRIORS,0,1,0,105.0,139.0,105.0,139.0
PHILADELPHIA_76ERS,HOUSTON_ROCKETS,1,1,0,115.0,122.0,115.0,122.0
PHILADELPHIA_76ERS,INDIANA_PACERS,0,2,1,220.0,229.0,110.0,114.5
PHILADELPHIA_76ERS,INDIANA_PACERS,1,1,0,107.0,121.0,107.0,121.0
PHILADELPHIA_76ERS,LOS_ANGELES_CLIPPERS,0,1,0,98.0,110.0,98.0,110.0
PHILADELPHIA_76ERS,LOS_ANGELES_CLIPPERS,1,1,0,99.0,125.0,99.0,125.0
PHILADELPHIA_76ERS,LOS_ANGELES_LAKERS,0,1,0,106.0,116.0,106.0,116.0
PHILADELPHIA_76ERS,LOS_ANGELES_LAKERS,1,1,1,118.0,104.0,118.0,104.0
PHILADELPHIA_76ERS,MEMPHIS_GRIZZLIES,0,1,0,111.0,117.0,111.0,117.0
PHILADELPHIA_76ERS,MEMPHIS_GRIZZLIES,1,1,0,107.0,124.0,107.0,124.0
PHILADELPHIA_76ERS,MIAMI_HEAT,0,1,0,89.0,106.0,89.0,106.0
PHILADELPHIA_76ERS,MIAMI_HEAT,1,1,0,101.0,108.0,101.0,108.0
PHILADELPHIA_76ERS,MILWAUKEE_BUCKS,0,2,0,236.0,258.0,118.0,129.0
PHILADELPHIA_76ERS,MILWAUKEE_BUCKS,1,1,0,109.0,124.0,109.0,124.0
PHILADELPHIA_76ERS,NEW_ORLEANS_PELICANS,1,1,0,115.0,123.0,115.0,123.0
PHILADELPHIA_76ERS,NEW_YORK_KNICKS,1,2,0,218.0,236.0,109.0,118.0
PHILADELPHIA_76ERS,OKLAHOMA_CITY_THUNDER,1,1,0,102.0,118.0,102.0,118.0
PHILADELPHIA_76ERS,ORLANDO_MAGIC,0,2,0,185.0,202.0,92.5,101.0
PHILADELPHIA_76ERS,ORLANDO_MAGIC,1,2,1,204.0,200.0,102.0,100.0
PHILADELPHIA_76ERS,PHOENIX_SUNS,0,1,0,116.0,118.0,116.0,118.0
PHILADELPHIA_76ERS,PHOENIX_SUNS,1,1,0,99.0,109.0,99.0,109.0
PHILADELPHIA_76ERS,PORTLAND_TRAIL_BLAZERS,0,1,1,125.0,103.0,125.0,103.0
PHILADELPHIA_76ERS,SACRAMENTO_KINGS,0,1,0,107.0,113.0,107.0,113.0
PHILADELPHIA_76ERS,SACRAMENTO_KINGS,1,1,1,117.0,104.0,117.0,104.0
PHILADELPHIA_76ERS,SAN_ANTONIO_SPURS,1,1,1,111.0,106.0,111.0,106.0
PHILADELPHIA_76ERS,TORONTO_RAPTORS,0,1,0,107.0,115.0,107.0,115.0
PHILADELPHIA_76ERS,TORONTO_RAPTORS,1,1,0,103.0,106.0,103.0,106.0
PHILADELPHIA_76ERS,UTAH_JAZZ,0,1,1,114.0,111.0,114.0,111.0
PHILADELPHIA_76ERS,WASHINGTON_WIZARDS,1,1,1,109.0,103.0,109.0,103.0
PHOENIX_SUNS,ATLANTA_HAWKS,0,1,0,117.0,122.0,117.0,122.0
PHOENIX_SUNS,ATLANTA_HAWKS,1,1,1,123.0,115.0,123.0,115.0
PHOENIX_SUNS,BROOKLYN_NETS,0,1,1,108.0,84.0,108.0,84.0
PHOENIX_SUNS,BROOKLYN_NETS,1,1,0,117.0,127.0,117.0,127.0
PHOENIX_SUNS,CHARLOTTE_HORNETS,0,1,0,104.0,115.0,104.0,115.0
PHOENIX_SUNS,CHARLOTTE_HORNETS,1,1,1,120.0,113.0,120.0,113.0
PHOENIX_SUNS,CHICAGO_BULLS,0,1,1,121.0,117.0,121.0,117.0
PHOENIX_SUNS,CLEVELAND_CAVALIERS,0,1,0,92.0,118.0,92.0,118.0
PHOENIX_SUNS,DALLAS_MAVERICKS,0,1,1,114.0,113.0,114.0,113.0
PHOENIX_SUNS,DALLAS_MAVERICKS,1,2,1,203.0,200.0,101.5,100.0
PHOENIX_SUNS,DENVER_NUGGETS,0,1,0,90.0,117.0,90.0,117.0
PHOENIX_SUNS,DENVER_NUGGETS,1,2,1,215.0,222.0,107.5,111.0
PHOENIX_SUNS,DETROIT_PISTONS,0,1,1,125.0,121.0,125.0,121.0
PHOENIX_SUNS,DETROIT_PISTONS,1,1,0,125.0,133.0,125.0,133.0
PHOENIX_SUNS,GOLDEN_STATE_WARRIORS,0,2,1,235.0,214.0,117.5,107.0
PHOENIX_SUNS,GOLDEN_STATE_WARRIORS,1,1,1,113.0,105.0,113.0,105.0
PHOENIX_SUNS,HOUSTON_ROCKETS,0,1,0,111.0,119.0,111.0,119.0
PHOENIX_SUNS,INDIANA_PACERS,0,1,0,108.0,126.0,108.0,126.0
PHOENIX_SUNS,INDIANA_PACERS,1,1,0,111.0,120.0,111.0,120.0
PHOENIX_SUNS,LOS_ANGELES_CLIPPERS,0,2,2,241.0,232.0,120.5,116.0
PHOENIX_SUNS,LOS_ANGELES_CLIPPERS,1,1,1,111.0,109.0,111.0,109.0
PHOENIX_SUNS,LOS_ANGELES_LAKERS,0,1,0,116.0,123.0,116.0,123.0
PHOENIX_SUNS,LOS_ANGELES_LAKERS,1,2,2,236.0,205.0,118.0,102.5
PHOENIX_SUNS,MEMPHIS_GRIZZLIES,1,2,0,224.0,236.0,112.0,118.0
PHOENIX_SUNS,MIAMI_HEAT,0,1,0,111.0,121.0,111.0,121.0
PHOENIX_SUNS,MIAMI_HEAT,1,1,1,115.0,112.0,115.0,112.0
PHOENIX_SUNS,MINNESOTA_TIMBERWOLVES,0,1,0,117.0,120.0,117.0,120.0
PHOENIX_SUNS,MINNESOTA_TIMBERWOLVES,1,1,0,113.0,121.0,113.0,121.0
PHOENIX_SUNS,NEW_ORLEANS_PELICANS,0,1,0,124.0,126.0,124.0,126.0
PHOENIX_SUNS,NEW_YORK_KNICKS,1,1,0,122.0,138.0,122.0,138.0
PHOENIX_SUNS,OKLAHOMA_CITY_THUNDER,0,2,0,192.0,239.0,96.0,119.5
PHOENIX_SUNS,ORLANDO_MAGIC,0,1,0,110.0,115.0,110.0,115.0
PHOENIX_SUNS,ORLANDO_MAGIC,1,1,0,99.0,109.0,99.0,109.0
PHOENIX_SUNS,PHILADELPHIA_76ERS,0,1,1,109.0,99.0,109.0,99.0
PHOENIX_SUNS,PHILADELPHIA_76ERS,1,1,1,118.0,116.0,118.0,116.0
PHOENIX_SUNS,PORTLAND_TRAIL_BLAZERS,0,2,0,227.0,248.0,113.5,124.0
PHOENIX_SUNS,PORTLAND_TRAIL_BLAZERS,1,2,2,219.0,206.0,109.5,103.0
PHOENIX_SUNS,SACRAMENTO_KINGS,0,1,0,104.0,127.0,104.0,127.0
PHOENIX_SUNS,SACRAMENTO_KINGS,1,1,0,118.0,127.0,118.0,127.0
PHOENIX_SUNS,SAN_ANTONIO_SPURS,0,1,0,109.0,120.0,109.0,120.0
PHOENIX_SUNS,SAN_ANTONIO_SPURS,1,1,1,104.0,93.0,104.0,93.0
PHOENIX_SUNS,TORONTO_RAPTORS,0,1,0,109.0,127.0,109.0,127.0
PHOENIX_SUNS,UTAH_JAZZ,0,2,2,254.0,238.0,127.0,119.0
PHOENIX_SUNS,UTAH_JAZZ,1,2,2,249.0,233.0,124.5,116.5
PHOENIX_SUNS,WASHINGTON_WIZARDS,0,1,1,130.0,123.0,130.0,123.0
PHOENIX_SUNS,WASHINGTON_WIZARDS,1,1,1,119.0,109.0,119.0,109.0
PORTLAND_TRAIL_BLAZERS,ATLANTA_HAWKS,1,1,1,114.0,110.0,114.0,110.0
PORTLAND_TRAIL_BLAZERS,BROOKLYN_NETS,1,1,0,114.0,132.0,114.0,132.0
PORTLAND_TRAIL_BLAZERS,CHARLOTTE_HORNETS,0,1,1,102.0,97.0,102.0,97.0
PORTLAND_TRAIL_BLAZERS,CHARLOTTE_HORNETS,1,1,1,141.0,88.0,141.0,88.0
PORTLAND_TRAIL_BLAZERS,CHICAGO_BULLS,1,1,1,113.0,102.0,113.0,102.0
PORTLAND_TRAIL_BLAZERS,DALLAS_MAVERICKS,0,2,0,219.0,249.0,109.5,124.5
PORTLAND_TRAIL_BLAZERS,DALLAS_MAVERICKS,1,2,1,257.0,259.0,128.5,129.5
PORTLAND_TRAIL_BLAZERS,DENVER_NUGGETS,0,2,0,238.0,278.0,119.0,139.0
PORTLAND_TRAIL_BLAZERS,DENVER_NUGGETS,1,1,1,126.0,124.0,126.0,124.0
PORTLAND_TRAIL_BLAZERS,DETROIT_PISTONS,0,1,0,115.0,118.0,115.0,118.0
PORTLAND_TRAIL_BLAZERS,GOLDEN_STATE_WARRIORS,1,1,0,104.0,140.0,104.0,140.0
PORTLAND_TRAIL_BLAZERS,HOUSTON_ROCKETS,0,2,1,192.0,214.0,96.0,107.0
PORTLAND_TRAIL_BLAZERS,HOUSTON_ROCKETS,1,1,0,103.0,125.0,103.0,125.0
PORTLAND_TRAIL_BLAZERS,INDIANA_PACERS,0,1,0,114.0,121.0,114.0,121.0
PORTLAND_TRAIL_BLAZERS,INDIANA_PACERS,1,1,1,112.0,89.0,112.0,89.0
PORTLAND_TRAIL_BLAZERS,LOS_ANGELES_CLIPPERS,0,2,1,211.0,232.0,105.5,116.0
PORTLAND_TRAIL_BLAZERS,LOS_ANGELES_CLIPPERS,1,1,0,89.0,118.0,89.0,118.0
PORTLAND_TRAIL_BLAZERS,LOS_ANGELES_LAKERS,0,2,0,204.0,221.0,102.0,110.5
PORTLAND_TRAIL_BLAZERS,LOS_ANGELES_LAKERS,1,1,0,102.0,110.0,102.0,110.0
PORTLAND_TRAIL_BLAZERS,MEMPHIS_GRIZZLIES,0,1,0,98.0,123.0,98.0,123.0
PORTLAND_TRAIL_BLAZERS,MEMPHIS_GRIZZLIES,1,1,0,89.0,134.0,89.0,134.0
PORTLAND_TRAIL_BLAZERS,MIAMI_HEAT,0,1,1,116.0,107.0,116.0,107.0
PORTLAND_TRAIL_BLAZERS,MIAMI_HEAT,1,1,0,98.0,119.0,98.0,119.0
PORTLAND_TRAIL_BLAZERS,MILWAUKEE_BUCKS,0,1,1,105.0,102.0,105.0,102.0
PORTLAND_TRAIL_BLAZERS,MILWAUKEE_BUCKS,1,1,1,125.0,112.0,125.0,112.0
PORTLAND_TRAIL_BLAZERS,MINNESOTA_TIMBERWOLVES,0,2,0,200.0,241.0,100.0,120.5
PORTLAND_TRAIL_BLAZERS,MINNESOTA_TIMBERWOLVES,1,2,2,228.0,206.0,114.0,103.0
PORTLAND_TRAIL_BLAZERS,NEW_ORLEANS_PELICANS,0,2,2,237.0,200.0,118.5,100.0
PORTLAND_TRAIL_BLAZERS,NEW_ORLEANS_PELICANS,1,2,1,228.0,208.0,114.0,104.0
PORTLAND_TRAIL_BLAZERS,OKLAHOMA_CITY_THUNDER,0,1,0,99.0,109.0,99.0,109.0
PORTLAND_TRAIL_BLAZERS,OKLAHOMA_CITY_THUNDER,1,2,0,222.0,255.0,111.0,127.5
PORTLAND_TRAIL_BLAZERS,ORLANDO_MAGIC,0,1,1,101.0,79.0,101.0,79.0
PORTLAND_TRAIL_BLAZERS,ORLANDO_MAGIC,1,1,1,119.0,90.0,119.0,90.0
PORTLAND_TRAIL_BLAZERS,PHILADELPHIA_76ERS,1,1,0,103.0,125.0,103.0,125.0
PORTLAND_TRAIL_BLAZERS,PHOENIX_SUNS,0,2,0,206.0,219.0,103.0,109.5
PORTLAND_TRAIL_BLAZERS,PHOENIX_SUNS,1,2,2,248.0,227.0,124.0,113.5
PORTLAND_TRAIL_BLAZERS,SACRAMENTO_KINGS,0,1,0,98.0,111.0,98.0,111.0
PORTLAND_TRAIL_BLAZERS,SACRAMENTO_KINGS,1,2,2,223.0,208.0,111.5,104.0
PORTLAND_TRAIL_BLAZERS,SAN_ANTONIO_SPURS,0,2,0,199.0,232.0,99.5,116.0
PORTLAND_TRAIL_BLAZERS,SAN_ANTONIO_SPURS,1,1,0,116.0,118.0,116.0,118.0
PORTLAND_TRAIL_BLAZERS,UTAH_JAZZ,0,1,1,114.0,112.0,114.0,112.0
PORTLAND_TRAIL_BLAZERS,UTAH_JAZZ,1,2,1,221.0,261.0,110.5,130.5
SACRAMENTO_KINGS,ATLANTA_HAWKS,0,1,1,123.0,115.0,123.0,115.0
SACRAMENTO_KINGS,ATLANTA_HAWKS,1,1,0,108.0,109.0,108.0,109.0
SACRAMENTO_KINGS,BOSTON_CELTICS,0,1,1,114.0,97.0,114.0,97.0
SACRAMENTO_KINGS,BROOKLYN_NETS,0,1,1,110.0,96.0,110.0,96.0
SACRAMENTO_KINGS,BROOKLYN_NETS,1,1,0,103.0,108.0,103.0,108.0
SACRAMENTO_KINGS,CHARLOTTE_HORNETS,1,1,1,130.0,88.0,130.0,88.0
SACRAMENTO_KINGS,CHICAGO_BULLS,0,1,1,124.0,119.0,124.0,119.0
SACRAMENTO_KINGS,DALLAS_MAVERICKS,0,1,1,129.0,128.0,129.0,128.0
SACRAMENTO_KINGS,DALLAS_MAVERICKS,1,1,1,110.0,100.0,110.0,100.0
SACRAMENTO_KINGS,DENVER_NUGGETS,0,1,0,123.0,132.0,123.0,132.0
SACRAMENTO_KINGS,DENVER_NUGGETS,1,1,0,129.0,130.0,129.0,130.0
SACRAMENTO_KINGS,DETROIT_PISTONS,1,1,0,113.0,114.0,113.0,114.0
SACRAMENTO_KINGS,GOLDEN_STATE_WARRIORS,0,1,1,129.0,99.0,129.0,99.0
SACRAMENTO_KINGS,GOLDEN_STATE_WARRIORS,1,2,1,231.0,249.0,115.5,124.5
SACRAMENTO_KINGS,HOUSTON_ROCKETS,1,2,2,252.0,238.0,126.0,119.0
SACRAMENTO_KINGS,INDIANA_PACERS,1,1,0,95.0,122.0,95.0,122.0
SACRAMENTO_KINGS,LOS_ANGELES_CLIPPERS,0,1,0,88.0,104.0,88.0,104.0
SACRAMENTO_KINGS,LOS_ANGELES_CLIPPERS,1,1,0,98.0,107.0,98.0,107.0
SACRAMENTO_KINGS,LOS_ANGELES_LAKERS,0,2,0,249.0,263.0,124.5,131.5
SACRAMENTO_KINGS,LOS_ANGELES_LAKERS,1,2,0,199.0,216.0,99.5,108.0
SACRAMENTO_KINGS,MEMPHIS_GRIZZLIES,0,1,0,110.0,115.0,110.0,115.0
SACRAMENTO_KINGS,MEMPHIS_GRIZZLIES,1,1,1,138.0,133.0,138.0,133.0
SACRAMENTO_KINGS,MIAMI_HEAT,0,1,1,111.0,110.0,111.0,110.0
SACRAMENTO_KINGS,MIAMI_HEAT,1,1,1,123.0,118.0,123.0,118.0
SACRAMENTO_KINGS,MILWAUKEE_BUCKS,0,1,0,115.0,130.0,115.0,130.0
SACRAMENTO_KINGS,MINNESOTA_TIMBERWOLVES,0,2,2,231.0,218.0,115.5,109.0
SACRAMENTO_KINGS,MINNESOTA_TIMBERWOLVES,1,2,0,241.0,247.0,120.5,123.5
SACRAMENTO_KINGS,NEW_ORLEANS_PELICANS,0,3,2,363.0,360.0,121.0,120.0
SACRAMENTO_KINGS,NEW_ORLEANS_PELICANS,1,1,1,123.0,118.0,123.0,118.0
SACRAMENTO_KINGS,NEW_YORK_KNICKS,0,1,0,120.0,143.0,120.0,143.0
SACRAMENTO_KINGS,OKLAHOMA_CITY_THUNDER,0,1,0,110.0,144.0,110.0,144.0
SACRAMENTO_KINGS,OKLAHOMA_CITY_THUNDER,1,1,0,109.0,130.0,109.0,130.0
SACRAMENTO_KINGS,ORLANDO_MAGIC,1,1,0,111.0,130.0,111.0,130.0
SACRAMENTO_KINGS,PHILADELPHIA_76ERS,0,1,0,104.0,117.0,104.0,117.0
SACRAMENTO_KINGS,PHILADELPHIA_76ERS,1,1,1,113.0,107.0,113.0,107.0
SACRAMENTO_KINGS,PHOENIX_SUNS,0,1,1,127.0,118.0,127.0,118.0
SACRAMENTO_KINGS,PHOENIX_SUNS,1,1,1,127.0,104.0,127.0,104.0
SACRAMENTO_KINGS,PORTLAND_TRAIL_BLAZERS,0,2,0,208.0,223.0,104.0,111.5
SACRAMENTO_KINGS,PORTLAND_TRAIL_BLAZERS,1,1,1,111.0,98.0,111.0,98.0
SACRAMENTO_KINGS,SAN_ANTONIO_SPURS,0,2,1,236.0,229.0,118.0,114.5
SACRAMENTO_KINGS,SAN_ANTONIO_SPURS,1,1,0,125.0,127.0,125.0,127.0
SACRAMENTO_KINGS,TORONTO_RAPTORS,0,1,0,128.0,131.0,128.0,131.0
SACRAMENTO_KINGS,TORONTO_RAPTORS,1,1,1,122.0,107.0,122.0,107.0
SACRAMENTO_KINGS,UTAH_JAZZ,0,1,1,113.0,96.0,113.0,96.0
SACRAMENTO_KINGS,UTAH_JAZZ,1,2,2,262.0,214.0,131.0,107.0
SACRAMENTO_KINGS,WASHINGTON_WIZARDS,1,1,1,123.0,100.0,123.0,100.0
SAN_ANTONIO_SPURS,ATLANTA_HAWKS,0,1,1,126.0,125.0,126.0,125.0
SAN_ANTONIO_SPURS,ATLANTA_HAWKS,1,1,1,133.0,126.0,133.0,126.0
SAN_ANTONIO_SPURS,BOSTON_CELTICS,0,1,0,103.0,116.0,103.0,116.0
SAN_ANTONIO_SPURS,BROOKLYN_NETS,0,1,1,96.0,87.0,96.0,87.0
SAN_ANTONIO_SPURS,CHARLOTTE_HORNETS,0,1,0,116.0,117.0,116.0,117.0
SAN_ANTONIO_SPURS,CHICAGO_BULLS,0,1,0,110.0,114.0,110.0,114.0
SAN_ANTONIO_SPURS,CHICAGO_BULLS,1,1,0,124.0,139.0,124.0,139.0
SAN_ANTONIO_SPURS,DALLAS_MAVERICKS,0,2,0,202.0,230.0,101.0,115.0
SAN_ANTONIO_SPURS,DENVER_NUGGETS,0,1,1,113.0,110.0,113.0,110.0
SAN_ANTONIO_SPURS,DENVER_NUGGETS,1,1,0,111.0,122.0,111.0,122.0
SAN_ANTONIO_SPURS,DETROIT_PISTONS,1,1,0,110.0,125.0,110.0,125.0
SAN_ANTONIO_SPURS,GOLDEN_STATE_WARRIORS,1,1,1,104.0,94.0,104.0,94.0
SAN_ANTONIO_SPURS,HOUSTON_ROCKETS,0,1,0,100.0,127.0,100.0,127.0
SAN_ANTONIO_SPURS,HOUSTON_ROCKETS,1,2,1,210.0,212.0,105.0,106.0
SAN_ANTONIO_SPURS,INDIANA_PACERS,0,1,1,140.0,110.0,140.0,110.0
SAN_ANTONIO_SPURS,INDIANA_PACERS,1,1,0,98.0,136.0,98.0,136.0
SAN_ANTONIO_SPURS,LOS_ANGELES_CLIPPERS,0,1,0,104.0,113.0,104.0,113.0
SAN_ANTONIO_SPURS,LOS_ANGELES_CLIPPERS,1,2,1,238.0,214.0,119.0,107.0
SAN_ANTONIO_SPURS,LOS_ANGELES_LAKERS,0,1,1,126.0,102.0,126.0,102.0
SAN_ANTONIO_SPURS,LOS_ANGELES_LAKERS,1,2,0,216.0,239.0,108.0,119.5
SAN_ANTONIO_SPURS,MEMPHIS_GRIZZLIES,0,1,0,109.0,128.0,109.0,128.0
SAN_ANTONIO_SPURS,MEMPHIS_GRIZZLIES,1,2,0,227.0,269.0,113.5,134.5
SAN_ANTONIO_SPURS,MIAMI_HEAT,0,1,0,107.0,128.0,107.0,128.0
SAN_ANTONIO_SPURS,MIAMI_HEAT,1,1,0,103.0,105.0,103.0,105.0
SAN_ANTONIO_SPURS,MILWAUKEE_BUCKS,0,1,0,105.0,121.0,105.0,121.0
SAN_ANTONIO_SPURS,MILWAUKEE_BUCKS,1,1,1,144.0,118.0,144.0,118.0
SAN_ANTONIO_SPURS,MINNESOTA_TIMBERWOLVES,0,1,0,110.0,112.0,110.0,112.0
SAN_ANTONIO_SPURS,MINNESOTA_TIMBERWOLVES,1,2,1,205.0,209.0,102.5,104.5
SAN_ANTONIO_SPURS,NEW_ORLEANS_PELICANS,0,1,0,96.0,114.0,96.0,114.0
SAN_ANTONIO_SPURS,NEW_ORLEANS_PELICANS,1,1,1,121.0,116.0,121.0,116.0
SAN_ANTONIO_SPURS,NEW_YORK_KNICKS,0,1,0,114.0,117.0,114.0,117.0
SAN_ANTONIO_SPURS,OKLAHOMA_CITY_THUNDER,0,1,0,93.0,105.0,93.0,105.0
SAN_ANTONIO_SPURS,OKLAHOMA_CITY_THUNDER,1,1,1,110.0,104.0,110.0,104.0
SAN_ANTONIO_SPURS,ORLANDO_MAGIC,0,1,0,111.0,112.0,111.0,112.0
SAN_ANTONIO_SPURS,PHILADELPHIA_76ERS,0,1,0,106.0,111.0,106.0,111.0
SAN_ANTONIO_SPURS,PHOENIX_SUNS,0,1,0,93.0,104.0,93.0,104.0
SAN_ANTONIO_SPURS,PHOENIX_SUNS,1,1,1,120.0,109.0,120.0,109.0
SAN_ANTONIO_SPURS,PORTLAND_TRAIL_BLAZERS,0,1,1,118.0,116.0,118.0,116.0
SAN_ANTONIO_SPURS,PORTLAND_TRAIL_BLAZERS,1,2,2,232.0,199.0,116.0,99.5
SAN_ANTONIO_SPURS,SACRAMENTO_KINGS,0,1,1,127.0,125.0,127.0,125.0
SAN_ANTONIO_SPURS,SACRAMENTO_KINGS,1,2,1,229.0,236.0,114.5,118.0
SAN_ANTONIO_SPURS,UTAH_JAZZ,0,2,2,234.0,203.0,117.0,101.5
SAN_ANTONIO_SPURS,UTAH_JAZZ,1,2,1,236.0,229.0,118.0,114.5
SAN_ANTONIO_SPURS,WASHINGTON_WIZARDS,0,1,1,131.0,121.0,131.0,121.0
SAN_ANTONIO_SPURS,WASHINGTON_WIZARDS,1,1,1,139.0,130.0,139.0,130.0
TORONTO_RAPTORS,ATLANTA_HAWKS,0,2,2,239.0,213.0,119.5,106.5
TORONTO_RAPTORS,ATLANTA_HAWKS,1,1,0,107.0,136.0,107.0,136.0
TORONTO_RAPTORS,BOSTON_CELTICS,0,2,0,194.0,251.0,97.0,125.5
TORONTO_RAPTORS,BOSTON_CELTICS,1,1,1,110.0,97.0,110.0,97.0
TORONTO_RAPTORS,BROOKLYN_NETS,1,2,1,224.0,214.0,112.0,107.0
TORONTO_RAPTORS,CHARLOTTE_HORNETS,0,1,0,133.0,138.0,133.0,138.0
TORONTO_RAPTORS,CHICAGO_BULLS,1,2,0,227.0,244.0,113.5,122.0
TORONTO_RAPTORS,CLEVELAND_CAVALIERS,0,2,0,234.0,254.0,117.0,127.0
TORONTO_RAPTORS,CLEVELAND_CAVALIERS,1,2,0,214.0,267.0,107.0,133.5
TORONTO_RAPTORS,DALLAS_MAVERICKS,1,1,0,118.0,125.0,118.0,125.0
TORONTO_RAPTORS,DENVER_NUGGETS,0,1,0,119.0,121.0,119.0,121.0
TORONTO_RAPTORS,DENVER_NUGGETS,1,1,0,125.0,127.0,125.0,127.0
TORONTO_RAPTORS,DETROIT_PISTONS,0,2,0,214.0,225.0,107.0,112.5
TORONTO_RAPTORS,DETROIT_PISTONS,1,1,0,95.0,99.0,95.0,99.0
TORONTO_RAPTORS,GOLDEN_STATE_WARRIORS,1,1,1,104.0,101.0,104.0,101.0
TORONTO_RAPTORS,HOUSTON_ROCKETS,0,1,0,87.0,94.0,87.0,94.0
TORONTO_RAPTORS,HOUSTON_ROCKETS,1,1,0,110.0,114.0,110.0,114.0
TORONTO_RAPTORS,INDIANA_PACERS,1,2,2,252.0,230.0,126.0,115.0
TORONTO_RAPTORS,LOS_ANGELES_CLIPPERS,0,1,0,103.0,105.0,103.0,105.0
TORONTO_RAPTORS,LOS_ANGELES_CLIPPERS,1,1,1,115.0,108.0,115.0,108.0
TORONTO_RAPTORS,LOS_ANGELES_LAKERS,0,1,0,103.0,123.0,103.0,123.0
TORONTO_RAPTORS,LOS_ANGELES_LAKERS,1,1,0,125.0,131.0,125.0,131.0
TORONTO_RAPTORS,MEMPHIS_GRIZZLIES,0,1,0,126.0,155.0,126.0,155.0
TORONTO_RAPTORS,MEMPHIS_GRIZZLIES,1,1,0,107.0,138.0,107.0,138.0
TORONTO_RAPTORS,MIAMI_HEAT,0,2,0,215.0,235.0,107.5,117.5
TORONTO_RAPTORS,MIAMI_HEAT,1,2,1,230.0,236.0,115.0,118.0
TORONTO_RAPTORS,MILWAUKEE_BUCKS,0,2,0,197.0,229.0,98.5,114.5
TORONTO_RAPTORS,MILWAUKEE_BUCKS,1,1,0,104.0,128.0,104.0,128.0
TORONTO_RAPTORS,MINNESOTA_TIMBERWOLVES,0,1,0,101.0,112.0,101.0,112.0
TORONTO_RAPTORS,MINNESOTA_TIMBERWOLVES,1,1,1,110.0,105.0,110.0,105.0
TORONTO_RAPTORS,NEW_ORLEANS_PELICANS,0,1,1,119.0,93.0,119.0,93.0
TORONTO_RAPTORS,NEW_ORLEANS_PELICANS,1,1,1,113.0,104.0,113.0,104.0
TORONTO_RAPTORS,NEW_YORK_KNICKS,0,2,0,223.0,251.0,111.5,125.5
TORONTO_RAPTORS,NEW_YORK_KNICKS,1,2,0,223.0,234.0,111.5,117.0
TORONTO_RAPTORS,OKLAHOMA_CITY_THUNDER,0,1,0,109.0,121.0,109.0,121.0
TORONTO_RAPTORS,OKLAHOMA_CITY_THUNDER,1,1,0,92.0,129.0,92.0,129.0
TORONTO_RAPTORS,ORLANDO_MAGIC,1,2,1,206.0,199.0,103.0,99.5
TORONTO_RAPTORS,PHILADELPHIA_76ERS,0,1,1,106.0,103.0,106.0,103.0
TORONTO_RAPTORS,PHILADELPHIA_76ERS,1,1,1,115.0,107.0,115.0,107.0
TORONTO_RAPTORS,PHOENIX_SUNS,1,1,1,127.0,109.0,127.0,109.0
TORONTO_RAPTORS,SACRAMENTO_KINGS,0,1,0,107.0,122.0,107.0,122.0
TORONTO_RAPTORS,SACRAMENTO_KINGS,1,1,1,131.0,128.0,131.0,128.0
TORONTO_RAPTORS,WASHINGTON_WIZARDS,0,1,1,106.0,82.0,106.0,82.0
UTAH_JAZZ,ATLANTA_HAWKS,1,1,0,121.0,124.0,121.0,124.0
UTAH_JAZZ,BROOKLYN_NETS,0,1,1,105.0,94.0,105.0,94.0
UTAH_JAZZ,BROOKLYN_NETS,1,1,1,112.0,111.0,112.0,111.0
UTAH_JAZZ,CHARLOTTE_HORNETS,1,1,0,112.0,117.0,112.0,117.0
UTAH_JAZZ,CHICAGO_BULLS,0,1,1,135.0,126.0,135.0,126.0
UTAH_JAZZ,CLEVELAND_CAVALIERS,0,1,0,113.0,124.0,113.0,124.0
UTAH_JAZZ,DALLAS_MAVERICKS,0,1,0,102.0,110.0,102.0,110.0
UTAH_JAZZ,DALLAS_MAVERICKS,1,2,1,209.0,219.0,104.5,109.5
UTAH_JAZZ,DENVER_NUGGETS,0,1,0,103.0,129.0,103.0,129.0
UTAH_JAZZ,DENVER_NUGGETS,1,2,0,224.0,254.0,112.0,127.0
UTAH_JAZZ,DETROIT_PISTONS,0,1,1,126.0,119.0,126.0,119.0
UTAH_JAZZ,GOLDEN_STATE_WARRIORS,0,1,0,103.0,114.0,103.0,114.0
UTAH_JAZZ,GOLDEN_STATE_WARRIORS,1,2,1,217.0,255.0,108.5,127.5
UTAH_JAZZ,HOUSTON_ROCKETS,1,1,1,124.0,115.0,124.0,115.0
UTAH_JAZZ,INDIANA_PACERS,1,1,0,111.0,112.0,111.0,112.0
UTAH_JAZZ,LOS_ANGELES_CLIPPERS,0,3,0,322.0,390.0,107.33333333333333,130.0
UTAH_JAZZ,LOS_ANGELES_CLIPPERS,1,1,0,116.0,120.0,116.0,120.0
UTAH_JAZZ,LOS_ANGELES_LAKERS,0,2,0,231.0,256.0,115.5,128.0
UTAH_JAZZ,LOS_ANGELES_LAKERS,1,2,1,235.0,224.0,117.5,112.0
UTAH_JAZZ,MEMPHIS_GRIZZLIES,0,1,0,103.0,125.0,103.0,125.0
UTAH_JAZZ,MEMPHIS_GRIZZLIES,1,1,0,124.0,126.0,124.0,126.0
UTAH_JAZZ,MIAMI_HEAT,0,1,1,136.0,100.0,136.0,100.0
UTAH_JAZZ,MIAMI_HEAT,1,1,0,92.0,97.0,92.0,97.0
UTAH_JAZZ,MILWAUKEE_BUCKS,0,1,0,100.0,123.0,100.0,123.0
UTAH_JAZZ,MILWAUKEE_BUCKS,1,1,0,110.0,125.0,110.0,125.0
UTAH_JAZZ,MINNESOTA_TIMBERWOLVES,1,1,0,113.0,138.0,113.0,138.0
UTAH_JAZZ,NEW_ORLEANS_PELICANS,0,2,0,242.0,259.0,121.0,129.5
UTAH_JAZZ,NEW_YORK_KNICKS,0,1,0,103.0,119.0,103.0,119.0
UTAH_JAZZ,NEW_YORK_KNICKS,1,1,1,121.0,106.0,121.0,106.0
UTAH_JAZZ,OKLAHOMA_CITY_THUNDER,0,2,0,220.0,256.0,110.0,128.0
UTAH_JAZZ,OKLAHOMA_CITY_THUNDER,1,1,0,107.0,130.0,107.0,130.0
UTAH_JAZZ,ORLANDO_MAGIC,0,1,1,105.0,92.0,105.0,92.0
UTAH_JAZZ,ORLANDO_MAGIC,1,1,1,113.0,99.0,113.0,99.0
UTAH_JAZZ,PHILADELPHIA_76ERS,1,1,0,111.0,114.0,111.0,114.0
UTAH_JAZZ,PHOENIX_SUNS,0,2,0,233.0,249.0,116.5,124.5
UTAH_JAZZ,PHOENIX_SUNS,1,2,0,238.0,254.0,119.0,127.0
UTAH_JAZZ,PORTLAND_TRAIL_BLAZERS,0,2,1,261.0,221.0,130.5,110.5
UTAH_JAZZ,PORTLAND_TRAIL_BLAZERS,1,1,0,112.0,114.0,112.0,114.0
UTAH_JAZZ,SACRAMENTO_KINGS,0,2,0,214.0,262.0,107.0,131.0
UTAH_JAZZ,SACRAMENTO_KINGS,1,1,0,96.0,113.0,96.0,113.0
UTAH_JAZZ,SAN_ANTONIO_SPURS,0,2,1,229.0,236.0,114.5,118.0
UTAH_JAZZ,SAN_ANTONIO_SPURS,1,2,0,203.0,234.0,101.5,117.0
WASHINGTON_WIZARDS,ATLANTA_HAWKS,0,2,1,238.0,248.0,119.0,124.0
WASHINGTON_WIZARDS,ATLANTA_HAWKS,1,2,1,244.0,245.0,122.0,122.5
WASHINGTON_WIZARDS,BOSTON_CELTICS,1,3,0,296.0,342.0,98.66666666666667,114.0
WASHINGTON_WIZARDS,BROOKLYN_NETS,0,1,1,119.0,102.0,119.0,102.0
WASHINGTON_WIZARDS,BROOKLYN_NETS,1,1,1,107.0,99.0,107.0,99.0
WASHINGTON_WIZARDS,CHARLOTTE_HORNETS,0,1,1,124.0,114.0,124.0,114.0
WASHINGTON_WIZARDS,CHARLOTTE_HORNETS,1,2,2,236.0,224.0,118.0,112.0
WASHINGTON_WIZARDS,CHICAGO_BULLS,0,1,0,105.0,138.0,105.0,138.0
WASHINGTON_WIZARDS,CHICAGO_BULLS,1,2,1,233.0,234.0,116.5,117.0
WASHINGTON_WIZARDS,CLEVELAND_CAVALIERS,0,2,0,192.0,233.0,96.0,116.5
WASHINGTON_WIZARDS,CLEVELAND_CAVALIERS,1,2,0,240.0,269.0,120.0,134.5
WASHINGTON_WIZARDS,DALLAS_MAVERICKS,0,1,0,108.0,130.0,108.0,130.0
WASHINGTON_WIZARDS,DALLAS_MAVERICKS,1,1,0,101.0,137.0,101.0,137.0
WASHINGTON_WIZARDS,DENVER_NUGGETS,1,1,1,122.0,113.0,122.0,113.0
WASHINGTON_WIZARDS,DETROIT_PISTONS,1,1,0,104.0,124.0,104.0,124.0
WASHINGTON_WIZARDS,GOLDEN_STATE_WARRIORS,0,1,0,114.0,122.0,114.0,122.0
WASHINGTON_WIZARDS,GOLDEN_STATE_WARRIORS,1,1,0,112.0,125.0,112.0,125.0
WASHINGTON_WIZARDS,HOUSTON_ROCKETS,0,1,0,92.0,107.0,92.0,107.0
WASHINGTON_WIZARDS,HOUSTON_ROCKETS,1,1,0,112.0,135.0,112.0,135.0
WASHINGTON_WIZARDS,INDIANA_PACERS,0,1,0,103.0,115.0,103.0,115.0
WASHINGTON_WIZARDS,INDIANA_PACERS,1,1,0,130.0,134.0,130.0,134.0
WASHINGTON_WIZARDS,LOS_ANGELES_CLIPPERS,0,1,0,93.0,110.0,93.0,110.0
WASHINGTON_WIZARDS,LOS_ANGELES_CLIPPERS,1,1,0,96.0,121.0,96.0,121.0
WASHINGTON_WIZARDS,LOS_ANGELES_LAKERS,0,1,0,88.0,111.0,88.0,111.0
WASHINGTON_WIZARDS,LOS_ANGELES_LAKERS,1,1,0,96.0,134.0,96.0,134.0
WASHINGTON_WIZARDS,MEMPHIS_GRIZZLIES,0,1,0,104.0,128.0,104.0,128.0
WASHINGTON_WIZARDS,MEMPHIS_GRIZZLIES,1,1,0,112.0,140.0,112.0,140.0
WASHINGTON_WIZARDS,MIAMI_HEAT,1,1,0,98.0,118.0,98.0,118.0
WASHINGTON_WIZARDS,MILWAUKEE_BUCKS,0,2,0,215.0,236.0,107.5,118.0
WASHINGTON_WIZARDS,MILWAUKEE_BUCKS,1,1,0,101.0,104.0,101.0,104.0
WASHINGTON_WIZARDS,MINNESOTA_TIMBERWOLVES,0,1,1,105.0,103.0,105.0,103.0
WASHINGTON_WIZARDS,MINNESOTA_TIMBERWOLVES,1,1,0,106.0,120.0,106.0,120.0
WASHINGTON_WIZARDS,NEW_ORLEANS_PELICANS,0,1,0,120.0,132.0,120.0,132.0
WASHINGTON_WIZARDS,NEW_ORLEANS_PELICANS,1,1,0,98.0,110.0,98.0,110.0
WASHINGTON_WIZARDS,NEW_YORK_KNICKS,0,1,0,106.0,134.0,106.0,134.0
WASHINGTON_WIZARDS,NEW_YORK_KNICKS,1,2,0,238.0,262.0,119.0,131.0
WASHINGTON_WIZARDS,OKLAHOMA_CITY_THUNDER,0,1,0,105.0,123.0,105.0,123.0
WASHINGTON_WIZARDS,OKLAHOMA_CITY_THUNDER,1,1,0,95.0,136.0,95.0,136.0
WASHINGTON_WIZARDS,ORLANDO_MAGIC,0,2,0,184.0,231.0,92.0,115.5
WASHINGTON_WIZARDS,PHILADELPHIA_76ERS,0,1,0,103.0,109.0,103.0,109.0
WASHINGTON_WIZARDS,PHOENIX_SUNS,0,1,0,109.0,119.0,109.0,119.0
WASHINGTON_WIZARDS,PHOENIX_SUNS,1,1,0,123.0,130.0,123.0,130.0
WASHINGTON_WIZARDS,SACRAMENTO_KINGS,0,1,0,100.0,123.0,100.0,123.0
WASHINGTON_WIZARDS,SAN_ANTONIO_SPURS,0,1,0,130.0,139.0,130.0,139.0
WASHINGTON_WIZARDS,SAN_ANTONIO_SPURS,1,1,0,121.0,131.0,121.0,131.0
WASHINGTON_WIZARDS,TORONTO_RAPTORS,1,1,0,82.0,106.0,82.0,106.0
