slug,name,positions,age,team,games_played,games_started,minutes_played,made_field_goals,attempted_field_goals,made_three_point_field_goals,attempted_three_point_field_goals,made_free_throws,attempted_free_throws,offensive_rebounds,defensive_rebounds,assists,steals,blocks,turnovers,personal_fouls,points
gilgesh01,Shai Gilgeous-Alexander,[<Position.POINT_GUARD: 'POINT GUARD'>],26,Team.OKLAHOMA_CITY_THUNDER,49,49,1668,561,1051,97,279,382,423,45,212,294,95,50,131,107,1601
edwaran01,Anthony Edwards,[<Position.SHOOTING_GUARD: 'SHOOTING GUARD'>],23,Team.MINNESOTA_TIMBERWOLVES,51,51,1873,466,1045,212,504,244,289,42,253,231,58,35,176,101,1388
jokicni01,Nikola Jokić,[<Position.CENTER: 'CENTER'>],29,Team.DENVER_NUGGETS,46,46,1667,519,908,96,208,232,285,139,445,475,84,31,142,96,1366
brunsja01,Jalen Brunson,[<Position.POINT_GUARD: 'POINT GUARD'>],28,Team.NEW_YORK_KNICKS,50,50,1764,451,922,116,292,286,352,22,123,376,48,4,121,109,1304
antetgi01,Giannis Antetokounmpo,[<Position.POWER_FORWARD: 'POWER FORWARD'>],30,Team.MILWAUKEE_BUCKS,41,41,1431,521,857,6,32,254,440,94,405,241,31,54,141,100,1302
tatumja01,Jayson Tatum,[<Position.POWER_FORWARD: 'POWER FORWARD'>],26,Team.BOSTON_CELTICS,49,49,1780,437,968,174,488,253,316,30,394,277,60,26,140,108,1301
maxeyty01,Tyrese Maxey,[<Position.POINT_GUARD: 'POINT GUARD'>],24,Team.PHILADELPHIA_76ERS,44,44,1673,425,957,147,425,228,261,12,139,273,85,17,109,101,1225
bookede01,Devin Booker,[<Position.SHOOTING_GUARD: 'SHOOTING GUARD'>],28,Team.PHOENIX_SUNS,46,46,1710,397,875,122,358,299,335,43,142,308,50,12,124,110,1215
cunnica01,Cade Cunningham,[<Position.POINT_GUARD: 'POINT GUARD'>],23,Team.DETROIT_PISTONS,47,47,1677,450,994,107,302,196,232,42,254,444,46,35,208,125,1203
mitchdo01,Donovan Mitchell,[<Position.SHOOTING_GUARD: 'SHOOTING GUARD'>],28,Team.CLEVELAND_CAVALIERS,49,49,1534,414,918,180,457,169,201,32,181,232,70,10,98,100,1177
foxde01,De'Aaron Fox,[<Position.POINT_GUARD: 'POINT GUARD'>],27,Team.SACRAMENTO_KINGS,45,45,1663,414,883,92,286,204,246,45,180,276,66,20,133,118,1124
foxde01,De'Aaron Fox,[<Position.POINT_GUARD: 'POINT GUARD'>],27,Team.SAN_ANTONIO_SPURS,2,2,70,20,39,4,12,2,4,1,6,19,7,0,1,6,46
herroty01,Tyler Herro,[<Position.SHOOTING_GUARD: 'SHOOTING GUARD'>],25,Team.MIAMI_HEAT,49,49,1744,403,868,185,477,172,200,18,255,272,36,6,130,68,1163
jacksja02,Jaren Jackson Jr.,[<Position.CENTER: 'CENTER'>],25,Team.MEMPHIS_GRIZZLIES,49,49,1452,414,829,98,265,222,283,71,228,108,63,79,107,164,1148
jamesle01,LeBron James,[<Position.SMALL_FORWARD: 'SMALL FORWARD'>],40,Team.LOS_ANGELES_LAKERS,46,46,1595,432,838,100,256,161,210,40,318,416,40,24,174,64,1125
townska01,Karl-Anthony Towns,[<Position.CENTER: 'CENTER'>],29,Team.NEW_YORK_KNICKS,46,46,1597,404,759,90,213,221,263,146,480,153,44,37,115,160,1119
youngtr01,Trae Young,[<Position.POINT_GUARD: 'POINT GUARD'>],26,Team.ATLANTA_HAWKS,48,48,1731,343,845,140,413,290,339,23,130,546,61,10,224,94,1116
greenja05,Jalen Green,[<Position.SHOOTING_GUARD: 'SHOOTING GUARD'>],22,Team.HOUSTON_ROCKETS,51,51,1693,384,899,145,414,181,210,29,193,149,45,16,129,84,1094
garlada01,Darius Garland,[<Position.POINT_GUARD: 'POINT GUARD'>],25,Team.CLEVELAND_CAVALIERS,50,50,1517,391,782,151,348,160,183,29,99,336,56,10,126,105,1093
davisan02,Anthony Davis,[<Position.CENTER: 'CENTER'>],31,Team.LOS_ANGELES_LAKERS,42,42,1440,400,758,28,94,253,321,119,380,141,54,90,93,82,1081
lillada01,Damian Lillard,[<Position.POINT_GUARD: 'POINT GUARD'>],34,Team.MILWAUKEE_BUCKS,42,42,1523,324,728,142,377,262,284,24,172,315,49,9,118,74,1052
duranke01,Kevin Durant,[<Position.POWER_FORWARD: 'POWER FORWARD'>],36,Team.PHOENIX_SUNS,39,39,1410,381,727,92,231,196,237,16,221,162,32,52,118,66,1050
wembavi01,Victor Wembanyama,[<Position.CENTER: 'CENTER'>],21,Team.SAN_ANTONIO_SPURS,43,43,1422,384,809,135,383,147,175,78,391,156,46,167,142,98,1050
brownja02,Jaylen Brown,[<Position.SMALL_FORWARD: 'SMALL FORWARD'>],28,Team.BOSTON_CELTICS,45,45,1592,387,837,89,272,180,242,65,210,215,53,12,118,117,1043
lavinza01,Zach LaVine,[<Position.SMALL_FORWARD: 'SMALL FORWARD'>],29,Team.CHICAGO_BULLS,42,42,1432,363,710,136,305,145,182,12,190,189,39,10,121,64,1007
lavinza01,Zach LaVine,[<Position.SHOOTING_GUARD: 'SHOOTING GUARD'>],29,Team.SACRAMENTO_KINGS,2,2,67,12,32,3,13,8,10,0,5,4,1,1,1,3,35
siakapa01,Pascal Siakam,[<Position.POWER_FORWARD: 'POWER FORWARD'>],30,Team.INDIANA_PACERS,50,50,1655,401,751,88,212,145,190,88,281,171,45,23,65,130,1035
hardeja01,James Harden,[<Position.POINT_GUARD: 'POINT GUARD'>],35,Team.LOS_ANGELES_CLIPPERS,48,48,1627,299,757,134,390,291,326,29,247,404,70,29,216,102,1023
powelno01,Norman Powell,[<Position.SHOOTING_GUARD: 'SHOOTING GUARD'>],31,Team.LOS_ANGELES_CLIPPERS,42,42,1397,350,706,143,332,162,198,15,136,94,55,8,86,81,1005
irvinky01,Kyrie Irving,[<Position.SHOOTING_GUARD: 'SHOOTING GUARD'>],32,Team.DALLAS_MAVERICKS,41,41,1483,365,762,120,291,149,165,47,146,197,53,14,96,84,999
derozde01,DeMar DeRozan,[<Position.SMALL_FORWARD: 'SMALL FORWARD'>],35,Team.SACRAMENTO_KINGS,46,46,1648,372,764,41,125,213,248,25,147,169,50,21,62,90,998
vucevni01,Nikola Vučević,[<Position.CENTER: 'CENTER'>],34,Team.CHICAGO_BULLS,51,51,1645,407,745,93,236,88,109,120,410,181,47,35,81,123,995
willija06,Jalen Williams,[<Position.SHOOTING_GUARD: 'SHOOTING GUARD'>],23,Team.OKLAHOMA_CITY_THUNDER,47,47,1535,382,804,80,231,147,188,39,220,240,83,34,105,115,991
portemi01,Michael Porter Jr.,[<Position.SMALL_FORWARD: 'SMALL FORWARD'>],26,Team.DENVER_NUGGETS,52,52,1730,373,713,139,333,101,136,90,250,113,33,25,71,96,986
sabondo01,Domantas Sabonis,[<Position.CENTER: 'CENTER'>],28,Team.SACRAMENTO_KINGS,48,48,1727,381,636,54,117,163,212,192,493,304,30,21,145,170,979
curryst01,Stephen Curry,[<Position.POINT_GUARD: 'POINT GUARD'>],36,Team.GOLDEN_STATE_WARRIORS,42,42,1343,321,744,178,458,134,142,22,167,258,45,21,123,54,954
bridgmi01,Mikal Bridges,[<Position.SMALL_FORWARD: 'SMALL FORWARD'>],28,Team.NEW_YORK_KNICKS,51,51,1955,380,769,122,339,46,62,45,113,166,50,27,80,74,928
sengual01,Alperen Şengün,[<Position.CENTER: 'CENTER'>],22,Team.HOUSTON_ROCKETS,48,48,1509,364,742,16,68,176,251,167,340,242,61,37,115,136,920
poolejo01,Jordan Poole,[<Position.SHOOTING_GUARD: 'SHOOTING GUARD'>],25,Team.WASHINGTON_WIZARDS,44,44,1371,297,712,157,411,166,192,22,114,215,64,22,147,139,917
murraja01,Jamal Murray,[<Position.POINT_GUARD: 'POINT GUARD'>],27,Team.DENVER_NUGGETS,45,45,1619,339,734,89,249,140,160,27,153,275,64,25,98,82,907
randlju01,Julius Randle,[<Position.POWER_FORWARD: 'POWER FORWARD'>],30,Team.MINNESOTA_TIMBERWOLVES,48,48,1564,316,673,71,221,202,249,102,242,214,35,11,136,122,905
ballla01,LaMelo Ball,[<Position.POINT_GUARD: 'POINT GUARD'>],23,Team.CHARLOTTE_HORNETS,32,32,1068,311,747,132,391,143,174,31,136,236,43,10,118,110,897
barrerj01,RJ Barrett,[<Position.SMALL_FORWARD: 'SMALL FORWARD'>],24,Team.TORONTO_RAPTORS,41,41,1365,333,709,75,215,144,220,41,231,233,33,13,124,105,885
simonan01,Anfernee Simons,[<Position.SHOOTING_GUARD: 'SHOOTING GUARD'>],25,Team.PORTLAND_TRAIL_BLAZERS,48,48,1549,312,734,146,387,115,128,16,116,239,40,5,100,85,885
halibty01,Tyrese Haliburton,[<Position.POINT_GUARD: 'POINT GUARD'>],24,Team.INDIANA_PACERS,49,49,1668,300,669,140,384,131,155,30,146,418,65,33,87,64,871
beaslma01,Malik Beasley,[<Position.SHOOTING_GUARD: 'SHOOTING GUARD'>],28,Team.DETROIT_PISTONS,52,12,1452,298,686,200,487,57,86,30,120,94,48,2,57,78,853
mobleev01,Evan Mobley,[<Position.POWER_FORWARD: 'POWER FORWARD'>],23,Team.CLEVELAND_CAVALIERS,46,46,1382,326,575,50,130,147,192,97,317,133,39,68,87,92,849
sextoco01,Collin Sexton,[<Position.SHOOTING_GUARD: 'SHOOTING GUARD'>],26,Team.UTAH_JAZZ,46,44,1313,298,624,87,211,161,180,49,84,189,31,4,116,104,844
mccolcj01,CJ McCollum,[<Position.POINT_GUARD: 'POINT GUARD'>],33,Team.NEW_ORLEANS_PELICANS,38,38,1268,313,699,117,312,93,129,26,111,145,30,20,66,88,836
whiteco01,Coby White,[<Position.SHOOTING_GUARD: 'SHOOTING GUARD'>],24,Team.CHICAGO_BULLS,45,45,1466,281,645,138,368,134,150,15,133,209,42,8,110,103,834
wagnefr01,Franz Wagner,[<Position.SMALL_FORWARD: 'SMALL FORWARD'>],23,Team.ORLANDO_MAGIC,33,33,1082,292,635,67,210,167,191,31,146,168,48,15,74,81,818
reaveau01,Austin Reaves,[<Position.SHOOTING_GUARD: 'SHOOTING GUARD'>],26,Team.LOS_ANGELES_LAKERS,44,44,1525,268,603,112,310,168,197,36,152,269,50,8,108,86,816
adebaba01,Bam Adebayo,[<Position.CENTER: 'CENTER'>],27,Team.MIAMI_HEAT,49,49,1664,313,664,36,125,143,198,124,364,221,62,39,111,107,805
anunoog01,OG Anunoby,[<Position.POWER_FORWARD: 'POWER FORWARD'>],27,Team.NEW_YORK_KNICKS,49,49,1778,302,627,103,282,95,120,64,167,99,69,43,64,113,802
murphtr02,Trey Murphy III,[<Position.SMALL_FORWARD: 'SMALL FORWARD'>],24,Team.NEW_ORLEANS_PELICANS,35,33,1237,268,564,115,300,143,160,32,144,113,42,27,56,82,794
whitede01,Derrick White,[<Position.SHOOTING_GUARD: 'SHOOTING GUARD'>],30,Team.BOSTON_CELTICS,49,49,1647,271,614,164,432,83,101,46,160,203,43,57,76,93,789
mathube01,Bennedict Mathurin,[<Position.SMALL_FORWARD: 'SMALL FORWARD'>],22,Team.INDIANA_PACERS,48,43,1518,278,587,71,201,158,195,61,215,89,29,18,93,119,785
barnesc01,Scottie Barnes,[<Position.POWER_FORWARD: 'POWER FORWARD'>],23,Team.TORONTO_RAPTORS,39,39,1344,296,664,54,195,133,173,61,241,249,58,42,119,82,779
monkma01,Malik Monk,[<Position.SHOOTING_GUARD: 'SHOOTING GUARD'>],26,Team.SACRAMENTO_KINGS,43,30,1379,285,639,97,294,111,127,17,146,247,44,26,91,115,778
sharpsh01,Shaedon Sharpe,[<Position.SHOOTING_GUARD: 'SHOOTING GUARD'>],21,Team.PORTLAND_TRAIL_BLAZERS,44,31,1340,283,635,86,270,113,140,30,138,105,36,10,83,80,765
wiggian01,Andrew Wiggins,[<Position.SMALL_FORWARD: 'SMALL FORWARD'>],29,Team.GOLDEN_STATE_WARRIORS,43,43,1296,261,588,94,248,139,179,66,131,101,40,33,56,70,755
braunch01,Christian Braun,[<Position.SHOOTING_GUARD: 'SHOOTING GUARD'>],23,Team.DENVER_NUGGETS,51,49,1664,291,507,50,133,113,136,66,187,105,58,27,51,115,745
zubaciv01,Ivica Zubac,[<Position.CENTER: 'CENTER'>],27,Team.LOS_ANGELES_CLIPPERS,49,49,1566,329,539,0,0,85,138,186,434,122,36,55,84,96,743
markkla01,Lauri Markkanen,[<Position.POWER_FORWARD: 'POWER FORWARD'>],27,Team.UTAH_JAZZ,38,38,1219,237,559,113,322,146,169,63,173,64,28,15,53,68,733
banede01,Desmond Bane,[<Position.SHOOTING_GUARD: 'SHOOTING GUARD'>],26,Team.MEMPHIS_GRIZZLIES,40,39,1203,273,548,86,224,85,99,38,189,218,48,17,99,94,717
avdijde01,Deni Avdija,[<Position.SMALL_FORWARD: 'SMALL FORWARD'>],24,Team.PORTLAND_TRAIL_BLAZERS,49,31,1405,238,511,74,215,166,214,59,256,165,50,27,122,111,716
hartjo01,Josh Hart,[<Position.SHOOTING_GUARD: 'SHOOTING GUARD'>],29,Team.NEW_YORK_KNICKS,50,50,1879,276,495,57,166,106,130,112,371,289,77,18,95,129,715
johnsca02,Cameron Johnson,[<Position.POWER_FORWARD: 'POWER FORWARD'>],28,Team.BROOKLYN_NETS,37,37,1185,237,485,118,282,122,136,28,123,108,28,18,62,64,714
reidna01,Naz Reid,[<Position.CENTER: 'CENTER'>],25,Team.MINNESOTA_TIMBERWOLVES,51,4,1324,265,548,113,271,71,89,50,218,97,39,44,61,118,714
allenja01,Jarrett Allen,[<Position.CENTER: 'CENTER'>],26,Team.CLEVELAND_CAVALIERS,52,52,1504,288,413,0,2,132,177,138,397,105,48,50,60,76,708
pritcpa01,Payton Pritchard,[<Position.POINT_GUARD: 'POINT GUARD'>],27,Team.BOSTON_CELTICS,51,0,1411,248,528,161,388,50,59,69,118,175,45,10,52,84,707
dickgr01,Gradey Dick,[<Position.SHOOTING_GUARD: 'SHOOTING GUARD'>],21,Team.TORONTO_RAPTORS,45,45,1343,240,573,99,283,124,140,37,117,87,37,9,71,105,703
huntede01,De'Andre Hunter,[<Position.SMALL_FORWARD: 'SMALL FORWARD'>],27,Team.ATLANTA_HAWKS,37,4,1064,227,492,97,247,151,176,27,118,57,31,5,59,88,702
turnemy01,Myles Turner,[<Position.CENTER: 'CENTER'>],28,Team.INDIANA_PACERS,46,46,1407,247,520,94,236,106,141,60,242,70,38,82,89,129,694
oubreke01,Kelly Oubre Jr.,[<Position.SMALL_FORWARD: 'SMALL FORWARD'>],29,Team.PHILADELPHIA_76ERS,48,45,1656,264,574,57,197,103,139,80,234,90,71,24,61,137,688
bridgmi02,Miles Bridges,[<Position.POWER_FORWARD: 'POWER FORWARD'>],26,Team.CHARLOTTE_HORNETS,35,35,1120,253,577,70,235,110,126,36,234,133,23,21,69,54,686
johnsja05,Jalen Johnson,[<Position.SMALL_FORWARD: 'SMALL FORWARD'>],23,Team.ATLANTA_HAWKS,36,36,1284,271,542,44,141,94,126,62,297,181,56,36,106,67,680
schrode01,Dennis Schröder,[<Position.POINT_GUARD: 'POINT GUARD'>],31,Team.BROOKLYN_NETS,23,23,772,147,325,58,150,72,81,4,64,152,26,4,59,56,424
schrode01,Dennis Schröder,[<Position.SHOOTING_GUARD: 'SHOOTING GUARD'>],31,Team.GOLDEN_STATE_WARRIORS,24,18,628,94,251,37,115,29,39,10,46,105,25,3,48,67,254
thompam01,Amen Thompson,[<Position.SMALL_FORWARD: 'SMALL FORWARD'>],22,Team.HOUSTON_ROCKETS,48,21,1509,253,464,14,60,142,199,130,254,153,69,58,96,112,662
georgke01,Keyonte George,[<Position.POINT_GUARD: 'POINT GUARD'>],21,Team.UTAH_JAZZ,40,32,1254,215,546,103,305,125,155,17,126,231,30,8,112,76,658
harrito02,Tobias Harris,[<Position.POWER_FORWARD: 'POWER FORWARD'>],32,Team.DETROIT_PISTONS,50,50,1600,251,558,61,190,95,109,47,254,118,43,42,56,93,658
vanvlfr01,Fred VanVleet,[<Position.POINT_GUARD: 'POINT GUARD'>],30,Team.HOUSTON_ROCKETS,45,45,1596,227,587,120,349,84,102,30,145,261,72,20,70,110,658
brookdi01,Dillon Brooks,[<Position.SMALL_FORWARD: 'SMALL FORWARD'>],29,Team.HOUSTON_ROCKETS,48,48,1551,238,568,113,292,63,74,58,125,71,38,11,50,169,652
daniedy01,Dyson Daniels,[<Position.SHOOTING_GUARD: 'SHOOTING GUARD'>],21,Team.ATLANTA_HAWKS,47,47,1593,271,576,54,165,54,88,79,174,187,140,36,90,118,650
bealbr01,Bradley Beal,[<Position.SHOOTING_GUARD: 'SHOOTING GUARD'>],31,Team.PHOENIX_SUNS,37,23,1197,243,491,75,187,81,100,26,99,127,41,23,73,98,642
poeltja01,Jakob Poeltl,[<Position.CENTER: 'CENTER'>],29,Team.TORONTO_RAPTORS,45,44,1389,280,459,0,2,77,117,156,299,128,52,58,87,149,637
westbru01,Russell Westbrook,[<Position.POINT_GUARD: 'POINT GUARD'>],36,Team.DENVER_NUGGETS,48,27,1328,235,493,55,166,98,153,66,179,307,72,24,146,121,623
moranja01,Ja Morant,[<Position.POINT_GUARD: 'POINT GUARD'>],25,Team.MEMPHIS_GRIZZLIES,30,30,851,213,470,48,147,146,179,19,106,225,40,9,118,56,620
doncilu01,Luka Dončić,[<Position.POINT_GUARD: 'POINT GUARD'>],25,Team.DALLAS_MAVERICKS,22,22,785,216,466,75,212,112,146,16,167,172,44,9,75,58,619
gaffoda01,Daniel Gafford,[<Position.CENTER: 'CENTER'>],26,Team.DALLAS_MAVERICKS,49,26,1079,249,356,0,0,120,169,133,205,70,20,90,59,132,618
thompkl01,Klay Thompson,[<Position.SMALL_FORWARD: 'SMALL FORWARD'>],34,Team.DALLAS_MAVERICKS,45,45,1228,222,530,135,345,37,41,29,126,92,36,19,64,54,616
castlst01,Stephon Castle,[<Position.POINT_GUARD: 'POINT GUARD'>],20,Team.SAN_ANTONIO_SPURS,48,29,1229,216,523,53,187,121,166,39,97,174,38,12,96,86,606
washipj01,P.J. Washington,[<Position.POWER_FORWARD: 'POWER FORWARD'>],26,Team.DALLAS_MAVERICKS,42,41,1383,218,497,68,179,102,136,69,282,98,51,42,80,103,606
collijo01,John Collins,[<Position.POWER_FORWARD: 'POWER FORWARD'>],27,Team.UTAH_JAZZ,33,24,996,222,422,49,111,109,125,73,196,74,33,35,86,98,602
lopezbr01,Brook Lopez,[<Position.CENTER: 'CENTER'>],36,Team.MILWAUKEE_BUCKS,49,49,1575,226,476,93,253,53,66,53,174,84,36,94,50,108,598
portibo01,Bobby Portis,[<Position.POWER_FORWARD: 'POWER FORWARD'>],29,Team.MILWAUKEE_BUCKS,43,7,1081,244,522,58,157,52,63,73,284,92,30,25,53,75,598
hieldbu01,Buddy Hield,[<Position.SHOOTING_GUARD: 'SHOOTING GUARD'>],32,Team.GOLDEN_STATE_WARRIORS,51,19,1196,214,518,132,356,37,45,29,138,86,43,15,63,92,597
coulibi01,Bilal Coulibaly,[<Position.SMALL_FORWARD: 'SMALL FORWARD'>],20,Team.WASHINGTON_WIZARDS,47,47,1565,211,496,51,181,117,155,68,170,164,64,35,100,114,590
grantje01,Jerami Grant,[<Position.POWER_FORWARD: 'POWER FORWARD'>],30,Team.PORTLAND_TRAIL_BLAZERS,40,40,1292,187,486,93,245,121,142,22,111,89,29,42,51,93,588
giddejo01,Josh Giddey,[<Position.POINT_GUARD: 'POINT GUARD'>],22,Team.CHICAGO_BULLS,48,48,1382,221,493,62,183,77,102,78,270,315,53,24,132,78,581
wellsja01,Jaylen Wells,[<Position.SHOOTING_GUARD: 'SHOOTING GUARD'>],21,Team.MEMPHIS_GRIZZLIES,51,46,1331,204,459,95,252,74,88,53,109,88,30,6,49,94,577
murrake02,Keegan Murray,[<Position.POWER_FORWARD: 'POWER FORWARD'>],24,Team.SACRAMENTO_KINGS,48,48,1685,224,514,87,266,40,49,104,235,66,38,40,44,126,575
roziete01,Terry Rozier,[<Position.POINT_GUARD: 'POINT GUARD'>],30,Team.MIAMI_HEAT,46,21,1315,210,514,75,244,77,90,37,154,134,26,14,66,64,572
mcdanja02,Jaden McDaniels,[<Position.POWER_FORWARD: 'POWER FORWARD'>],24,Team.MINNESOTA_TIMBERWOLVES,52,52,1635,224,486,67,198,56,70,79,206,89,74,46,59,152,571
barneha02,Harrison Barnes,[<Position.POWER_FORWARD: 'POWER FORWARD'>],32,Team.SAN_ANTONIO_SPURS,49,49,1364,196,389,73,179,105,131,73,123,87,18,10,29,47,570
valanjo01,Jonas Valančiūnas,[<Position.CENTER: 'CENTER'>],32,Team.WASHINGTON_WIZARDS,49,12,983,231,422,7,27,95,106,120,284,108,22,28,88,97,564
valanjo01,Jonas Valančiūnas,[<Position.CENTER: 'CENTER'>],32,Team.SACRAMENTO_KINGS,1,0,17,2,8,0,0,2,2,2,3,3,0,0,0,2,6
millebr02,Brandon Miller,[<Position.SMALL_FORWARD: 'SMALL FORWARD'>],22,Team.CHARLOTTE_HORNETS,27,27,924,198,491,104,293,68,79,25,106,98,29,20,76,74,568
suggsja01,Jalen Suggs,[<Position.POINT_GUARD: 'POINT GUARD'>],23,Team.ORLANDO_MAGIC,35,35,1002,197,481,76,242,97,110,23,118,129,51,33,102,98,567
hendesc01,Scoot Henderson,[<Position.POINT_GUARD: 'POINT GUARD'>],20,Team.PORTLAND_TRAIL_BLAZERS,45,8,1193,193,445,66,180,113,144,32,106,241,52,12,120,120,565
aytonde01,Deandre Ayton,[<Position.CENTER: 'CENTER'>],26,Team.PORTLAND_TRAIL_BLAZERS,38,38,1155,258,453,6,32,38,56,119,273,62,31,37,63,82,560
russeda01,D'Angelo Russell,[<Position.POINT_GUARD: 'POINT GUARD'>],28,Team.LOS_ANGELES_LAKERS,29,10,763,129,311,56,168,45,53,8,72,136,23,4,50,53,359
russeda01,D'Angelo Russell,[<Position.POINT_GUARD: 'POINT GUARD'>],28,Team.BROOKLYN_NETS,14,11,342,60,160,29,87,50,56,5,35,85,19,13,30,29,199
goberru01,Rudy Gobert,[<Position.CENTER: 'CENTER'>],32,Team.MINNESOTA_TIMBERWOLVES,52,52,1730,217,334,0,0,123,182,179,361,95,37,81,70,125,557
jeromty01,Ty Jerome,[<Position.SHOOTING_GUARD: 'SHOOTING GUARD'>],27,Team.CLEVELAND_CAVALIERS,49,2,932,204,395,71,165,74,83,35,86,166,57,1,60,72,553
jonesty01,Tyus Jones,[<Position.POINT_GUARD: 'POINT GUARD'>],28,Team.PHOENIX_SUNS,50,50,1475,205,443,103,250,39,44,25,96,291,44,6,66,49,552
vassede01,Devin Vassell,[<Position.SHOOTING_GUARD: 'SHOOTING GUARD'>],24,Team.SAN_ANTONIO_SPURS,34,23,1032,208,480,79,221,54,72,22,101,102,40,17,54,54,549
okongon01,Onyeka Okongwu,[<Position.CENTER: 'CENTER'>],24,Team.ATLANTA_HAWKS,45,11,1130,218,382,21,73,90,121,130,229,91,37,38,45,106,547
johnske04,Keldon Johnson,[<Position.SMALL_FORWARD: 'SMALL FORWARD'>],25,Team.SAN_ANTONIO_SPURS,46,0,1089,202,446,51,170,90,117,58,153,63,27,11,38,66,545
aldamsa01,Santi Aldama,[<Position.POWER_FORWARD: 'POWER FORWARD'>],24,Team.MEMPHIS_GRIZZLIES,43,11,1057,213,436,74,200,44,63,67,223,109,35,23,47,45,544
murrade01,Dejounte Murray,[<Position.POINT_GUARD: 'POINT GUARD'>],28,Team.NEW_ORLEANS_PELICANS,31,31,1012,194,494,52,174,102,124,17,183,228,63,12,106,61,542
georgpa01,Paul George,[<Position.POWER_FORWARD: 'POWER FORWARD'>],34,Team.PHILADELPHIA_76ERS,32,32,1023,197,459,78,209,65,79,20,151,143,55,12,84,82,537
hachiru01,Rui Hachimura,[<Position.POWER_FORWARD: 'POWER FORWARD'>],26,Team.LOS_ANGELES_LAKERS,42,42,1346,204,405,68,161,61,79,62,152,64,35,21,38,78,537
kuminjo01,Jonathan Kuminga,[<Position.POWER_FORWARD: 'POWER FORWARD'>],22,Team.GOLDEN_STATE_WARRIORS,32,10,832,194,423,40,116,108,169,44,115,70,29,18,50,61,536
yabusgu01,Guerschon Yabusele,[<Position.CENTER: 'CENTER'>],29,Team.PHILADELPHIA_76ERS,48,26,1288,197,379,73,182,66,90,90,182,98,38,20,63,120,533
iveyja01,Jaden Ivey,[<Position.SHOOTING_GUARD: 'SHOOTING GUARD'>],22,Team.DETROIT_PISTONS,30,30,898,190,413,63,154,85,116,40,84,119,28,11,89,67,528
kispeco01,Corey Kispert,[<Position.SMALL_FORWARD: 'SMALL FORWARD'>],25,Team.WASHINGTON_WIZARDS,46,0,1227,193,430,89,249,53,61,31,106,73,26,10,48,73,528
durenja01,Jalen Duren,[<Position.CENTER: 'CENTER'>],21,Team.DETROIT_PISTONS,49,49,1253,220,315,0,0,86,128,175,317,116,32,57,94,160,526
hardati02,Tim Hardaway Jr.,[<Position.SHOOTING_GUARD: 'SHOOTING GUARD'>],32,Team.DETROIT_PISTONS,48,48,1374,169,409,103,273,80,97,10,99,76,21,3,33,62,521
robindu01,Duncan Robinson,[<Position.SMALL_FORWARD: 'SMALL FORWARD'>],30,Team.MIAMI_HEAT,48,30,1164,184,440,119,316,34,38,13,99,124,27,5,54,96,521
porzikr01,Kristaps Porziņģis,[<Position.CENTER: 'CENTER'>],29,Team.BOSTON_CELTICS,27,27,771,173,367,66,163,105,126,44,145,55,21,44,27,76,517
wiggiaa01,Aaron Wiggins,[<Position.SHOOTING_GUARD: 'SHOOTING GUARD'>],26,Team.OKLAHOMA_CITY_THUNDER,50,17,1081,205,413,68,188,39,46,55,124,80,37,12,42,64,517
dinwisp01,Spencer Dinwiddie,[<Position.POINT_GUARD: 'POINT GUARD'>],31,Team.DALLAS_MAVERICKS,50,18,1254,163,396,68,199,121,142,11,110,187,45,10,55,74,515
jonesde02,Derrick Jones Jr.,[<Position.SMALL_FORWARD: 'SMALL FORWARD'>],27,Team.LOS_ANGELES_CLIPPERS,49,46,1235,205,395,51,139,52,66,67,114,44,59,19,47,99,513
coffeam01,Amir Coffey,[<Position.SHOOTING_GUARD: 'SHOOTING GUARD'>],27,Team.LOS_ANGELES_CLIPPERS,50,11,1298,176,371,78,184,80,89,24,97,56,29,7,38,81,510
camarto01,Toumani Camara,[<Position.POWER_FORWARD: 'POWER FORWARD'>],24,Team.PORTLAND_TRAIL_BLAZERS,50,50,1611,190,424,74,207,55,75,115,181,101,69,30,74,148,509
dosunay01,Ayo Dosunmu,[<Position.SHOOTING_GUARD: 'SHOOTING GUARD'>],25,Team.CHICAGO_BULLS,41,23,1258,198,404,59,171,54,68,25,121,191,35,18,54,94,509
champju02,Julian Champagnie,[<Position.SMALL_FORWARD: 'SMALL FORWARD'>],23,Team.SAN_ANTONIO_SPURS,49,26,1235,173,416,111,306,47,52,39,164,61,40,22,50,70,504
risacza01,Zaccharie Risacher,[<Position.SMALL_FORWARD: 'SMALL FORWARD'>],19,Team.ATLANTA_HAWKS,45,43,1070,189,447,58,190,68,98,58,97,53,35,21,50,90,504
johnske07,Keon Johnson,[<Position.SHOOTING_GUARD: 'SHOOTING GUARD'>],22,Team.BROOKLYN_NETS,50,30,1154,181,479,75,249,65,83,38,137,95,45,17,61,124,502
kuzmaky01,Kyle Kuzma,[<Position.POWER_FORWARD: 'POWER FORWARD'>],29,Team.WASHINGTON_WIZARDS,32,30,887,191,455,45,160,59,98,27,158,79,20,7,73,52,486
kuzmaky01,Kyle Kuzma,[<Position.POWER_FORWARD: 'POWER FORWARD'>],29,Team.MILWAUKEE_BUCKS,1,0,24,4,13,3,8,1,2,0,7,1,0,0,2,1,12
grimequ01,Quentin Grimes,[<Position.SHOOTING_GUARD: 'SHOOTING GUARD'>],24,Team.DALLAS_MAVERICKS,47,12,1070,169,365,80,201,62,81,30,149,101,32,10,61,78,480
grimequ01,Quentin Grimes,[<Position.SHOOTING_GUARD: 'SHOOTING GUARD'>],24,Team.PHILADELPHIA_76ERS,1,0,28,5,9,2,5,2,2,1,1,2,0,1,1,2,14
pippesc02,Scotty Pippen Jr.,[<Position.POINT_GUARD: 'POINT GUARD'>],24,Team.MEMPHIS_GRIZZLIES,51,16,1081,183,391,51,143,74,110,41,132,233,62,18,94,131,491
holidjr01,Jrue Holiday,[<Position.POINT_GUARD: 'POINT GUARD'>],34,Team.BOSTON_CELTICS,44,44,1330,176,402,77,225,54,60,49,144,162,43,19,59,69,483
wilsoja03,Jalen Wilson,[<Position.POWER_FORWARD: 'POWER FORWARD'>],24,Team.BROOKLYN_NETS,51,15,1397,165,418,71,227,82,100,56,121,97,28,2,58,111,483
mccontj01,T.J. McConnell,[<Position.POINT_GUARD: 'POINT GUARD'>],32,Team.INDIANA_PACERS,49,0,912,220,422,8,30,34,46,28,101,221,60,14,77,52,482
strawju01,Julian Strawther,[<Position.SHOOTING_GUARD: 'SHOOTING GUARD'>],22,Team.DENVER_NUGGETS,52,1,1144,171,396,79,219,60,73,15,96,70,35,14,44,125,481
agbajoc01,Ochai Agbaji,[<Position.SHOOTING_GUARD: 'SHOOTING GUARD'>],24,Team.TORONTO_RAPTORS,46,35,1279,189,372,72,181,24,36,41,131,75,41,27,34,88,474
sarral01,Alex Sarr,[<Position.CENTER: 'CENTER'>],19,Team.WASHINGTON_WIZARDS,41,41,1098,178,448,58,189,56,87,75,197,90,27,64,57,97,470
thomaca02,Cam Thomas,[<Position.SHOOTING_GUARD: 'SHOOTING GUARD'>],23,Team.BROOKLYN_NETS,19,17,614,151,337,54,144,113,129,10,58,64,14,1,51,36,469
allengr01,Grayson Allen,[<Position.SHOOTING_GUARD: 'SHOOTING GUARD'>],29,Team.PHOENIX_SUNS,42,3,1054,149,332,108,248,59,71,27,118,86,40,13,43,59,465
bouchch01,Chris Boucher,[<Position.POWER_FORWARD: 'POWER FORWARD'>],32,Team.TORONTO_RAPTORS,44,0,763,167,331,66,175,63,80,55,133,25,23,24,27,63,463
toppiob01,Obi Toppin,[<Position.POWER_FORWARD: 'POWER FORWARD'>],26,Team.INDIANA_PACERS,47,0,894,179,334,54,158,51,64,33,155,71,31,17,33,64,463
dortlu01,Luguentz Dort,[<Position.SMALL_FORWARD: 'SMALL FORWARD'>],25,Team.OKLAHOMA_CITY_THUNDER,47,47,1362,161,381,108,260,32,39,69,133,79,51,31,33,145,462
paulch01,Chris Paul,[<Position.POINT_GUARD: 'POINT GUARD'>],39,Team.SAN_ANTONIO_SPURS,49,49,1424,152,364,86,234,68,71,23,177,400,64,10,75,94,458
joeis01,Isaiah Joe,[<Position.SHOOTING_GUARD: 'SHOOTING GUARD'>],25,Team.OKLAHOMA_CITY_THUNDER,46,11,970,160,361,114,281,19,26,22,94,64,33,6,21,73,453
jovicni01,Nikola Jović,[<Position.POWER_FORWARD: 'POWER FORWARD'>],21,Team.MIAMI_HEAT,41,10,1025,155,332,72,183,71,85,24,137,121,36,12,55,69,453
knechda01,Dalton Knecht,[<Position.SMALL_FORWARD: 'SMALL FORWARD'>],23,Team.LOS_ANGELES_LAKERS,48,12,994,164,353,77,215,47,57,24,123,42,16,3,24,63,452
caldwke01,Kentavious Caldwell-Pope,[<Position.SHOOTING_GUARD: 'SHOOTING GUARD'>],31,Team.ORLANDO_MAGIC,50,50,1522,158,380,74,236,59,67,19,83,92,74,25,43,95,449
clarkjo01,Jordan Clarkson,[<Position.SHOOTING_GUARD: 'SHOOTING GUARD'>],32,Team.UTAH_JAZZ,27,4,699,151,361,60,161,87,105,17,69,102,24,7,59,41,449
alexani01,Nickeil Alexander-Walker,[<Position.SHOOTING_GUARD: 'SHOOTING GUARD'>],26,Team.MINNESOTA_TIMBERWOLVES,52,4,1242,161,367,88,222,38,52,29,122,125,31,15,63,88,448
kesslwa01,Walker Kessler,[<Position.CENTER: 'CENTER'>],23,Team.UTAH_JAZZ,40,40,1209,193,272,2,6,59,109,182,294,62,23,95,60,90,447
claxtni01,Nic Claxton,[<Position.CENTER: 'CENTER'>],25,Team.BROOKLYN_NETS,45,37,1193,195,356,1,14,55,104,89,248,88,42,59,54,93,446
niangge01,Georges Niang,[<Position.POWER_FORWARD: 'POWER FORWARD'>],31,Team.CLEVELAND_CAVALIERS,51,1,1053,166,348,90,225,23,29,34,155,67,17,7,48,129,445
trentga02,Gary Trent Jr.,[<Position.SHOOTING_GUARD: 'SHOOTING GUARD'>],26,Team.MILWAUKEE_BUCKS,45,7,1113,156,358,101,236,32,36,9,95,48,44,2,26,84,445
divindo01,Donte DiVincenzo,[<Position.SHOOTING_GUARD: 'SHOOTING GUARD'>],28,Team.MINNESOTA_TIMBERWOLVES,40,8,1057,148,373,103,279,41,50,23,124,144,48,7,71,62,440
carrica01,Carlton Carrington,[<Position.POINT_GUARD: 'POINT GUARD'>],19,Team.WASHINGTON_WIZARDS,51,36,1483,162,410,79,232,36,44,19,179,198,36,9,76,119,439
blackan01,Anthony Black,[<Position.POINT_GUARD: 'POINT GUARD'>],21,Team.ORLANDO_MAGIC,49,9,1211,151,376,30,115,105,139,28,97,167,50,25,93,112,437
bostobr01,Brandon Boston Jr.,[<Position.SHOOTING_GUARD: 'SHOOTING GUARD'>],23,Team.NEW_ORLEANS_PELICANS,41,10,978,163,373,46,135,65,81,27,105,92,51,8,50,70,437
anthoco01,Cole Anthony,[<Position.POINT_GUARD: 'POINT GUARD'>],24,Team.ORLANDO_MAGIC,48,10,827,162,385,48,151,64,81,31,107,133,30,16,76,106,436
marshna01,Naji Marshall,[<Position.SMALL_FORWARD: 'SMALL FORWARD'>],27,Team.DALLAS_MAVERICKS,39,14,954,173,346,34,113,56,65,34,104,100,38,4,54,56,436
butleji01,Jimmy Butler,[<Position.POWER_FORWARD: 'POWER FORWARD'>],35,Team.MIAMI_HEAT,25,25,766,142,263,13,36,129,161,55,76,120,27,10,30,23,426
onealro01,Royce O'Neale,[<Position.SMALL_FORWARD: 'SMALL FORWARD'>],31,Team.PHOENIX_SUNS,45,13,1141,151,352,106,259,17,22,37,192,95,43,25,42,99,425
banchpa01,Paolo Banchero,[<Position.POWER_FORWARD: 'POWER FORWARD'>],22,Team.ORLANDO_MAGIC,19,19,635,151,353,29,100,93,147,22,114,94,14,15,59,42,424
capelca01,Clint Capela,[<Position.CENTER: 'CENTER'>],30,Team.ATLANTA_HAWKS,45,41,1010,189,330,0,0,46,85,147,258,54,27,45,44,90,424
missiyv01,Yves Missi,[<Position.CENTER: 'CENTER'>],20,Team.NEW_ORLEANS_PELICANS,48,42,1307,168,302,0,1,84,129,170,215,68,27,69,57,104,420
chrisma02,Max Christie,[<Position.SHOOTING_GUARD: 'SHOOTING GUARD'>],21,Team.LOS_ANGELES_LAKERS,46,25,1154,128,288,60,163,74,87,25,98,66,35,21,39,73,390
chrisma02,Max Christie,[<Position.SHOOTING_GUARD: 'SHOOTING GUARD'>],21,Team.DALLAS_MAVERICKS,2,0,62,11,21,4,7,4,7,4,11,7,1,1,2,3,30
jaqueja01,Jaime Jaquez Jr.,[<Position.SMALL_FORWARD: 'SMALL FORWARD'>],23,Team.MIAMI_HEAT,45,10,1040,150,343,27,91,92,120,57,155,122,49,9,67,70,419
porteke02,Kevin Porter Jr.,[<Position.SHOOTING_GUARD: 'SHOOTING GUARD'>],24,Team.LOS_ANGELES_CLIPPERS,45,2,884,172,407,26,106,49,76,29,131,144,43,11,84,70,419
dasiltr01,Tristan Da Silva,[<Position.SMALL_FORWARD: 'SMALL FORWARD'>],23,Team.ORLANDO_MAGIC,49,35,1252,158,370,61,184,41,48,61,133,84,24,12,45,74,418
ingrabr01,Brandon Ingram,[<Position.SMALL_FORWARD: 'SMALL FORWARD'>],27,Team.NEW_ORLEANS_PELICANS,18,18,595,155,333,43,115,47,55,17,83,93,16,11,69,45,400
smithja04,Jalen Smith,[<Position.CENTER: 'CENTER'>],24,Team.CHICAGO_BULLS,47,1,721,142,299,57,163,56,67,67,197,43,12,35,28,72,397
willipa01,Patrick Williams,[<Position.POWER_FORWARD: 'POWER FORWARD'>],23,Team.CHICAGO_BULLS,42,35,1121,140,371,68,194,47,61,31,144,91,33,26,57,55,395
smithja05,Jabari Smith Jr.,[<Position.POWER_FORWARD: 'POWER FORWARD'>],21,Team.HOUSTON_ROCKETS,33,33,1021,136,313,56,158,65,75,59,156,33,12,32,30,75,393
moodymo01,Moses Moody,[<Position.SHOOTING_GUARD: 'SHOOTING GUARD'>],22,Team.GOLDEN_STATE_WARRIORS,43,5,797,133,301,74,186,50,69,23,70,48,21,13,31,57,390
leverca01,Caris LeVert,[<Position.SMALL_FORWARD: 'SMALL FORWARD'>],30,Team.CLEVELAND_CAVALIERS,38,3,904,135,298,60,148,58,83,22,85,140,33,19,51,48,388
watsope01,Peyton Watson,[<Position.SMALL_FORWARD: 'SMALL FORWARD'>],22,Team.DENVER_NUGGETS,48,12,1158,140,297,32,94,76,101,39,126,72,41,59,43,80,388
conlemi01,Mike Conley,[<Position.POINT_GUARD: 'POINT GUARD'>],37,Team.MINNESOTA_TIMBERWOLVES,47,41,1179,122,329,85,218,58,64,24,102,216,58,9,51,67,387
wagnemo01,Moritz Wagner,[<Position.CENTER: 'CENTER'>],27,Team.ORLANDO_MAGIC,30,1,564,140,249,27,75,79,110,40,108,42,24,12,49,55,386
bitadgo01,Goga Bitadze,[<Position.CENTER: 'CENTER'>],25,Team.ORLANDO_MAGIC,42,38,1002,163,260,2,19,56,86,114,226,96,34,67,57,95,384
easonta01,Tari Eason,[<Position.POWER_FORWARD: 'POWER FORWARD'>],23,Team.HOUSTON_ROCKETS,34,2,806,147,308,34,99,53,71,72,141,38,66,32,32,82,381
princta02,Taurean Prince,[<Position.SMALL_FORWARD: 'SMALL FORWARD'>],30,Team.MILWAUKEE_BUCKS,50,43,1285,137,300,88,193,19,24,26,156,100,40,7,48,102,381
elliske01,Keon Ellis,[<Position.SHOOTING_GUARD: 'SHOOTING GUARD'>],25,Team.SACRAMENTO_KINGS,49,11,1072,126,264,80,184,46,53,37,82,62,69,37,41,90,378
mcbrimi01,Miles McBride,[<Position.POINT_GUARD: 'POINT GUARD'>],24,Team.NEW_YORK_KNICKS,41,0,954,136,322,69,188,34,41,32,66,112,35,7,29,59,375
clarkbr01,Brandon Clarke,[<Position.POWER_FORWARD: 'POWER FORWARD'>],28,Team.MEMPHIS_GRIZZLIES,47,18,885,166,268,1,16,39,57,85,149,45,41,26,28,115,372
sensabr01,Brice Sensabaugh,[<Position.SMALL_FORWARD: 'SMALL FORWARD'>],21,Team.UTAH_JAZZ,40,1,711,134,298,68,181,35,37,25,79,50,23,3,54,56,371
gordoaa01,Aaron Gordon,[<Position.POWER_FORWARD: 'POWER FORWARD'>],29,Team.DENVER_NUGGETS,30,21,800,130,255,34,84,76,97,46,96,92,14,8,40,48,370
embiijo01,Joel Embiid,[<Position.CENTER: 'CENTER'>],30,Team.PHILADELPHIA_76ERS,15,15,448,118,260,18,57,115,131,26,95,66,12,15,48,34,369
kennalu01,Luke Kennard,[<Position.SHOOTING_GUARD: 'SHOOTING GUARD'>],28,Team.MEMPHIS_GRIZZLIES,38,6,842,124,262,83,174,38,43,25,86,131,25,3,41,28,369
nembhan01,Andrew Nembhard,[<Position.SHOOTING_GUARD: 'SHOOTING GUARD'>],25,Team.INDIANA_PACERS,34,34,970,139,293,27,82,64,84,19,98,173,43,4,60,76,369
jackstr02,Trayce Jackson-Davis,[<Position.CENTER: 'CENTER'>],24,Team.GOLDEN_STATE_WARRIORS,47,37,902,158,278,0,1,52,86,108,177,97,22,34,39,66,368
edeyza01,Zach Edey,[<Position.CENTER: 'CENTER'>],22,Team.MEMPHIS_GRIZZLIES,37,30,772,150,255,14,39,51,75,123,165,37,24,44,56,99,365
georgky01,Kyshawn George,[<Position.SHOOTING_GUARD: 'SHOOTING GUARD'>],21,Team.WASHINGTON_WIZARDS,46,16,1184,124,342,73,237,42,55,35,139,100,41,29,59,137,363
hawkijo01,Jordan Hawkins,[<Position.SHOOTING_GUARD: 'SHOOTING GUARD'>],22,Team.NEW_ORLEANS_PELICANS,33,5,766,122,336,64,195,52,62,12,70,32,22,13,30,24,360
sochaje01,Jeremy Sochan,[<Position.POWER_FORWARD: 'POWER FORWARD'>],21,Team.SAN_ANTONIO_SPURS,30,19,808,145,271,14,44,56,78,76,150,76,27,16,52,71,360
willima07,Mark Williams,[<Position.CENTER: 'CENTER'>],23,Team.CHARLOTTE_HORNETS,23,20,575,140,239,0,1,78,100,75,146,57,15,27,23,59,358
willizi02,Ziaire Williams,[<Position.SMALL_FORWARD: 'SMALL FORWARD'>],23,Team.BROOKLYN_NETS,38,21,897,120,300,49,151,68,83,42,140,54,38,16,40,90,357
podzibr01,Brandin Podziemski,[<Position.SHOOTING_GUARD: 'SHOOTING GUARD'>],21,Team.GOLDEN_STATE_WARRIORS,38,10,938,131,307,50,153,44,59,38,137,128,37,7,41,58,356
cartewe01,Wendell Carter Jr.,[<Position.CENTER: 'CENTER'>],25,Team.ORLANDO_MAGIC,40,26,1026,126,276,19,91,84,115,75,214,93,34,20,39,111,355
mccaija01,Jared McCain,[<Position.SHOOTING_GUARD: 'SHOOTING GUARD'>],20,Team.PHILADELPHIA_76ERS,23,8,592,126,274,51,133,49,56,13,43,60,15,0,37,37,352
clownno01,Noah Clowney,[<Position.POWER_FORWARD: 'POWER FORWARD'>],20,Team.BROOKLYN_NETS,37,18,853,112,299,74,209,51,60,35,110,30,19,19,38,87,349
willizi01,Zion Williamson,[<Position.POWER_FORWARD: 'POWER FORWARD'>],24,Team.NEW_ORLEANS_PELICANS,15,15,426,133,257,2,11,81,125,44,74,74,18,17,47,41,349
harteis01,Isaiah Hartenstein,[<Position.CENTER: 'CENTER'>],26,Team.OKLAHOMA_CITY_THUNDER,30,29,875,147,262,0,13,49,77,88,271,126,25,34,55,86,343
laravja01,Jake LaRavia,[<Position.POWER_FORWARD: 'POWER FORWARD'>],23,Team.MEMPHIS_GRIZZLIES,47,0,982,118,241,40,90,67,96,67,138,133,44,20,69,92,343
huffja01,Jay Huff,[<Position.CENTER: 'CENTER'>],26,Team.MEMPHIS_GRIZZLIES,44,1,568,120,229,64,152,37,48,23,75,29,11,40,28,62,341
huertke01,Kevin Huerter,[<Position.SHOOTING_GUARD: 'SHOOTING GUARD'>],26,Team.SACRAMENTO_KINGS,43,15,899,128,310,62,205,20,28,19,101,74,36,16,37,70,338
bantoda01,Dalano Banton,[<Position.POINT_GUARD: 'POINT GUARD'>],25,Team.PORTLAND_TRAIL_BLAZERS,40,0,608,120,291,45,126,52,74,13,65,83,28,20,48,36,337
greenjo02,Josh Green,[<Position.SHOOTING_GUARD: 'SHOOTING GUARD'>],24,Team.CHARLOTTE_HORNETS,45,44,1288,119,272,64,156,35,50,44,84,66,48,11,40,122,337
wallaca01,Cason Wallace,[<Position.SHOOTING_GUARD: 'SHOOTING GUARD'>],21,Team.OKLAHOMA_CITY_THUNDER,46,32,1259,138,312,45,135,14,18,50,109,110,81,26,34,103,335
hollaro01,Ron Holland,[<Position.SMALL_FORWARD: 'SMALL FORWARD'>],19,Team.DETROIT_PISTONS,52,1,805,125,276,28,107,51,64,27,114,43,31,7,45,93,329
greenaj01,A.J. Green,[<Position.SHOOTING_GUARD: 'SHOOTING GUARD'>],25,Team.MILWAUKEE_BUCKS,43,5,942,111,253,93,217,13,15,11,87,54,23,5,24,91,328
hardyja02,Jaden Hardy,[<Position.SHOOTING_GUARD: 'SHOOTING GUARD'>],22,Team.DALLAS_MAVERICKS,39,3,609,119,277,51,132,37,50,7,55,54,21,5,57,61,326
mathega01,Garrison Mathews,[<Position.SHOOTING_GUARD: 'SHOOTING GUARD'>],28,Team.ATLANTA_HAWKS,43,2,763,92,236,77,200,63,76,13,66,56,26,11,29,74,324
hausesa01,Sam Hauser,[<Position.POWER_FORWARD: 'POWER FORWARD'>],27,Team.BOSTON_CELTICS,43,7,855,115,262,90,226,2,2,27,99,43,29,8,16,46,322
payneca01,Cameron Payne,[<Position.POINT_GUARD: 'POINT GUARD'>],30,Team.NEW_YORK_KNICKS,45,1,642,112,267,65,167,33,37,11,53,114,27,11,29,74,322
whitmca01,Cam Whitmore,[<Position.SMALL_FORWARD: 'SMALL FORWARD'>],20,Team.HOUSTON_ROCKETS,32,0,553,121,278,42,126,34,48,25,78,26,21,9,34,33,318
horfoal01,Al Horford,[<Position.CENTER: 'CENTER'>],38,Team.BOSTON_CELTICS,40,26,1048,115,282,70,200,14,16,43,167,77,24,34,29,57,314
dunnry01,Ryan Dunn,[<Position.SMALL_FORWARD: 'SMALL FORWARD'>],22,Team.PHOENIX_SUNS,46,27,882,127,285,46,148,11,23,46,113,42,21,27,19,109,311
finnedo01,Dorian Finney-Smith,[<Position.POWER_FORWARD: 'POWER FORWARD'>],31,Team.BROOKLYN_NETS,20,20,579,73,159,47,108,15,24,31,60,31,18,12,18,54,208
finnedo01,Dorian Finney-Smith,[<Position.POWER_FORWARD: 'POWER FORWARD'>],31,Team.LOS_ANGELES_LAKERS,15,4,367,38,78,23,56,4,5,13,31,15,13,0,12,33,103
greendr01,Draymond Green,[<Position.POWER_FORWARD: 'POWER FORWARD'>],34,Team.GOLDEN_STATE_WARRIORS,37,35,1042,109,259,48,135,44,74,35,185,204,40,39,89,114,310
highsha01,Haywood Highsmith,[<Position.SMALL_FORWARD: 'SMALL FORWARD'>],28,Team.MIAMI_HEAT,48,39,1148,116,248,57,146,18,26,39,110,58,45,30,34,97,307
merrisa01,Sam Merrill,[<Position.SHOOTING_GUARD: 'SHOOTING GUARD'>],28,Team.CLEVELAND_CAVALIERS,43,2,812,101,257,80,223,25,26,21,61,68,25,8,20,77,307
martico01,Cody Martin,[<Position.SMALL_FORWARD: 'SMALL FORWARD'>],29,Team.CHARLOTTE_HORNETS,39,8,967,116,268,40,124,34,49,40,136,89,43,26,42,72,306
fontesi01,Simone Fontecchio,[<Position.SMALL_FORWARD: 'SMALL FORWARD'>],29,Team.DETROIT_PISTONS,47,0,830,99,252,52,156,50,61,32,104,41,17,9,37,60,300
buzelma01,Matas Buzelis,[<Position.SMALL_FORWARD: 'SMALL FORWARD'>],20,Team.CHICAGO_BULLS,50,1,712,107,250,44,121,40,50,32,110,22,13,44,29,73,298
walkeja02,Jarace Walker,[<Position.POWER_FORWARD: 'POWER FORWARD'>],21,Team.INDIANA_PACERS,48,1,803,109,232,45,119,35,56,18,137,70,43,20,53,82,298
wareke01,Kel'el Ware,[<Position.CENTER: 'CENTER'>],20,Team.MIAMI_HEAT,35,9,642,122,225,25,63,26,35,46,154,26,20,34,26,46,295
livelde01,Dereck Lively II,[<Position.CENTER: 'CENTER'>],20,Team.DALLAS_MAVERICKS,32,25,768,124,177,0,0,44,69,99,152,84,17,54,39,94,292
middlkh01,Khris Middleton,[<Position.SMALL_FORWARD: 'SMALL FORWARD'>],33,Team.MILWAUKEE_BUCKS,23,7,534,108,211,35,86,39,46,5,80,102,17,5,37,52,290
richani01,Nick Richards,[<Position.CENTER: 'CENTER'>],27,Team.CHARLOTTE_HORNETS,21,9,440,64,114,0,1,59,87,51,107,28,7,26,33,48,187
richani01,Nick Richards,[<Position.CENTER: 'CENTER'>],27,Team.PHOENIX_SUNS,11,10,264,39,68,0,1,23,30,31,83,7,3,12,19,32,101
councri01,Ricky Council IV,[<Position.SMALL_FORWARD: 'SMALL FORWARD'>],23,Team.PHILADELPHIA_76ERS,43,4,641,96,230,31,100,63,78,29,74,49,20,7,25,40,286
martica02,Caleb Martin,[<Position.SMALL_FORWARD: 'SMALL FORWARD'>],29,Team.PHILADELPHIA_76ERS,31,24,943,101,232,33,87,46,74,43,93,69,34,20,43,63,281
mitchda01,Davion Mitchell,[<Position.POINT_GUARD: 'POINT GUARD'>],26,Team.TORONTO_RAPTORS,44,22,1080,106,244,42,117,25,37,16,69,203,31,8,78,116,279
isaacjo01,Jonathan Isaac,[<Position.POWER_FORWARD: 'POWER FORWARD'>],27,Team.ORLANDO_MAGIC,47,0,777,99,246,29,118,50,75,87,140,24,39,59,20,65,277
brogdma01,Malcolm Brogdon,[<Position.POINT_GUARD: 'POINT GUARD'>],32,Team.WASHINGTON_WIZARDS,21,13,507,94,215,16,51,71,82,20,63,83,11,5,34,29,275
greenja02,Javonte Green,[<Position.SHOOTING_GUARD: 'SHOOTING GUARD'>],31,Team.NEW_ORLEANS_PELICANS,46,17,1018,93,208,36,97,50,66,49,116,42,49,29,27,68,272
martity01,Tyrese Martin,[<Position.SHOOTING_GUARD: 'SHOOTING GUARD'>],25,Team.BROOKLYN_NETS,34,6,721,99,249,53,153,21,30,35,99,59,13,5,44,39,272
colliis01,Isaiah Collier,[<Position.POINT_GUARD: 'POINT GUARD'>],20,Team.UTAH_JAZZ,42,17,965,112,278,19,90,28,44,15,107,232,34,8,114,91,271
sheadja01,Jamal Shead,[<Position.POINT_GUARD: 'POINT GUARD'>],22,Team.TORONTO_RAPTORS,46,1,790,104,248,38,108,24,33,12,42,165,26,5,67,86,270
micicva01,Vasilije Micić,[<Position.POINT_GUARD: 'POINT GUARD'>],31,Team.CHARLOTTE_HORNETS,36,16,764,95,273,45,125,34,41,20,67,127,15,0,74,44,269
gordoer01,Eric Gordon,[<Position.SHOOTING_GUARD: 'SHOOTING GUARD'>],36,Team.PHILADELPHIA_76ERS,38,13,760,87,204,56,137,36,48,8,38,64,26,12,28,32,266
stewais01,Isaiah Stewart,[<Position.CENTER: 'CENTER'>],23,Team.DETROIT_PISTONS,47,3,950,108,204,9,34,41,50,95,178,80,18,59,41,114,266
lylestr01,Trey Lyles,[<Position.POWER_FORWARD: 'POWER FORWARD'>],29,Team.SACRAMENTO_KINGS,41,2,804,90,226,52,153,33,44,44,146,39,26,19,23,50,265
alvarjo01,Jose Alvarado,[<Position.POINT_GUARD: 'POINT GUARD'>],26,Team.NEW_ORLEANS_PELICANS,27,7,599,87,215,59,144,27,34,12,41,111,34,8,31,54,260
thompau01,Ausar Thompson,[<Position.SMALL_FORWARD: 'SMALL FORWARD'>],22,Team.DETROIT_PISTONS,30,19,618,105,204,7,32,40,65,47,102,56,47,13,40,80,257
dunnkr01,Kris Dunn,[<Position.POINT_GUARD: 'POINT GUARD'>],30,Team.LOS_ANGELES_CLIPPERS,44,29,991,105,256,39,133,7,14,31,116,122,67,15,49,111,256
walteja01,Ja'Kobe Walter,[<Position.SHOOTING_GUARD: 'SHOOTING GUARD'>],20,Team.TORONTO_RAPTORS,33,9,638,93,229,34,110,35,50,23,56,48,22,7,26,63,255
champju01,Justin Champagnie,[<Position.SMALL_FORWARD: 'SMALL FORWARD'>],23,Team.WASHINGTON_WIZARDS,32,13,601,97,190,35,92,20,31,46,98,30,31,20,25,59,249
krejcvi01,Vit Krejci,[<Position.POINT_GUARD: 'POINT GUARD'>],24,Team.ATLANTA_HAWKS,37,15,761,89,202,51,135,19,29,15,83,94,26,17,35,71,248
smithni01,Nick Smith Jr.,[<Position.SHOOTING_GUARD: 'SHOOTING GUARD'>],20,Team.CHARLOTTE_HORNETS,31,12,566,95,231,45,126,10,12,6,56,53,11,5,30,33,245
filipky01,Kyle Filipowski,[<Position.CENTER: 'CENTER'>],21,Team.UTAH_JAZZ,40,8,716,92,189,23,75,37,60,48,144,71,21,6,40,74,244
juzanjo01,Johnny Juzang,[<Position.SHOOTING_GUARD: 'SHOOTING GUARD'>],23,Team.UTAH_JAZZ,34,5,598,83,201,56,143,22,25,19,70,33,12,5,16,67,244
sharpda01,Day'Ron Sharpe,[<Position.CENTER: 'CENTER'>],23,Team.BROOKLYN_NETS,30,0,520,97,189,6,30,41,53,85,96,46,22,19,36,64,241
miltosh01,Shake Milton,[<Position.SHOOTING_GUARD: 'SHOOTING GUARD'>],28,Team.BROOKLYN_NETS,27,1,492,73,157,28,72,25,33,16,35,64,15,1,20,43,199
miltosh01,Shake Milton,[<Position.SHOOTING_GUARD: 'SHOOTING GUARD'>],28,Team.LOS_ANGELES_LAKERS,12,0,143,14,31,3,13,11,12,4,17,18,3,2,9,11,42
bogdabo01,Bogdan Bogdanović,[<Position.SHOOTING_GUARD: 'SHOOTING GUARD'>],32,Team.ATLANTA_HAWKS,24,0,598,83,224,44,146,30,34,12,54,49,20,6,37,57,240
sassema01,Marcus Sasser,[<Position.POINT_GUARD: 'POINT GUARD'>],24,Team.DETROIT_PISTONS,41,0,584,91,201,35,103,23,26,14,37,95,28,4,39,55,240
kornelu01,Luke Kornet,[<Position.CENTER: 'CENTER'>],29,Team.BOSTON_CELTICS,46,6,779,95,147,0,0,46,61,104,123,72,23,43,19,67,236
curryse01,Seth Curry,[<Position.SHOOTING_GUARD: 'SHOOTING GUARD'>],34,Team.CHARLOTTE_HORNETS,42,8,578,87,183,45,97,16,18,15,46,27,18,5,18,38,235
hortota01,Talen Horton-Tucker,[<Position.SHOOTING_GUARD: 'SHOOTING GUARD'>],24,Team.CHICAGO_BULLS,40,0,461,84,184,31,81,35,48,14,54,53,15,8,26,40,234
looneke01,Kevon Looney,[<Position.CENTER: 'CENTER'>],28,Team.GOLDEN_STATE_WARRIORS,45,6,736,100,192,0,2,32,62,133,178,84,33,19,26,99,232
robinje02,Jeremiah Robinson-Earl,[<Position.POWER_FORWARD: 'POWER FORWARD'>],24,Team.NEW_ORLEANS_PELICANS,42,6,750,89,202,28,93,25,29,72,126,51,28,6,29,53,231
vincega01,Gabe Vincent,[<Position.POINT_GUARD: 'POINT GUARD'>],28,Team.LOS_ANGELES_LAKERS,42,5,853,85,208,51,144,5,10,11,42,53,28,10,26,87,226
mannte01,Terance Mann,[<Position.SHOOTING_GUARD: 'SHOOTING GUARD'>],28,Team.LOS_ANGELES_CLIPPERS,37,12,732,87,195,26,75,23,32,32,75,59,28,11,25,68,223
eubandr01,Drew Eubanks,[<Position.CENTER: 'CENTER'>],27,Team.UTAH_JAZZ,37,4,568,88,145,3,5,36,57,40,128,45,10,32,31,46,215
eubandr01,Drew Eubanks,[<Position.CENTER: 'CENTER'>],27,Team.LOS_ANGELES_CLIPPERS,2,0,20,3,4,0,0,0,0,2,4,0,0,0,0,1,6
butleja02,Jared Butler,[<Position.POINT_GUARD: 'POINT GUARD'>],24,Team.WASHINGTON_WIZARDS,32,0,362,85,176,15,41,35,45,14,27,82,12,5,29,40,220
okogijo01,Josh Okogie,[<Position.SHOOTING_GUARD: 'SHOOTING GUARD'>],26,Team.PHOENIX_SUNS,25,1,351,56,114,16,42,22,32,32,40,14,21,10,16,28,150
okogijo01,Josh Okogie,[<Position.SHOOTING_GUARD: 'SHOOTING GUARD'>],26,Team.CHARLOTTE_HORNETS,7,1,149,23,53,9,23,15,19,9,15,10,19,5,9,11,70
mitchaj01,Ajay Mitchell,[<Position.SHOOTING_GUARD: 'SHOOTING GUARD'>],22,Team.OKLAHOMA_CITY_THUNDER,34,1,561,84,166,22,51,28,33,17,50,57,24,3,28,59,218
willike04,Kenrich Williams,[<Position.POWER_FORWARD: 'POWER FORWARD'>],30,Team.OKLAHOMA_CITY_THUNDER,39,1,563,86,177,31,87,15,17,35,94,41,25,5,22,61,218
balllo01,Lonzo Ball,[<Position.POINT_GUARD: 'POINT GUARD'>],27,Team.CHICAGO_BULLS,30,9,647,71,196,55,162,18,21,20,83,104,44,15,36,50,215
nurkiju01,Jusuf Nurkić,[<Position.CENTER: 'CENTER'>],30,Team.PHOENIX_SUNS,25,23,592,74,163,19,59,48,69,46,183,47,23,16,57,78,215
bryanth01,Thomas Bryant,[<Position.CENTER: 'CENTER'>],27,Team.MIAMI_HEAT,10,0,115,12,28,6,17,11,11,6,26,4,1,9,2,9,41
bryanth01,Thomas Bryant,[<Position.CENTER: 'CENTER'>],27,Team.INDIANA_PACERS,24,2,364,68,128,21,54,16,20,39,57,26,15,13,11,22,173
phillju01,Julian Phillips,[<Position.SMALL_FORWARD: 'SMALL FORWARD'>],21,Team.CHICAGO_BULLS,50,3,649,76,172,29,91,32,44,44,56,20,20,12,20,65,213
wadede01,Dean Wade,[<Position.POWER_FORWARD: 'POWER FORWARD'>],28,Team.CLEVELAND_CAVALIERS,35,26,799,73,179,52,149,13,25,35,143,55,30,16,11,68,211
leonaka01,Kawhi Leonard,[<Position.SMALL_FORWARD: 'SMALL FORWARD'>],33,Team.LOS_ANGELES_CLIPPERS,13,13,325,85,183,21,58,19,25,8,51,33,11,7,25,14,210
waterli01,Lindy Waters III,[<Position.SHOOTING_GUARD: 'SHOOTING GUARD'>],27,Team.GOLDEN_STATE_WARRIORS,38,9,655,76,205,49,148,8,11,16,81,42,22,10,17,55,209
paytoga02,Gary Payton II,[<Position.SHOOTING_GUARD: 'SHOOTING GUARD'>],32,Team.GOLDEN_STATE_WARRIORS,40,10,541,88,163,11,51,21,29,36,83,51,26,12,28,68,208
sheppbe01,Ben Sheppard,[<Position.SHOOTING_GUARD: 'SHOOTING GUARD'>],23,Team.INDIANA_PACERS,36,8,733,76,181,45,125,11,13,24,68,46,22,10,12,81,208
mogbojo01,Jonathan Mogbo,[<Position.POWER_FORWARD: 'POWER FORWARD'>],23,Team.TORONTO_RAPTORS,39,7,659,80,170,12,30,35,49,67,95,62,28,17,31,75,207
quetane01,Neemias Queta,[<Position.CENTER: 'CENTER'>],25,Team.BOSTON_CELTICS,40,5,580,87,132,0,2,32,44,57,91,27,13,28,25,71,206
joneshe01,Herbert Jones,[<Position.SMALL_FORWARD: 'SMALL FORWARD'>],26,Team.NEW_ORLEANS_PELICANS,20,20,648,75,172,22,72,33,40,22,56,65,37,9,35,66,205
simmobe01,Ben Simmons,[<Position.POINT_GUARD: 'POINT GUARD'>],28,Team.BROOKLYN_NETS,33,24,825,93,170,0,0,18,26,30,142,229,26,16,88,81,204
strusma01,Max Strus,[<Position.SMALL_FORWARD: 'SMALL FORWARD'>],28,Team.CLEVELAND_CAVALIERS,24,11,596,73,171,51,135,7,9,20,84,71,15,9,24,48,204
battlja01,Jamison Battle,[<Position.SMALL_FORWARD: 'SMALL FORWARD'>],23,Team.TORONTO_RAPTORS,36,0,457,70,149,48,112,12,14,20,46,32,5,4,12,40,200
drumman01,Andre Drummond,[<Position.CENTER: 'CENTER'>],31,Team.PHILADELPHIA_76ERS,29,16,546,82,161,1,11,35,61,71,147,18,32,11,47,69,200
mykhasv01,Svi Mykhailiuk,[<Position.SMALL_FORWARD: 'SMALL FORWARD'>],27,Team.UTAH_JAZZ,20,10,386,70,171,43,124,16,21,10,39,37,14,5,31,26,199
diabamo01,Moussa Diabaté,[<Position.CENTER: 'CENTER'>],23,Team.CHARLOTTE_HORNETS,42,5,798,82,138,0,2,33,59,130,169,37,29,28,39,67,197
plumlma01,Mason Plumlee,[<Position.CENTER: 'CENTER'>],34,Team.PHOENIX_SUNS,50,18,888,75,132,0,2,47,75,85,233,93,24,38,45,109,197
achiupr01,Precious Achiuwa,[<Position.CENTER: 'CENTER'>],25,Team.NEW_YORK_KNICKS,30,3,614,83,152,8,21,22,36,62,113,31,31,23,25,49,196
howarje01,Jett Howard,[<Position.SMALL_FORWARD: 'SMALL FORWARD'>],21,Team.ORLANDO_MAGIC,44,0,481,69,184,42,130,15,18,18,35,26,7,7,22,46,195
morrimo01,Monte Morris,[<Position.POINT_GUARD: 'POINT GUARD'>],29,Team.PHOENIX_SUNS,39,0,508,69,166,22,71,34,40,10,45,65,16,3,16,20,194
clingdo01,Donovan Clingan,[<Position.CENTER: 'CENTER'>],20,Team.PORTLAND_TRAIL_BLAZERS,38,10,610,80,153,6,22,25,38,101,144,28,16,57,44,98,191
anderky01,Kyle Anderson,[<Position.POWER_FORWARD: 'POWER FORWARD'>],31,Team.GOLDEN_STATE_WARRIORS,36,3,541,76,169,19,52,18,27,27,83,81,26,20,20,40,189
jacksan01,Andre Jackson Jr.,[<Position.SHOOTING_GUARD: 'SHOOTING GUARD'>],23,Team.MILWAUKEE_BUCKS,48,40,836,76,162,26,68,10,18,55,102,71,29,13,49,100,188
quickim01,Immanuel Quickley,[<Position.POINT_GUARD: 'POINT GUARD'>],25,Team.TORONTO_RAPTORS,13,13,337,61,150,26,71,38,42,4,25,78,7,2,22,21,186
manntr01,Tre Mann,[<Position.POINT_GUARD: 'POINT GUARD'>],23,Team.CHARLOTTE_HORNETS,13,0,319,70,161,24,60,19,21,12,26,39,7,4,25,24,183
nancela02,Larry Nance Jr.,[<Position.POWER_FORWARD: 'POWER FORWARD'>],32,Team.ATLANTA_HAWKS,22,3,422,70,138,32,69,9,12,20,74,36,20,12,14,33,181
evbuoto01,Tosan Evbuomwan,[<Position.SMALL_FORWARD: 'SMALL FORWARD'>],23,Team.BROOKLYN_NETS,18,0,443,66,143,14,45,34,47,20,54,30,12,7,30,35,180
edwarju01,Justin Edwards,[<Position.SMALL_FORWARD: 'SMALL FORWARD'>],21,Team.PHILADELPHIA_76ERS,22,7,525,67,143,33,88,11,17,22,46,31,17,7,19,46,178
terryda01,Dalen Terry,[<Position.SHOOTING_GUARD: 'SHOOTING GUARD'>],22,Team.CHICAGO_BULLS,47,1,598,65,144,19,54,29,42,27,43,57,22,11,35,71,178
salauti01,Tidjane Salaün,[<Position.POWER_FORWARD: 'POWER FORWARD'>],19,Team.CHARLOTTE_HORNETS,36,8,665,60,182,33,113,24,35,38,110,38,21,8,31,48,177
olynyke01,Kelly Olynyk,[<Position.CENTER: 'CENTER'>],33,Team.TORONTO_RAPTORS,24,2,383,59,118,19,43,34,43,25,64,56,16,8,35,59,171
carusal01,Alex Caruso,[<Position.SHOOTING_GUARD: 'SHOOTING GUARD'>],30,Team.OKLAHOMA_CITY_THUNDER,30,0,571,66,167,29,98,9,12,20,63,75,53,16,19,58,170
murrakr01,Kris Murray,[<Position.SMALL_FORWARD: 'SMALL FORWARD'>],24,Team.PORTLAND_TRAIL_BLAZERS,43,0,580,70,155,16,62,14,32,43,49,37,17,8,22,37,170
rolliry01,Ryan Rollins,[<Position.POINT_GUARD: 'POINT GUARD'>],22,Team.MILWAUKEE_BUCKS,34,6,416,64,139,22,59,19,23,13,40,41,24,12,30,49,169
holmgch01,Chet Holmgren,[<Position.CENTER: 'CENTER'>],22,Team.OKLAHOMA_CITY_THUNDER,11,11,287,58,116,14,38,38,49,16,76,21,10,30,24,21,168
colliza01,Zach Collins,[<Position.CENTER: 'CENTER'>],27,Team.SAN_ANTONIO_SPURS,36,4,425,61,132,14,46,31,35,38,63,52,14,15,23,70,167
willigr01,Grant Williams,[<Position.POWER_FORWARD: 'POWER FORWARD'>],26,Team.CHARLOTTE_HORNETS,16,7,479,54,123,27,74,31,37,18,64,37,18,13,28,46,166
batumni01,Nicolas Batum,[<Position.POWER_FORWARD: 'POWER FORWARD'>],36,Team.LOS_ANGELES_CLIPPERS,49,1,856,55,141,44,116,11,14,33,106,65,31,20,21,74,165
smartma01,Marcus Smart,[<Position.POINT_GUARD: 'POINT GUARD'>],30,Team.MEMPHIS_GRIZZLIES,19,6,400,53,148,29,90,30,36,14,29,71,23,6,35,31,165
theisda01,Daniel Theis,[<Position.CENTER: 'CENTER'>],32,Team.NEW_ORLEANS_PELICANS,38,9,621,61,129,9,37,31,37,44,120,60,18,20,25,70,162
okorois01,Isaac Okoro,[<Position.SHOOTING_GUARD: 'SHOOTING GUARD'>],24,Team.CLEVELAND_CAVALIERS,28,16,551,56,131,31,78,18,25,22,36,46,19,11,11,57,161
hayesja02,Jaxson Hayes,[<Position.CENTER: 'CENTER'>],24,Team.LOS_ANGELES_LAKERS,28,7,487,61,92,0,2,33,44,37,76,27,15,26,20,60,155
martike04,KJ Martin,[<Position.POWER_FORWARD: 'POWER FORWARD'>],24,Team.PHILADELPHIA_76ERS,24,7,480,61,99,8,21,24,29,21,51,19,11,16,12,62,154
dilliro01,Rob Dillingham,[<Position.POINT_GUARD: 'POINT GUARD'>],20,Team.MINNESOTA_TIMBERWOLVES,27,0,314,64,131,22,52,3,7,6,24,63,9,0,36,26,153
holidaa01,Aaron Holiday,[<Position.POINT_GUARD: 'POINT GUARD'>],28,Team.HOUSTON_ROCKETS,36,1,409,52,124,31,83,17,19,6,28,43,13,4,17,38,152
brownbr01,Bruce Brown,[<Position.POINT_GUARD: 'POINT GUARD'>],28,Team.TORONTO_RAPTORS,18,0,353,57,131,11,36,26,29,17,51,28,17,3,19,26,151
burksal01,Alec Burks,[<Position.SHOOTING_GUARD: 'SHOOTING GUARD'>],33,Team.MIAMI_HEAT,26,0,420,46,112,36,84,21,26,8,46,28,15,5,9,18,149
bassech01,Charles Bassey,[<Position.CENTER: 'CENTER'>],24,Team.SAN_ANTONIO_SPURS,32,1,346,63,110,0,0,21,33,55,91,14,12,29,22,44,147
mamuksa01,Sandro Mamukelashvili,[<Position.POWER_FORWARD: 'POWER FORWARD'>],25,Team.SAN_ANTONIO_SPURS,31,0,258,52,92,23,54,19,27,20,55,15,7,8,13,20,146
hylanbo01,Bones Hyland,[<Position.POINT_GUARD: 'POINT GUARD'>],24,Team.LOS_ANGELES_CLIPPERS,20,0,222,45,115,31,80,23,26,5,19,28,18,4,24,26,144
ighodos01,Oso Ighodaro,[<Position.POWER_FORWARD: 'POWER FORWARD'>],22,Team.PHOENIX_SUNS,40,2,600,62,108,0,2,19,36,34,97,39,18,15,23,62,143
millejo02,Jordan Miller,[<Position.SMALL_FORWARD: 'SMALL FORWARD'>],25,Team.LOS_ANGELES_CLIPPERS,29,0,370,54,126,8,36,26,33,22,30,31,15,5,22,21,142
prospol01,Olivier-Maxence Prosper,[<Position.POWER_FORWARD: 'POWER FORWARD'>],22,Team.DALLAS_MAVERICKS,41,2,404,49,124,9,41,35,56,37,60,29,19,5,13,22,142
watfotr01,Trendon Watford,[<Position.POWER_FORWARD: 'POWER FORWARD'>],24,Team.BROOKLYN_NETS,17,0,283,50,113,9,32,30,37,7,45,23,8,5,22,37,139
wallake01,Keaton Wallace,[<Position.POINT_GUARD: 'POINT GUARD'>],25,Team.ATLANTA_HAWKS,24,3,416,52,123,23,65,11,11,5,30,55,22,8,28,31,138
branhma01,Malaki Branham,[<Position.SHOOTING_GUARD: 'SHOOTING GUARD'>],21,Team.SAN_ANTONIO_SPURS,30,0,287,49,113,21,53,17,20,3,30,26,7,2,28,16,136
jacksre01,Reggie Jackson,[<Position.POINT_GUARD: 'POINT GUARD'>],34,Team.PHILADELPHIA_76ERS,31,1,384,52,133,25,74,7,9,8,34,45,16,3,17,34,136
willija07,Jaylin Williams,[<Position.POWER_FORWARD: 'POWER FORWARD'>],22,Team.OKLAHOMA_CITY_THUNDER,23,5,393,49,125,27,86,10,10,32,98,56,10,16,17,41,135
lowryky01,Kyle Lowry,[<Position.POINT_GUARD: 'POINT GUARD'>],38,Team.PHILADELPHIA_76ERS,32,12,617,39,111,28,83,27,33,11,53,92,31,10,20,61,133
adamsst01,Steven Adams,[<Position.CENTER: 'CENTER'>],31,Team.HOUSTON_ROCKETS,35,2,440,52,90,0,0,28,62,91,90,39,10,17,33,38,132
jordade01,DeAndre Jordan,[<Position.CENTER: 'CENTER'>],36,Team.DENVER_NUGGETS,37,2,432,60,90,0,0,12,29,49,119,30,10,17,27,45,132
connapa01,Pat Connaughton,[<Position.SHOOTING_GUARD: 'SHOOTING GUARD'>],32,Team.MILWAUKEE_BUCKS,29,0,445,48,113,20,62,13,17,17,65,49,4,9,17,32,129
bambamo01,Mo Bamba,[<Position.CENTER: 'CENTER'>],26,Team.LOS_ANGELES_CLIPPERS,28,2,352,48,103,15,50,17,25,26,94,16,9,28,19,49,128
sheppre01,Reed Sheppard,[<Position.POINT_GUARD: 'POINT GUARD'>],20,Team.HOUSTON_ROCKETS,36,0,427,47,151,26,93,8,9,14,38,41,23,14,23,34,128
larsspe01,Pelle Larsson,[<Position.SHOOTING_GUARD: 'SHOOTING GUARD'>],23,Team.MIAMI_HEAT,33,1,422,45,98,15,47,22,33,14,35,31,15,4,12,57,127
reedpa01,Paul Reed,[<Position.CENTER: 'CENTER'>],25,Team.DETROIT_PISTONS,29,0,286,49,92,6,18,21,25,26,47,29,31,16,14,49,125
tateja01,Jae'Sean Tate,[<Position.SMALL_FORWARD: 'SMALL FORWARD'>],29,Team.HOUSTON_ROCKETS,32,2,364,47,96,6,22,25,37,30,39,29,20,2,13,59,125
jonestr01,Tre Jones,[<Position.POINT_GUARD: 'POINT GUARD'>],25,Team.SAN_ANTONIO_SPURS,28,0,450,45,93,8,26,25,33,15,43,104,18,5,21,33,123
nesmiaa01,Aaron Nesmith,[<Position.SMALL_FORWARD: 'SMALL FORWARD'>],25,Team.INDIANA_PACERS,15,8,314,41,83,15,36,26,29,7,43,19,9,4,11,39,123
roddyda01,David Roddy,[<Position.POWER_FORWARD: 'POWER FORWARD'>],23,Team.ATLANTA_HAWKS,27,3,346,44,93,16,43,18,22,11,59,30,12,8,20,18,122
walkeja01,Jabari Walker,[<Position.SMALL_FORWARD: 'SMALL FORWARD'>],22,Team.PORTLAND_TRAIL_BLAZERS,37,1,375,48,106,7,34,16,26,29,75,17,19,5,20,45,119
simpskj01,KJ Simpson,[<Position.POINT_GUARD: 'POINT GUARD'>],22,Team.CHARLOTTE_HORNETS,19,1,342,41,129,12,57,24,30,20,23,43,13,4,20,29,118
diengou01,Ousmane Dieng,[<Position.CENTER: 'CENTER'>],21,Team.OKLAHOMA_CITY_THUNDER,29,0,331,42,104,17,59,11,16,15,53,27,15,6,15,27,112
queentr01,Trevelin Queen,[<Position.SHOOTING_GUARD: 'SHOOTING GUARD'>],27,Team.ORLANDO_MAGIC,23,2,350,41,112,16,59,11,13,20,20,32,24,8,20,36,109
bonaad01,Adem Bona,[<Position.CENTER: 'CENTER'>],21,Team.PHILADELPHIA_76ERS,36,1,394,40,57,0,0,28,44,37,65,11,7,27,24,68,108
mcderdo01,Doug McDermott,[<Position.SMALL_FORWARD: 'SMALL FORWARD'>],33,Team.SACRAMENTO_KINGS,31,3,260,36,85,31,72,3,5,2,15,4,4,1,5,27,106
loveke01,Kevin Love,[<Position.POWER_FORWARD: 'POWER FORWARD'>],36,Team.MIAMI_HEAT,19,6,207,35,99,21,58,13,19,17,60,19,14,2,13,17,104
santogu01,Gui Santos,[<Position.POWER_FORWARD: 'POWER FORWARD'>],22,Team.GOLDEN_STATE_WARRIORS,26,1,325,36,75,20,48,12,19,27,40,30,9,3,16,36,104
klebima01,Maxi Kleber,[<Position.POWER_FORWARD: 'POWER FORWARD'>],33,Team.DALLAS_MAVERICKS,34,4,637,37,96,13,49,16,21,25,70,43,9,17,23,66,103
reddica01,Cam Reddish,[<Position.SMALL_FORWARD: 'SMALL FORWARD'>],25,Team.LOS_ANGELES_LAKERS,31,8,560,37,86,13,45,16,26,15,47,22,31,10,12,43,103
jacksqu01,Quenton Jackson,[<Position.POINT_GUARD: 'POINT GUARD'>],26,Team.INDIANA_PACERS,18,7,254,39,76,9,24,15,21,10,17,31,9,5,11,32,102
williro04,Robert Williams,[<Position.CENTER: 'CENTER'>],27,Team.PORTLAND_TRAIL_BLAZERS,18,3,318,43,68,1,3,15,17,33,75,20,11,31,17,28,102
houstca01,Caleb Houstan,[<Position.SMALL_FORWARD: 'SMALL FORWARD'>],22,Team.ORLANDO_MAGIC,36,5,425,32,102,27,88,10,11,13,23,15,7,3,5,36,101
willico04,Cody Williams,[<Position.SHOOTING_GUARD: 'SHOOTING GUARD'>],20,Team.UTAH_JAZZ,26,12,545,36,120,15,63,14,22,13,44,35,13,10,22,49,101
tysonja01,Jaylon Tyson,[<Position.SHOOTING_GUARD: 'SHOOTING GUARD'>],22,Team.CLEVELAND_CAVALIERS,33,2,310,37,85,11,34,14,18,26,46,30,8,2,14,35,99
jeffrda01,DaQuan Jeffries,[<Position.SHOOTING_GUARD: 'SHOOTING GUARD'>],27,Team.CHARLOTTE_HORNETS,18,1,325,36,85,17,48,8,9,17,36,21,13,7,10,36,97
weslebl01,Blake Wesley,[<Position.SHOOTING_GUARD: 'SHOOTING GUARD'>],21,Team.SAN_ANTONIO_SPURS,31,0,287,38,82,4,21,17,23,6,17,60,14,3,28,16,97
wongis01,Isaiah Wong,[<Position.SHOOTING_GUARD: 'SHOOTING GUARD'>],24,Team.CHARLOTTE_HORNETS,18,0,226,32,89,9,29,23,32,14,16,26,10,0,15,19,96
baglema01,Marvin Bagley III,[<Position.CENTER: 'CENTER'>],25,Team.WASHINGTON_WIZARDS,19,1,166,38,71,2,10,15,23,27,29,7,7,5,11,12,93
portecr01,Craig Porter Jr.,[<Position.POINT_GUARD: 'POINT GUARD'>],24,Team.CLEVELAND_CAVALIERS,31,0,273,37,61,11,19,7,10,6,23,36,9,10,16,13,92
postqu01,Quinten Post,[<Position.POWER_FORWARD: 'POWER FORWARD'>],24,Team.GOLDEN_STATE_WARRIORS,13,5,184,34,77,17,47,7,7,12,32,23,2,3,7,25,92
jonesis01,Isaac Jones,[<Position.POWER_FORWARD: 'POWER FORWARD'>],24,Team.SACRAMENTO_KINGS,25,0,218,38,58,1,4,14,26,14,24,8,3,8,12,26,91
carteje01,Jevon Carter,[<Position.POINT_GUARD: 'POINT GUARD'>],29,Team.CHICAGO_BULLS,24,0,173,32,74,20,52,6,8,2,20,21,7,1,8,8,90
harriga01,Gary Harris,[<Position.SHOOTING_GUARD: 'SHOOTING GUARD'>],30,Team.ORLANDO_MAGIC,24,2,385,32,81,22,63,4,8,11,18,11,15,6,11,20,90
jacksgg01,GG Jackson II,[<Position.POWER_FORWARD: 'POWER FORWARD'>],20,Team.MEMPHIS_GRIZZLIES,9,0,158,32,79,11,40,14,17,12,23,8,5,2,13,9,89
landajo01,Jock Landale,[<Position.CENTER: 'CENTER'>],29,Team.HOUSTON_ROCKETS,25,0,248,33,72,5,9,17,27,33,39,22,5,8,12,22,88
ruperra01,Rayan Rupert,[<Position.SHOOTING_GUARD: 'SHOOTING GUARD'>],20,Team.PORTLAND_TRAIL_BLAZERS,35,0,276,32,78,10,35,13,18,20,20,16,8,2,16,19,87
smithdr01,Dru Smith,[<Position.SHOOTING_GUARD: 'SHOOTING GUARD'>],27,Team.MIAMI_HEAT,14,1,268,31,61,16,30,9,12,12,24,23,21,6,17,30,87
reevean01,Antonio Reeves,[<Position.SHOOTING_GUARD: 'SHOOTING GUARD'>],24,Team.NEW_ORLEANS_PELICANS,20,0,186,33,80,13,42,7,8,6,12,13,6,0,5,7,86
dowtije01,Jeff Dowtin,[<Position.POINT_GUARD: 'POINT GUARD'>],27,Team.PHILADELPHIA_76ERS,23,0,255,32,80,6,23,12,17,3,24,33,8,4,3,13,82
pottemi01,Micah Potter,[<Position.CENTER: 'CENTER'>],26,Team.UTAH_JAZZ,22,8,380,28,69,20,55,6,7,23,61,16,5,9,14,28,82
davisjo06,Johnny Davis,[<Position.SHOOTING_GUARD: 'SHOOTING GUARD'>],22,Team.WASHINGTON_WIZARDS,34,0,242,32,78,7,29,9,15,10,28,11,15,6,7,18,80
minotjo01,Josh Minott,[<Position.SMALL_FORWARD: 'SMALL FORWARD'>],22,Team.MINNESOTA_TIMBERWOLVES,31,0,216,32,68,7,29,9,11,7,26,13,12,10,7,27,80
tysonhu01,Hunter Tyson,[<Position.POWER_FORWARD: 'POWER FORWARD'>],24,Team.DENVER_NUGGETS,36,0,276,25,65,14,42,16,23,11,45,13,5,5,12,32,80
cainja01,Jamal Cain,[<Position.SMALL_FORWARD: 'SMALL FORWARD'>],25,Team.NEW_ORLEANS_PELICANS,20,0,252,26,63,10,35,12,18,17,31,11,9,7,9,24,74
millspa02,Patty Mills,[<Position.POINT_GUARD: 'POINT GUARD'>],36,Team.UTAH_JAZZ,17,0,260,26,76,17,57,5,5,3,18,21,12,3,16,12,74
millspa02,Patty Mills,[<Position.POINT_GUARD: 'POINT GUARD'>],36,Team.LOS_ANGELES_CLIPPERS,1,0,7,0,3,0,3,0,0,0,0,1,1,0,0,0,0
konchjo01,John Konchar,[<Position.SHOOTING_GUARD: 'SHOOTING GUARD'>],28,Team.MEMPHIS_GRIZZLIES,27,3,370,27,65,14,45,5,6,26,79,29,14,11,10,24,73
garzalu01,Luka Garza,[<Position.CENTER: 'CENTER'>],26,Team.MINNESOTA_TIMBERWOLVES,20,0,103,27,55,5,18,9,12,12,14,2,2,1,6,14,68
holmeri01,Richaun Holmes,[<Position.POWER_FORWARD: 'POWER FORWARD'>],31,Team.WASHINGTON_WIZARDS,14,2,195,27,46,0,2,14,18,23,42,15,2,8,5,18,68
nowelja01,Jaylen Nowell,[<Position.SHOOTING_GUARD: 'SHOOTING GUARD'>],25,Team.NEW_ORLEANS_PELICANS,8,0,168,26,73,8,27,7,11,6,14,18,1,4,8,9,67
gillan01,Anthony Gill,[<Position.POWER_FORWARD: 'POWER FORWARD'>],32,Team.WASHINGTON_WIZARDS,37,0,208,22,44,5,15,17,28,6,23,7,6,2,6,18,66
jonesdi01,Dillon Jones,[<Position.SMALL_FORWARD: 'SMALL FORWARD'>],23,Team.OKLAHOMA_CITY_THUNDER,31,0,282,24,74,7,40,11,19,20,45,29,6,3,13,32,66
wrighde01,Delon Wright,[<Position.POINT_GUARD: 'POINT GUARD'>],32,Team.MILWAUKEE_BUCKS,26,2,405,22,82,12,49,9,16,15,31,48,23,9,14,17,65
simsje01,Jericho Sims,[<Position.CENTER: 'CENTER'>],26,Team.NEW_YORK_KNICKS,39,5,422,28,46,0,0,8,13,51,78,22,8,10,21,46,64
moorewe01,Wendell Moore Jr.,[<Position.SHOOTING_GUARD: 'SHOOTING GUARD'>],23,Team.DETROIT_PISTONS,20,1,219,23,50,4,14,13,14,11,33,23,10,3,9,15,63
spencpa01,Pat Spencer,[<Position.POINT_GUARD: 'POINT GUARD'>],28,Team.GOLDEN_STATE_WARRIORS,20,0,154,26,60,2,12,9,13,10,20,31,9,2,12,13,63
craigto01,Torrey Craig,[<Position.SMALL_FORWARD: 'SMALL FORWARD'>],34,Team.CHICAGO_BULLS,9,1,113,22,45,15,35,3,4,8,17,5,2,1,0,15,62
furphjo01,Johnny Furphy,[<Position.SHOOTING_GUARD: 'SHOOTING GUARD'>],20,Team.INDIANA_PACERS,32,0,233,21,55,11,32,9,9,13,20,9,9,6,9,24,62
meltode01,De'Anthony Melton,[<Position.SHOOTING_GUARD: 'SHOOTING GUARD'>],26,Team.GOLDEN_STATE_WARRIORS,6,2,121,22,54,13,35,5,8,6,14,17,7,2,10,18,62
pickeja02,Jalen Pickett,[<Position.SHOOTING_GUARD: 'SHOOTING GUARD'>],25,Team.DENVER_NUGGETS,22,0,207,24,55,11,28,1,1,4,18,37,5,2,8,13,60
cartede02,Devin Carter,[<Position.POINT_GUARD: 'POINT GUARD'>],22,Team.SACRAMENTO_KINGS,16,0,158,19,61,8,31,13,18,6,34,21,5,3,8,14,59
joneska01,Kai Jones,[<Position.CENTER: 'CENTER'>],24,Team.LOS_ANGELES_CLIPPERS,27,0,205,25,35,0,2,9,12,15,30,10,6,13,10,23,59
kolokch01,Christian Koloko,[<Position.CENTER: 'CENTER'>],24,Team.LOS_ANGELES_LAKERS,28,0,237,27,42,0,2,5,6,26,34,12,7,8,7,31,59
fernabr01,Bruno Fernando,[<Position.CENTER: 'CENTER'>],26,Team.TORONTO_RAPTORS,17,2,147,26,49,0,0,6,8,21,30,18,4,9,14,27,58
josepco01,Cory Joseph,[<Position.POINT_GUARD: 'POINT GUARD'>],33,Team.ORLANDO_MAGIC,30,0,225,21,60,14,41,2,4,6,17,24,11,3,11,18,58
nnajize01,Zeke Nnaji,[<Position.POWER_FORWARD: 'POWER FORWARD'>],24,Team.DENVER_NUGGETS,31,1,205,26,57,3,20,3,7,9,23,4,3,11,6,23,58
greenje02,Jeff Green,[<Position.POWER_FORWARD: 'POWER FORWARD'>],38,Team.HOUSTON_ROCKETS,14,2,145,21,39,8,24,7,9,2,16,3,3,1,4,14,57
reathdu01,Duop Reath,[<Position.CENTER: 'CENTER'>],28,Team.PORTLAND_TRAIL_BLAZERS,25,0,133,19,50,11,35,8,10,9,13,6,0,2,4,15,57
bolbo01,Bol Bol,[<Position.POWER_FORWARD: 'POWER FORWARD'>],25,Team.PHOENIX_SUNS,15,0,108,21,40,6,21,8,12,6,18,5,1,5,7,3,56
walshjo01,Jordan Walsh,[<Position.POWER_FORWARD: 'POWER FORWARD'>],20,Team.BOSTON_CELTICS,35,1,276,20,56,11,39,5,10,13,27,11,9,8,9,18,56
brownko01,Kobe Brown,[<Position.POWER_FORWARD: 'POWER FORWARD'>],25,Team.LOS_ANGELES_CLIPPERS,20,0,159,23,47,4,16,3,4,15,30,14,3,2,6,14,53
bufkiko01,Kobe Bufkin,[<Position.SHOOTING_GUARD: 'SHOOTING GUARD'>],21,Team.ATLANTA_HAWKS,10,0,124,18,47,4,19,13,18,5,16,17,3,2,8,9,53
kolekty01,Tyler Kolek,[<Position.POINT_GUARD: 'POINT GUARD'>],23,Team.NEW_YORK_KNICKS,28,0,146,18,47,11,28,6,6,2,13,22,7,1,9,12,53
mclaujo01,Jordan McLaughlin,[<Position.POINT_GUARD: 'POINT GUARD'>],28,Team.SACRAMENTO_KINGS,28,0,190,16,44,10,26,11,16,4,17,24,11,0,11,13,53
beaucma01,MarJon Beauchamp,[<Position.SMALL_FORWARD: 'SMALL FORWARD'>],24,Team.MILWAUKEE_BUCKS,26,0,122,18,47,7,21,9,12,7,25,8,3,1,13,10,52
gibsota01,Taj Gibson,[<Position.CENTER: 'CENTER'>],39,Team.CHARLOTTE_HORNETS,21,11,230,22,50,1,2,7,12,31,41,11,7,10,13,32,52
lenal01,Alex Len,[<Position.CENTER: 'CENTER'>],31,Team.SACRAMENTO_KINGS,36,3,258,22,41,1,6,7,13,25,39,30,8,18,11,35,52
shamela01,Landry Shamet,[<Position.SHOOTING_GUARD: 'SHOOTING GUARD'>],27,Team.NEW_YORK_KNICKS,19,0,197,21,52,9,31,1,4,5,10,8,8,2,7,13,52
robinor01,Orlando Robinson,[<Position.CENTER: 'CENTER'>],24,Team.SACRAMENTO_KINGS,9,0,57,7,17,1,5,4,7,3,11,9,3,1,4,6,19
robinor01,Orlando Robinson,[<Position.CENTER: 'CENTER'>],24,Team.TORONTO_RAPTORS,8,0,95,10,28,0,5,12,15,10,14,7,3,2,6,16,32
poweldw01,Dwight Powell,[<Position.CENTER: 'CENTER'>],33,Team.DALLAS_MAVERICKS,33,0,251,14,18,1,1,20,30,22,37,23,12,15,7,38,49
saricda01,Dario Šarić,[<Position.CENTER: 'CENTER'>],30,Team.DENVER_NUGGETS,13,4,192,18,54,6,24,7,10,13,34,22,7,1,14,18,49
carlsbr01,Branden Carlson,[<Position.CENTER: 'CENTER'>],25,Team.OKLAHOMA_CITY_THUNDER,16,0,97,17,36,12,28,2,2,5,21,6,2,6,2,11,48
clarkja02,Jaylen Clark,[<Position.SHOOTING_GUARD: 'SHOOTING GUARD'>],23,Team.MINNESOTA_TIMBERWOLVES,10,0,116,16,34,8,17,8,10,9,6,5,3,1,1,16,48
baldwpa01,Patrick Baldwin Jr.,[<Position.SMALL_FORWARD: 'SMALL FORWARD'>],22,Team.WASHINGTON_WIZARDS,22,0,101,17,33,11,21,2,4,5,17,2,3,2,5,5,47
paytoel01,Elfrid Payton,[<Position.POINT_GUARD: 'POINT GUARD'>],30,Team.NEW_ORLEANS_PELICANS,7,3,144,23,46,0,1,1,2,5,19,48,10,3,20,10,47
willibr03,Brandon Williams,[<Position.POINT_GUARD: 'POINT GUARD'>],25,Team.DALLAS_MAVERICKS,17,0,120,16,40,5,15,10,13,2,11,19,3,0,10,7,47
exumda01,Dante Exum,[<Position.POINT_GUARD: 'POINT GUARD'>],29,Team.DALLAS_MAVERICKS,4,3,75,17,34,5,12,7,10,1,4,13,3,0,5,6,46
sprinja01,Jaden Springer,[<Position.SHOOTING_GUARD: 'SHOOTING GUARD'>],22,Team.BOSTON_CELTICS,26,0,141,12,34,6,19,15,21,4,20,10,12,1,4,17,45
beekmre01,Reece Beekman,[<Position.POINT_GUARD: 'POINT GUARD'>],23,Team.GOLDEN_STATE_WARRIORS,2,0,4,1,1,0,0,0,0,1,0,1,1,0,0,1,2
beekmre01,Reece Beekman,[<Position.POINT_GUARD: 'POINT GUARD'>],23,Team.BROOKLYN_NETS,18,0,213,17,49,4,18,5,9,4,10,30,12,2,10,10,43
jemistr01,Trey Jemison,[<Position.CENTER: 'CENTER'>],25,Team.NEW_ORLEANS_PELICANS,16,0,166,15,32,0,0,8,21,22,22,10,7,6,10,27,38
jemistr01,Trey Jemison,[<Position.CENTER: 'CENTER'>],25,Team.LOS_ANGELES_LAKERS,5,0,41,3,7,0,0,1,4,3,14,1,1,4,3,10,7
leeda03,Damion Lee,[<Position.SHOOTING_GUARD: 'SHOOTING GUARD'>],32,Team.PHOENIX_SUNS,14,0,83,14,44,3,21,13,13,2,11,8,4,0,5,4,44
smithty02,Tyler Smith,[<Position.POWER_FORWARD: 'POWER FORWARD'>],20,Team.MILWAUKEE_BUCKS,15,0,75,17,34,8,20,2,4,4,15,4,2,3,6,8,44
thomptr01,Tristan Thompson,[<Position.CENTER: 'CENTER'>],33,Team.CLEVELAND_CAVALIERS,26,0,209,19,44,0,3,5,22,19,58,18,1,7,10,25,43
vukcetr01,Tristan Vukcevic,[<Position.CENTER: 'CENTER'>],21,Team.WASHINGTON_WIZARDS,11,0,77,16,37,5,19,6,9,6,12,9,1,1,5,10,43
barlodo01,Dominick Barlow,[<Position.SMALL_FORWARD: 'SMALL FORWARD'>],21,Team.ATLANTA_HAWKS,15,2,119,17,38,4,11,4,8,4,19,3,3,7,1,9,42
gueyemo02,Mouhamed Gueye,[<Position.POWER_FORWARD: 'POWER FORWARD'>],22,Team.ATLANTA_HAWKS,6,2,91,18,42,2,19,2,3,5,22,2,7,6,1,5,40
spencca01,Cam Spencer,[<Position.SHOOTING_GUARD: 'SHOOTING GUARD'>],24,Team.MEMPHIS_GRIZZLIES,10,0,121,13,30,5,16,9,9,5,12,16,3,1,5,11,40
peterdr01,Drew Peterson,[<Position.POWER_FORWARD: 'POWER FORWARD'>],25,Team.BOSTON_CELTICS,14,0,127,12,25,8,19,6,7,5,22,11,2,2,5,12,38
duartch01,Chris Duarte,[<Position.SHOOTING_GUARD: 'SHOOTING GUARD'>],27,Team.CHICAGO_BULLS,17,0,74,12,26,6,15,6,8,5,15,9,0,0,1,7,36
whiteda01,Dariq Whitehead,[<Position.SMALL_FORWARD: 'SMALL FORWARD'>],20,Team.BROOKLYN_NETS,8,0,56,12,25,11,21,1,3,1,4,1,3,1,3,2,36
jacksis01,Isaiah Jackson,[<Position.CENTER: 'CENTER'>],23,Team.INDIANA_PACERS,5,1,84,14,23,0,0,7,14,11,17,5,3,8,5,14,35
hukpoar01,Ariel Hukporti,[<Position.CENTER: 'CENTER'>],22,Team.NEW_YORK_KNICKS,19,0,149,14,20,0,0,6,11,7,28,8,0,12,11,19,34
freemen01,Enrique Freeman,[<Position.POWER_FORWARD: 'POWER FORWARD'>],24,Team.INDIANA_PACERS,19,1,139,12,25,1,6,7,13,6,13,8,2,2,5,18,32
harklej01,Elijah Harkless,[<Position.SHOOTING_GUARD: 'SHOOTING GUARD'>],24,Team.UTAH_JAZZ,9,0,135,11,35,7,25,3,6,9,12,8,10,1,3,17,32
matkoka01,Karlo Matković,[<Position.POWER_FORWARD: 'POWER FORWARD'>],23,Team.NEW_ORLEANS_PELICANS,13,1,147,12,29,3,8,5,5,16,28,9,7,11,10,20,32
richajo01,Josh Richardson,[<Position.SHOOTING_GUARD: 'SHOOTING GUARD'>],31,Team.MIAMI_HEAT,8,0,150,11,38,6,22,4,4,6,6,12,8,1,8,17,32
brownmo01,Moses Brown,[<Position.CENTER: 'CENTER'>],25,Team.INDIANA_PACERS,9,0,46,13,20,0,0,3,5,4,9,0,2,1,6,6,29
edwarke02,Kessler Edwards,[<Position.SMALL_FORWARD: 'SMALL FORWARD'>],24,Team.DALLAS_MAVERICKS,22,3,193,11,31,4,17,3,3,4,34,13,6,6,4,21,29
thorjt01,JT Thor,[<Position.POWER_FORWARD: 'POWER FORWARD'>],22,Team.CLEVELAND_CAVALIERS,9,0,42,9,15,3,6,7,8,3,3,1,2,3,6,6,28
jonesco02,Colby Jones,[<Position.SHOOTING_GUARD: 'SHOOTING GUARD'>],22,Team.SACRAMENTO_KINGS,24,0,130,11,26,4,10,0,0,8,15,7,6,7,7,13,26
ryanma01,Matt Ryan,[<Position.SMALL_FORWARD: 'SMALL FORWARD'>],27,Team.NEW_YORK_KNICKS,17,0,62,9,27,5,16,2,2,0,7,1,2,0,3,1,25
tillmxa01,Xavier Tillman Sr.,[<Position.CENTER: 'CENTER'>],26,Team.BOSTON_CELTICS,26,1,190,10,40,4,22,1,2,8,28,7,8,5,9,14,25
flaglad01,Adam Flagler,[<Position.SHOOTING_GUARD: 'SHOOTING GUARD'>],25,Team.OKLAHOMA_CITY_THUNDER,19,0,81,9,47,6,38,0,0,3,5,0,5,1,1,7,24
gortmja01,Jazian Gortman,[<Position.POINT_GUARD: 'POINT GUARD'>],21,Team.DALLAS_MAVERICKS,16,0,57,9,23,4,11,2,4,1,4,6,2,1,5,9,24
kawamyu01,Yuki Kawamura,[<Position.POINT_GUARD: 'POINT GUARD'>],23,Team.MEMPHIS_GRIZZLIES,19,0,62,8,22,4,16,4,6,0,7,14,1,0,4,7,24
plowdda01,Daeqwon Plowden,[<Position.SHOOTING_GUARD: 'SHOOTING GUARD'>],26,Team.ATLANTA_HAWKS,2,0,33,8,10,6,8,2,2,3,2,0,0,0,1,5,24
cissosi01,Sidy Cissoko,[<Position.SMALL_FORWARD: 'SMALL FORWARD'>],20,Team.SAN_ANTONIO_SPURS,17,0,54,9,18,3,7,1,6,3,7,6,1,0,2,6,22
johnsaj01,AJ Johnson,[<Position.SHOOTING_GUARD: 'SHOOTING GUARD'>],20,Team.MILWAUKEE_BUCKS,7,0,44,8,19,3,5,1,2,0,7,7,1,0,4,0,20
johnsaj01,AJ Johnson,[<Position.SHOOTING_GUARD: 'SHOOTING GUARD'>],20,Team.WASHINGTON_WIZARDS,1,0,9,1,4,0,2,0,0,0,1,4,0,0,0,1,2
vandeja01,Jarred Vanderbilt,[<Position.POWER_FORWARD: 'POWER FORWARD'>],25,Team.LOS_ANGELES_LAKERS,6,0,94,9,18,1,4,2,4,15,26,9,11,1,4,13,21
crowdja01,Jae Crowder,[<Position.POWER_FORWARD: 'POWER FORWARD'>],34,Team.SACRAMENTO_KINGS,7,2,92,6,17,3,12,5,6,6,11,4,3,0,4,10,20
ducasal01,Alex Ducas,[<Position.SHOOTING_GUARD: 'SHOOTING GUARD'>],24,Team.OKLAHOMA_CITY_THUNDER,13,0,61,7,19,6,14,0,0,4,9,1,1,0,2,4,20
shannte01,Terrence Shannon Jr. ,[<Position.SHOOTING_GUARD: 'SHOOTING GUARD'>],24,Team.MINNESOTA_TIMBERWOLVES,12,0,53,9,18,2,5,0,0,0,2,6,2,1,3,1,20
willivi01,Vince Williams Jr.,[<Position.SHOOTING_GUARD: 'SHOOTING GUARD'>],24,Team.MEMPHIS_GRIZZLIES,4,0,58,9,24,1,8,1,5,7,8,11,2,2,7,9,20
dadiepa01,Pacome Dadiet,[<Position.SHOOTING_GUARD: 'SHOOTING GUARD'>],19,Team.NEW_YORK_KNICKS,13,0,83,6,20,5,14,2,2,0,13,5,1,2,1,5,19
kelleky01,Kylor Kelley,[<Position.CENTER: 'CENTER'>],27,Team.DALLAS_MAVERICKS,4,1,54,7,9,0,0,4,6,7,11,1,0,2,1,6,18
johnske10,Keshad Johnson,[<Position.SMALL_FORWARD: 'SMALL FORWARD'>],23,Team.MIAMI_HEAT,10,0,57,7,12,1,4,1,6,2,15,3,1,4,3,5,16
willije02,Jeenathan Williams,[<Position.SHOOTING_GUARD: 'SHOOTING GUARD'>],25,Team.HOUSTON_ROCKETS,6,0,21,7,9,2,4,0,0,0,3,1,2,1,1,1,16
liddeej01,E.J. Liddell,[<Position.POWER_FORWARD: 'POWER FORWARD'>],24,Team.CHICAGO_BULLS,6,0,31,5,8,3,6,2,2,1,4,3,1,1,2,8,15
nancepe01,Pete Nance,[<Position.CENTER: 'CENTER'>],24,Team.PHILADELPHIA_76ERS,7,0,68,5,15,4,12,1,2,2,8,3,1,0,0,10,15
alexatr01,Trey Alexander,[<Position.SHOOTING_GUARD: 'SHOOTING GUARD'>],21,Team.DENVER_NUGGETS,16,0,69,5,19,2,9,2,2,0,4,6,1,1,1,6,14
castlco01,Colin Castleton,[<Position.CENTER: 'CENTER'>],24,Team.MEMPHIS_GRIZZLIES,10,0,46,2,10,0,4,10,11,3,6,0,1,1,1,6,14
hendrta01,Taylor Hendricks,[<Position.POWER_FORWARD: 'POWER FORWARD'>],21,Team.UTAH_JAZZ,3,3,75,4,18,3,12,3,4,5,10,2,5,4,2,8,14
jamesbr02,Bronny James,[<Position.SHOOTING_GUARD: 'SHOOTING GUARD'>],20,Team.LOS_ANGELES_LAKERS,16,0,64,4,24,1,10,5,7,1,6,7,4,2,5,6,14
jonesma05,Mason Jones,[<Position.SHOOTING_GUARD: 'SHOOTING GUARD'>],26,Team.SACRAMENTO_KINGS,5,0,28,6,12,1,6,1,2,2,6,9,0,0,1,1,14
livinch01,Chris Livingston,[<Position.SMALL_FORWARD: 'SMALL FORWARD'>],21,Team.MILWAUKEE_BUCKS,12,1,57,5,13,0,4,4,6,6,13,1,4,0,5,4,14
armeltr01,Armel Traoré,[<Position.SMALL_FORWARD: 'SMALL FORWARD'>],22,Team.LOS_ANGELES_LAKERS,9,0,67,6,19,0,7,2,7,2,13,1,4,2,3,6,14
tshieos01,Oscar Tshiebwe,[<Position.CENTER: 'CENTER'>],25,Team.UTAH_JAZZ,3,0,46,4,6,0,0,6,8,5,15,0,4,0,1,10,14
gilleco01,Collin Gillespie,[<Position.POINT_GUARD: 'POINT GUARD'>],25,Team.PHOENIX_SUNS,6,0,24,4,7,1,2,4,5,2,3,3,0,1,0,3,13
mcgowbr01,Bryce McGowens,[<Position.SHOOTING_GUARD: 'SHOOTING GUARD'>],22,Team.PORTLAND_TRAIL_BLAZERS,8,0,21,4,7,0,2,5,6,1,0,1,1,0,3,2,13
morrima02,Markieff Morris,[<Position.POWER_FORWARD: 'POWER FORWARD'>],35,Team.DALLAS_MAVERICKS,7,0,41,5,22,2,13,0,0,0,8,4,1,1,2,2,12
umudest01,Stanley Umude,[<Position.SHOOTING_GUARD: 'SHOOTING GUARD'>],25,Team.MILWAUKEE_BUCKS,19,0,60,4,20,2,11,2,4,4,10,2,3,2,2,6,12
hallpj01,PJ Hall,[<Position.CENTER: 'CENTER'>],22,Team.DENVER_NUGGETS,12,0,35,4,10,0,4,3,4,3,10,2,0,1,1,5,11
lawsoaj01,A.J. Lawson,[<Position.SHOOTING_GUARD: 'SHOOTING GUARD'>],24,Team.TORONTO_RAPTORS,4,0,15,4,8,2,5,1,3,1,2,0,0,0,0,0,11
templga01,Garrett Temple,[<Position.SHOOTING_GUARD: 'SHOOTING GUARD'>],38,Team.TORONTO_RAPTORS,17,0,66,3,15,1,7,4,4,2,8,11,6,2,4,7,11
inglejo01,Joe Ingles,[<Position.SMALL_FORWARD: 'SMALL FORWARD'>],37,Team.MINNESOTA_TIMBERWOLVES,12,0,58,4,9,2,5,0,0,2,2,13,1,0,5,8,10
millele01,Leonard Miller,[<Position.SMALL_FORWARD: 'SMALL FORWARD'>],21,Team.MINNESOTA_TIMBERWOLVES,6,0,16,2,8,0,3,6,6,3,6,0,1,0,2,2,10
cancavl01,Vlatko Čančar,[<Position.POWER_FORWARD: 'POWER FORWARD'>],27,Team.DENVER_NUGGETS,4,0,34,4,7,1,2,0,0,3,5,0,0,1,2,4,9
flowetr01,Trentyn Flowers,[<Position.SMALL_FORWARD: 'SMALL FORWARD'>],19,Team.LOS_ANGELES_CLIPPERS,2,0,16,4,9,0,2,1,1,1,3,0,0,0,1,3,9
quinole01,Lester Quiñones,[<Position.SHOOTING_GUARD: 'SHOOTING GUARD'>],24,Team.PHILADELPHIA_76ERS,4,0,17,4,8,0,3,1,1,3,1,1,0,0,4,0,9
robbili01,Liam Robbins,[<Position.CENTER: 'CENTER'>],25,Team.MILWAUKEE_BUCKS,13,0,57,2,8,0,2,5,10,7,5,2,2,2,6,9,9
scheiba01,Baylor Scheierman,[<Position.SHOOTING_GUARD: 'SHOOTING GUARD'>],24,Team.BOSTON_CELTICS,9,0,54,3,17,1,12,2,2,2,11,4,2,0,0,6,9
johnsja01,James Johnson,[<Position.POWER_FORWARD: 'POWER FORWARD'>],37,Team.INDIANA_PACERS,10,0,32,4,9,0,3,0,1,0,5,4,0,2,4,4,8
mcveija01,Jack McVeigh,[<Position.POWER_FORWARD: 'POWER FORWARD'>],28,Team.HOUSTON_ROCKETS,6,0,21,3,11,2,8,0,0,1,3,1,0,1,1,1,8
sanogad01,Adama Sanogo,[<Position.CENTER: 'CENTER'>],22,Team.CHICAGO_BULLS,4,0,21,4,7,0,0,0,0,5,1,1,0,0,1,1,8
travelu01,Luke Travers,[<Position.SHOOTING_GUARD: 'SHOOTING GUARD'>],23,Team.CLEVELAND_CAVALIERS,6,0,42,3,7,0,3,2,2,1,5,5,1,1,2,3,8
washity02,TyTy Washington Jr.,[<Position.POINT_GUARD: 'POINT GUARD'>],23,Team.PHOENIX_SUNS,4,0,28,3,6,2,3,0,0,0,1,4,2,0,1,0,8
doziepj01,PJ Dozier,[<Position.SHOOTING_GUARD: 'SHOOTING GUARD'>],28,Team.MINNESOTA_TIMBERWOLVES,9,0,35,2,3,2,3,1,6,1,4,5,1,0,1,3,7
lewisma05,Maxwell Lewis,[<Position.SMALL_FORWARD: 'SMALL FORWARD'>],22,Team.LOS_ANGELES_LAKERS,7,0,29,2,6,0,0,0,0,2,0,2,1,0,2,1,4
lewisma05,Maxwell Lewis,[<Position.SMALL_FORWARD: 'SMALL FORWARD'>],22,Team.BROOKLYN_NETS,1,0,1,1,1,1,1,0,0,0,0,0,0,0,0,0,3
chrisca02,Cam Christie,[<Position.SHOOTING_GUARD: 'SHOOTING GUARD'>],19,Team.LOS_ANGELES_CLIPPERS,5,0,29,2,9,1,6,1,2,1,5,2,2,0,2,2,6
chrisjo01,Josh Christopher,[<Position.SHOOTING_GUARD: 'SHOOTING GUARD'>],23,Team.MIAMI_HEAT,8,0,28,2,7,0,1,2,4,0,3,4,0,1,4,1,6
davisjd01,JD Davison,[<Position.POINT_GUARD: 'POINT GUARD'>],22,Team.BOSTON_CELTICS,5,0,24,2,5,1,3,1,2,0,2,1,1,0,6,1,6
mooreta02,Taze Moore,[<Position.SHOOTING_GUARD: 'SHOOTING GUARD'>],26,Team.PORTLAND_TRAIL_BLAZERS,2,0,20,2,10,1,4,1,2,4,4,1,2,0,2,0,6
roweja01,Jackson Rowe,[<Position.POWER_FORWARD: 'POWER FORWARD'>],28,Team.GOLDEN_STATE_WARRIORS,2,0,29,2,8,2,7,0,2,0,6,2,2,0,0,4,6
toppija01,Jacob Toppin,[<Position.SMALL_FORWARD: 'SMALL FORWARD'>],24,Team.NEW_YORK_KNICKS,16,0,49,3,10,0,2,0,0,2,9,4,2,0,2,3,6
wisemja01,James Wiseman,[<Position.CENTER: 'CENTER'>],23,Team.INDIANA_PACERS,1,0,5,2,4,0,1,2,2,0,1,0,0,0,0,0,6
chomcul01,Ulrich Chomche,[<Position.POWER_FORWARD: 'POWER FORWARD'>],19,Team.TORONTO_RAPTORS,6,0,20,2,3,0,0,1,2,3,3,2,0,0,2,4,5
dennira01,RayJ Dennis,[<Position.POINT_GUARD: 'POINT GUARD'>],23,Team.INDIANA_PACERS,6,0,11,1,3,1,3,2,2,1,2,1,2,0,2,1,5
jonessp01,Spencer Jones,[<Position.SMALL_FORWARD: 'SMALL FORWARD'>],23,Team.DENVER_NUGGETS,8,0,20,2,7,1,5,0,0,1,3,0,2,0,1,2,5
willial06,Alondes Williams,[<Position.SHOOTING_GUARD: 'SHOOTING GUARD'>],25,Team.DETROIT_PISTONS,1,0,4,2,2,1,1,0,0,0,0,1,0,0,0,0,5
bridgja01,Jalen Bridges,[<Position.SMALL_FORWARD: 'SMALL FORWARD'>],23,Team.PHOENIX_SUNS,5,0,25,1,4,1,4,1,2,0,3,0,0,0,4,0,4
hoodsja01,Jalen Hood-Schifino,[<Position.SHOOTING_GUARD: 'SHOOTING GUARD'>],21,Team.LOS_ANGELES_LAKERS,2,0,14,1,1,0,0,2,2,1,0,1,0,1,1,3,4
rhodeja01,Jared Rhoden,[<Position.SHOOTING_GUARD: 'SHOOTING GUARD'>],25,Team.CHARLOTTE_HORNETS,4,0,12,2,8,0,2,0,0,2,2,2,1,0,1,1,4
cartodj01,D.J. Carton,[<Position.SHOOTING_GUARD: 'SHOOTING GUARD'>],24,Team.TORONTO_RAPTORS,4,0,33,1,7,0,3,1,1,0,4,3,2,0,4,1,3
crawfis01,Isaiah Crawford,[<Position.SMALL_FORWARD: 'SMALL FORWARD'>],23,Team.SACRAMENTO_KINGS,4,0,14,1,3,0,1,1,2,0,4,0,0,0,0,1,3
cuiyo01,Cui Yongxi,[<Position.SHOOTING_GUARD: 'SHOOTING GUARD'>],21,Team.BROOKLYN_NETS,5,0,10,1,7,0,3,1,2,0,2,0,0,0,0,0,3
dukeda01,David Duke Jr.,[<Position.SHOOTING_GUARD: 'SHOOTING GUARD'>],25,Team.SAN_ANTONIO_SPURS,2,0,12,1,5,0,1,1,2,0,2,2,0,0,1,1,3
martija02,Jaylen Martin,[<Position.SMALL_FORWARD: 'SMALL FORWARD'>],21,Team.BROOKLYN_NETS,3,0,5,1,2,1,1,0,0,0,0,0,0,0,0,1,3
newtotr01,Tristen Newton,[<Position.SHOOTING_GUARD: 'SHOOTING GUARD'>],23,Team.INDIANA_PACERS,5,0,8,1,6,0,3,1,1,0,0,1,0,0,1,2,3
newtotr01,Tristen Newton,[<Position.SHOOTING_GUARD: 'SHOOTING GUARD'>],23,Team.MINNESOTA_TIMBERWOLVES,1,0,1,0,0,0,0,0,0,0,1,0,0,0,0,1,0
olivaqu01,Quincy Olivari,[<Position.POINT_GUARD: 'POINT GUARD'>],23,Team.LOS_ANGELES_LAKERS,2,0,10,1,5,1,5,0,0,0,0,1,0,0,1,0,3
leonsma01,Malevy Leons,[<Position.SMALL_FORWARD: 'SMALL FORWARD'>],25,Team.OKLAHOMA_CITY_THUNDER,6,0,21,0,2,0,1,2,4,1,2,1,0,0,1,4,2
reeseal01,Alex Reese,[<Position.POWER_FORWARD: 'POWER FORWARD'>],25,Team.OKLAHOMA_CITY_THUNDER,1,0,2,1,1,0,0,0,0,1,0,0,0,0,0,0,2
nixda01,Daishen Nix,[<Position.POINT_GUARD: 'POINT GUARD'>],22,Team.MINNESOTA_TIMBERWOLVES,3,0,13,0,1,0,1,1,2,0,4,3,0,0,4,1,1
batesem01,Emoni Bates,[<Position.SMALL_FORWARD: 'SMALL FORWARD'>],21,Team.CLEVELAND_CAVALIERS,5,0,19,0,7,0,6,0,0,0,0,4,0,0,0,2,0
brookke02,Keion Brooks Jr.,[],24,Team.NEW_ORLEANS_PELICANS,1,0,3,0,0,0,0,0,0,0,0,0,0,0,0,1,0
ingraha01,Harrison Ingram,[<Position.SMALL_FORWARD: 'SMALL FORWARD'>],22,Team.SAN_ANTONIO_SPURS,2,0,11,0,2,0,1,0,0,0,2,0,0,0,0,1,0
jenkida01,Daniss Jenkins,[<Position.POINT_GUARD: 'POINT GUARD'>],23,Team.DETROIT_PISTONS,4,0,8,0,4,0,4,0,0,0,0,0,0,0,1,1,0
klintbo01,Bobi Klintman,[<Position.SMALL_FORWARD: 'SMALL FORWARD'>],21,Team.DETROIT_PISTONS,3,0,8,0,2,0,1,0,0,0,2,1,0,0,0,2,0
mccluma01,Mac McClung,[<Position.SHOOTING_GUARD: 'SHOOTING GUARD'>],26,Team.ORLANDO_MAGIC,1,0,5,0,0,0,0,0,0,0,1,2,0,0,0,0,0
minayju01,Justin Minaya,[<Position.SMALL_FORWARD: 'SMALL FORWARD'>],25,Team.PORTLAND_TRAIL_BLAZERS,6,0,18,0,1,0,0,0,0,2,1,2,1,0,0,3,0
minixri01,Riley Minix,[<Position.SMALL_FORWARD: 'SMALL FORWARD'>],24,Team.SAN_ANTONIO_SPURS,1,0,7,0,1,0,1,0,0,0,2,0,0,0,0,0,0
okekech01,Chuma Okeke,[<Position.POWER_FORWARD: 'POWER FORWARD'>],26,Team.PHILADELPHIA_76ERS,1,0,2,0,0,0,0,0,0,0,1,0,0,0,0,0,0
pullizy01,Zyon Pullin,[<Position.SHOOTING_GUARD: 'SHOOTING GUARD'>],23,Team.MEMPHIS_GRIZZLIES,1,0,1,0,0,0,0,0,0,0,0,0,0,0,0,0,0
swideco01,Cole Swider,[<Position.SMALL_FORWARD: 'SMALL FORWARD'>],25,Team.DETROIT_PISTONS,2,0,13,0,5,0,5,0,0,0,2,1,0,0,0,1,0
