start_time,away_team,home_team,away_team_score,home_team_score,TEAMS
2024-10-22 23:30:00+00:00,NEW_YORK_KNICKS,BOSTON_CELTICS,109.0,132.0,Team.NEW_YORK_KNICKS
2024-10-23 02:00:00+00:00,MINNESOTA_TIMBERWOLVES,LOS_ANGELES_LAKERS,103.0,110.0,Team.MINNESOTA_TIMBERWOLVES
2024-10-23 23:00:00+00:00,INDIANA_PACERS,DETROIT_PISTONS,115.0,109.0,Team.INDIANA_PACERS
2024-10-23 23:30:00+00:00,BROOKLYN_NETS,ATLANTA_HAWKS,116.0,120.0,Team.BROOKLYN_NETS
2024-10-23 23:30:00+00:00,ORLANDO_MAGIC,MIAMI_HEAT,116.0,97.0,Team.ORLANDO_MAGIC
2024-10-23 23:30:00+00:00,MILWAUKEE_BUCKS,PHILADELPHIA_76ERS,124.0,109.0,Team.MILWAUKEE_BUCKS
2024-10-23 23:30:00+00:00,CLEVELAND_CAVALIERS,TORONTO_RAPTORS,136.0,106.0,Team.CLEVELAND_CAVALIERS
2024-10-24 00:00:00+00:00,CHARLOTTE_HORNETS,HOUSTON_ROCKETS,110.0,105.0,Team.CHARLOTTE_HORNETS
2024-10-24 00:00:00+00:00,CHICAGO_BULLS,NEW_ORLEANS_PELICANS,111.0,123.0,Team.CHICAGO_BULLS
2024-10-24 01:00:00+00:00,MEMPHIS_GRIZZLIES,UTAH_JAZZ,126.0,124.0,Team.MEMPHIS_GRIZZLIES
2024-10-24 02:00:00+00:00,PHOENIX_SUNS,LOS_ANGELES_CLIPPERS,116.0,113.0,Team.PHOENIX_SUNS
2024-10-24 02:00:00+00:00,GOLDEN_STATE_WARRIORS,PORTLAND_TRAIL_BLAZERS,140.0,104.0,Team.GOLDEN_STATE_WARRIORS
2024-10-24 23:00:00+00:00,BOSTON_CELTICS,WASHINGTON_WIZARDS,122.0,102.0,Team.BOSTON_CELTICS
2024-10-24 23:30:00+00:00,SAN_ANTONIO_SPURS,DALLAS_MAVERICKS,109.0,120.0,Team.SAN_ANTONIO_SPURS
2024-10-25 02:00:00+00:00,MINNESOTA_TIMBERWOLVES,SACRAMENTO_KINGS,117.0,115.0,Team.OKLAHOMA_CITY_THUNDER
2024-10-25 02:00:00+00:00,OKLAHOMA_CITY_THUNDER,DENVER_NUGGETS,102.0,87.0,Team.PHILADELPHIA_76ERS
2024-10-25 23:00:00+00:00,BROOKLYN_NETS,ORLANDO_MAGIC,101.0,116.0,Team.DETROIT_PISTONS
2024-10-25 23:00:00+00:00,PHILADELPHIA_76ERS,TORONTO_RAPTORS,107.0,115.0,Team.NEW_ORLEANS_PELICANS
2024-10-25 23:30:00+00:00,CHARLOTTE_HORNETS,ATLANTA_HAWKS,120.0,125.0,Team.LOS_ANGELES_CLIPPERS
2024-10-25 23:30:00+00:00,DETROIT_PISTONS,CLEVELAND_CAVALIERS,101.0,113.0,Team.MIAMI_HEAT
2024-10-25 23:30:00+00:00,INDIANA_PACERS,NEW_YORK_KNICKS,98.0,123.0,Team.TORONTO_RAPTORS
2024-10-26 00:00:00+00:00,MEMPHIS_GRIZZLIES,HOUSTON_ROCKETS,108.0,128.0,Team.HOUSTON_ROCKETS
2024-10-26 00:00:00+00:00,CHICAGO_BULLS,MILWAUKEE_BUCKS,133.0,122.0,Team.DALLAS_MAVERICKS
2024-10-26 01:30:00+00:00,GOLDEN_STATE_WARRIORS,UTAH_JAZZ,127.0,86.0,Team.SACRAMENTO_KINGS
2024-10-26 02:00:00+00:00,PHOENIX_SUNS,LOS_ANGELES_LAKERS,116.0,123.0,Team.ATLANTA_HAWKS
2024-10-26 02:00:00+00:00,NEW_ORLEANS_PELICANS,PORTLAND_TRAIL_BLAZERS,105.0,103.0,Team.WASHINGTON_WIZARDS
2024-10-26 21:00:00+00:00,LOS_ANGELES_CLIPPERS,DENVER_NUGGETS,109.0,104.0,Team.DENVER_NUGGETS
2024-10-26 23:00:00+00:00,CLEVELAND_CAVALIERS,WASHINGTON_WIZARDS,135.0,116.0,Team.UTAH_JAZZ
2024-10-26 23:00:00+00:00,BOSTON_CELTICS,DETROIT_PISTONS,124.0,118.0,Team.PORTLAND_TRAIL_BLAZERS
2024-10-26 23:00:00+00:00,MIAMI_HEAT,CHARLOTTE_HORNETS,114.0,106.0,Team.LOS_ANGELES_LAKERS
2024-10-27 00:00:00+00:00,ORLANDO_MAGIC,MEMPHIS_GRIZZLIES,111.0,124.0,
2024-10-27 00:00:00+00:00,TORONTO_RAPTORS,MINNESOTA_TIMBERWOLVES,101.0,112.0,
2024-10-27 00:00:00+00:00,OKLAHOMA_CITY_THUNDER,CHICAGO_BULLS,114.0,95.0,
2024-10-27 00:30:00+00:00,HOUSTON_ROCKETS,SAN_ANTONIO_SPURS,106.0,109.0,
2024-10-27 02:00:00+00:00,DALLAS_MAVERICKS,PHOENIX_SUNS,102.0,114.0,
2024-10-27 02:30:00+00:00,SACRAMENTO_KINGS,LOS_ANGELES_LAKERS,127.0,131.0,
2024-10-27 19:30:00+00:00,PHILADELPHIA_76ERS,INDIANA_PACERS,118.0,114.0,
2024-10-27 22:00:00+00:00,NEW_ORLEANS_PELICANS,PORTLAND_TRAIL_BLAZERS,103.0,125.0,
2024-10-27 22:00:00+00:00,MILWAUKEE_BUCKS,BROOKLYN_NETS,102.0,115.0,
2024-10-27 23:00:00+00:00,ATLANTA_HAWKS,OKLAHOMA_CITY_THUNDER,104.0,128.0,
2024-10-28 00:30:00+00:00,LOS_ANGELES_CLIPPERS,GOLDEN_STATE_WARRIORS,112.0,104.0,
2024-10-28 23:00:00+00:00,INDIANA_PACERS,ORLANDO_MAGIC,115.0,119.0,
2024-10-28 23:30:00+00:00,WASHINGTON_WIZARDS,ATLANTA_HAWKS,121.0,119.0,
2024-10-28 23:30:00+00:00,MILWAUKEE_BUCKS,BOSTON_CELTICS,108.0,119.0,
2024-10-28 23:30:00+00:00,DENVER_NUGGETS,TORONTO_RAPTORS,127.0,125.0,
2024-10-28 23:30:00+00:00,DETROIT_PISTONS,MIAMI_HEAT,98.0,106.0,
2024-10-28 23:30:00+00:00,CLEVELAND_CAVALIERS,NEW_YORK_KNICKS,110.0,104.0,
2024-10-29 00:00:00+00:00,HOUSTON_ROCKETS,SAN_ANTONIO_SPURS,106.0,101.0,
2024-10-29 00:00:00+00:00,CHICAGO_BULLS,MEMPHIS_GRIZZLIES,126.0,123.0,
2024-10-29 00:30:00+00:00,UTAH_JAZZ,DALLAS_MAVERICKS,102.0,110.0,
2024-10-29 02:00:00+00:00,PORTLAND_TRAIL_BLAZERS,SACRAMENTO_KINGS,98.0,111.0,
2024-10-29 02:00:00+00:00,LOS_ANGELES_LAKERS,PHOENIX_SUNS,105.0,109.0,
2024-10-29 23:30:00+00:00,DENVER_NUGGETS,BROOKLYN_NETS,144.0,139.0,
2024-10-29 23:30:00+00:00,DALLAS_MAVERICKS,MINNESOTA_TIMBERWOLVES,120.0,114.0,
2024-10-30 01:00:00+00:00,SACRAMENTO_KINGS,UTAH_JAZZ,113.0,96.0,
2024-10-30 02:00:00+00:00,NEW_ORLEANS_PELICANS,GOLDEN_STATE_WARRIORS,106.0,124.0,
2024-10-30 23:00:00+00:00,DETROIT_PISTONS,PHILADELPHIA_76ERS,105.0,95.0,
2024-10-30 23:00:00+00:00,ATLANTA_HAWKS,WASHINGTON_WIZARDS,120.0,133.0,
2024-10-30 23:00:00+00:00,BOSTON_CELTICS,INDIANA_PACERS,132.0,135.0,
2024-10-30 23:00:00+00:00,LOS_ANGELES_LAKERS,CLEVELAND_CAVALIERS,110.0,134.0,
2024-10-30 23:00:00+00:00,TORONTO_RAPTORS,CHARLOTTE_HORNETS,133.0,138.0,
2024-10-30 23:30:00+00:00,NEW_YORK_KNICKS,MIAMI_HEAT,116.0,107.0,
2024-10-31 00:00:00+00:00,ORLANDO_MAGIC,CHICAGO_BULLS,99.0,102.0,
2024-10-31 00:00:00+00:00,BROOKLYN_NETS,MEMPHIS_GRIZZLIES,119.0,106.0,
2024-10-31 01:30:00+00:00,SAN_ANTONIO_SPURS,OKLAHOMA_CITY_THUNDER,93.0,105.0,
2024-10-31 02:00:00+00:00,NEW_ORLEANS_PELICANS,GOLDEN_STATE_WARRIORS,89.0,104.0,
2024-10-31 02:30:00+00:00,PORTLAND_TRAIL_BLAZERS,LOS_ANGELES_CLIPPERS,106.0,105.0,
2024-11-01 00:00:00+00:00,MILWAUKEE_BUCKS,MEMPHIS_GRIZZLIES,99.0,122.0,
2024-11-01 00:30:00+00:00,HOUSTON_ROCKETS,DALLAS_MAVERICKS,108.0,102.0,
2024-11-01 01:00:00+00:00,SAN_ANTONIO_SPURS,UTAH_JAZZ,106.0,88.0,
2024-11-01 02:30:00+00:00,PHOENIX_SUNS,LOS_ANGELES_CLIPPERS,125.0,119.0,
2024-11-01 23:00:00+00:00,BOSTON_CELTICS,CHARLOTTE_HORNETS,124.0,109.0,
2024-11-01 23:00:00+00:00,ORLANDO_MAGIC,CLEVELAND_CAVALIERS,109.0,120.0,
2024-11-01 23:00:00+00:00,NEW_YORK_KNICKS,DETROIT_PISTONS,128.0,98.0,
2024-11-01 23:30:00+00:00,SACRAMENTO_KINGS,ATLANTA_HAWKS,123.0,115.0,
2024-11-01 23:30:00+00:00,CHICAGO_BULLS,BROOKLYN_NETS,112.0,120.0,
2024-11-01 23:30:00+00:00,LOS_ANGELES_LAKERS,TORONTO_RAPTORS,131.0,125.0,
2024-11-02 00:00:00+00:00,INDIANA_PACERS,NEW_ORLEANS_PELICANS,118.0,125.0,
2024-11-02 01:30:00+00:00,DENVER_NUGGETS,MINNESOTA_TIMBERWOLVES,116.0,119.0,
2024-11-02 02:00:00+00:00,OKLAHOMA_CITY_THUNDER,PORTLAND_TRAIL_BLAZERS,137.0,114.0,
2024-11-02 22:00:00+00:00,BOSTON_CELTICS,CHARLOTTE_HORNETS,113.0,103.0,
2024-11-02 23:30:00+00:00,MEMPHIS_GRIZZLIES,PHILADELPHIA_76ERS,124.0,107.0,
2024-11-02 23:30:00+00:00,SACRAMENTO_KINGS,TORONTO_RAPTORS,128.0,131.0,
2024-11-03 00:00:00+00:00,GOLDEN_STATE_WARRIORS,HOUSTON_ROCKETS,127.0,121.0,
2024-11-03 00:00:00+00:00,CLEVELAND_CAVALIERS,MILWAUKEE_BUCKS,114.0,113.0,
2024-11-03 00:00:00+00:00,MINNESOTA_TIMBERWOLVES,SAN_ANTONIO_SPURS,103.0,113.0,
2024-11-03 01:30:00+00:00,MIAMI_HEAT,WASHINGTON_WIZARDS,118.0,98.0,
2024-11-03 02:00:00+00:00,UTAH_JAZZ,DENVER_NUGGETS,103.0,129.0,
2024-11-03 02:00:00+00:00,PORTLAND_TRAIL_BLAZERS,PHOENIX_SUNS,97.0,103.0,
2024-11-03 02:30:00+00:00,OKLAHOMA_CITY_THUNDER,LOS_ANGELES_CLIPPERS,105.0,92.0,
2024-11-03 20:30:00+00:00,DETROIT_PISTONS,BROOKLYN_NETS,106.0,92.0,
2024-11-04 00:00:00+00:00,ATLANTA_HAWKS,NEW_ORLEANS_PELICANS,126.0,111.0,
2024-11-04 00:30:00+00:00,ORLANDO_MAGIC,DALLAS_MAVERICKS,85.0,108.0,
2024-11-05 00:00:00+00:00,MILWAUKEE_BUCKS,CLEVELAND_CAVALIERS,114.0,116.0,
2024-11-05 00:15:00+00:00,GOLDEN_STATE_WARRIORS,WASHINGTON_WIZARDS,125.0,112.0,
2024-11-05 00:30:00+00:00,LOS_ANGELES_LAKERS,DETROIT_PISTONS,103.0,115.0,
2024-11-05 00:45:00+00:00,BOSTON_CELTICS,ATLANTA_HAWKS,123.0,93.0,
2024-11-05 01:00:00+00:00,MEMPHIS_GRIZZLIES,BROOKLYN_NETS,104.0,106.0,
2024-11-05 01:15:00+00:00,SACRAMENTO_KINGS,MIAMI_HEAT,111.0,110.0,
2024-11-05 01:30:00+00:00,UTAH_JAZZ,CHICAGO_BULLS,135.0,126.0,
2024-11-05 01:45:00+00:00,NEW_YORK_KNICKS,HOUSTON_ROCKETS,97.0,109.0,
2024-11-05 02:00:00+00:00,CHARLOTTE_HORNETS,MINNESOTA_TIMBERWOLVES,93.0,114.0,
2024-11-05 02:15:00+00:00,ORLANDO_MAGIC,OKLAHOMA_CITY_THUNDER,86.0,102.0,
2024-11-05 02:30:00+00:00,PORTLAND_TRAIL_BLAZERS,NEW_ORLEANS_PELICANS,118.0,100.0,
2024-11-05 02:45:00+00:00,INDIANA_PACERS,DALLAS_MAVERICKS,134.0,127.0,
2024-11-05 03:00:00+00:00,TORONTO_RAPTORS,DENVER_NUGGETS,119.0,121.0,
2024-11-05 03:15:00+00:00,PHILADELPHIA_76ERS,PHOENIX_SUNS,116.0,118.0,
2024-11-05 03:30:00+00:00,SAN_ANTONIO_SPURS,LOS_ANGELES_CLIPPERS,104.0,113.0,
2024-11-07 00:00:00+00:00,DETROIT_PISTONS,CHARLOTTE_HORNETS,107.0,108.0,
2024-11-07 00:00:00+00:00,ORLANDO_MAGIC,INDIANA_PACERS,111.0,118.0,
2024-11-07 00:30:00+00:00,NEW_YORK_KNICKS,ATLANTA_HAWKS,116.0,121.0,
2024-11-07 00:30:00+00:00,GOLDEN_STATE_WARRIORS,BOSTON_CELTICS,118.0,112.0,
2024-11-07 01:00:00+00:00,SAN_ANTONIO_SPURS,HOUSTON_ROCKETS,100.0,127.0,
2024-11-07 01:00:00+00:00,LOS_ANGELES_LAKERS,MEMPHIS_GRIZZLIES,114.0,131.0,
2024-11-07 01:00:00+00:00,CLEVELAND_CAVALIERS,NEW_ORLEANS_PELICANS,131.0,122.0,
2024-11-07 01:30:00+00:00,CHICAGO_BULLS,DALLAS_MAVERICKS,99.0,119.0,
2024-11-07 02:00:00+00:00,OKLAHOMA_CITY_THUNDER,DENVER_NUGGETS,122.0,124.0,
2024-11-07 02:00:00+00:00,MIAMI_HEAT,PHOENIX_SUNS,112.0,115.0,
2024-11-07 03:00:00+00:00,PHILADELPHIA_76ERS,LOS_ANGELES_CLIPPERS,98.0,110.0,
2024-11-07 03:00:00+00:00,TORONTO_RAPTORS,SACRAMENTO_KINGS,107.0,122.0,
2024-11-08 01:00:00+00:00,MINNESOTA_TIMBERWOLVES,CHICAGO_BULLS,135.0,119.0,
2024-11-08 01:00:00+00:00,UTAH_JAZZ,MILWAUKEE_BUCKS,100.0,123.0,
2024-11-08 01:00:00+00:00,PORTLAND_TRAIL_BLAZERS,SAN_ANTONIO_SPURS,105.0,118.0,
2024-11-09 00:00:00+00:00,INDIANA_PACERS,CHARLOTTE_HORNETS,83.0,103.0,
2024-11-09 00:00:00+00:00,ATLANTA_HAWKS,DETROIT_PISTONS,121.0,122.0,
2024-11-09 00:00:00+00:00,NEW_ORLEANS_PELICANS,ORLANDO_MAGIC,88.0,115.0,
2024-11-09 00:30:00+00:00,BROOKLYN_NETS,BOSTON_CELTICS,104.0,108.0,
2024-11-09 00:30:00+00:00,GOLDEN_STATE_WARRIORS,CLEVELAND_CAVALIERS,117.0,136.0,
2024-11-09 00:30:00+00:00,PHOENIX_SUNS,DALLAS_MAVERICKS,114.0,113.0,
2024-11-09 00:30:00+00:00,MILWAUKEE_BUCKS,NEW_YORK_KNICKS,94.0,116.0,
2024-11-09 01:00:00+00:00,WASHINGTON_WIZARDS,MEMPHIS_GRIZZLIES,104.0,128.0,
2024-11-09 01:00:00+00:00,HOUSTON_ROCKETS,OKLAHOMA_CITY_THUNDER,107.0,126.0,
2024-11-09 02:00:00+00:00,MIAMI_HEAT,DENVER_NUGGETS,122.0,135.0,
2024-11-09 02:00:00+00:00,PORTLAND_TRAIL_BLAZERS,MINNESOTA_TIMBERWOLVES,102.0,127.0,
2024-11-09 03:00:00+00:00,PHILADELPHIA_76ERS,LOS_ANGELES_LAKERS,106.0,116.0,
2024-11-09 03:00:00+00:00,LOS_ANGELES_CLIPPERS,SACRAMENTO_KINGS,107.0,98.0,
2024-11-09 22:00:00+00:00,UTAH_JAZZ,SAN_ANTONIO_SPURS,111.0,110.0,
2024-11-10 00:30:00+00:00,CHICAGO_BULLS,ATLANTA_HAWKS,125.0,113.0,
2024-11-10 00:30:00+00:00,BROOKLYN_NETS,CLEVELAND_CAVALIERS,100.0,105.0,
2024-11-10 03:30:00+00:00,TORONTO_RAPTORS,LOS_ANGELES_CLIPPERS,103.0,105.0,
2024-11-10 20:00:00+00:00,HOUSTON_ROCKETS,DETROIT_PISTONS,101.0,99.0,
2024-11-10 20:30:00+00:00,BOSTON_CELTICS,MILWAUKEE_BUCKS,113.0,107.0,
2024-11-10 22:00:00+00:00,NEW_YORK_KNICKS,INDIANA_PACERS,121.0,132.0,
2024-11-10 23:00:00+00:00,WASHINGTON_WIZARDS,ORLANDO_MAGIC,94.0,121.0,
2024-11-11 00:00:00+00:00,MIAMI_HEAT,MINNESOTA_TIMBERWOLVES,95.0,94.0,
2024-11-11 00:00:00+00:00,GOLDEN_STATE_WARRIORS,OKLAHOMA_CITY_THUNDER,127.0,116.0,
2024-11-11 00:00:00+00:00,CHARLOTTE_HORNETS,PHILADELPHIA_76ERS,105.0,107.0,
2024-11-11 01:00:00+00:00,DALLAS_MAVERICKS,DENVER_NUGGETS,120.0,122.0,
2024-11-11 01:00:00+00:00,SACRAMENTO_KINGS,PHOENIX_SUNS,127.0,118.0,
2024-11-11 02:00:00+00:00,MEMPHIS_GRIZZLIES,PORTLAND_TRAIL_BLAZERS,134.0,89.0,
2024-11-11 02:30:00+00:00,TORONTO_RAPTORS,LOS_ANGELES_LAKERS,103.0,123.0,
2024-11-12 01:00:00+00:00,CLEVELAND_CAVALIERS,CHICAGO_BULLS,119.0,113.0,
2024-11-12 01:00:00+00:00,WASHINGTON_WIZARDS,HOUSTON_ROCKETS,92.0,107.0,
2024-11-12 01:00:00+00:00,BROOKLYN_NETS,NEW_ORLEANS_PELICANS,107.0,105.0,
2024-11-12 01:00:00+00:00,LOS_ANGELES_CLIPPERS,OKLAHOMA_CITY_THUNDER,128.0,134.0,
2024-11-12 01:00:00+00:00,SACRAMENTO_KINGS,SAN_ANTONIO_SPURS,96.0,116.0,
2024-11-13 00:00:00+00:00,ATLANTA_HAWKS,BOSTON_CELTICS,117.0,116.0,
2024-11-13 00:00:00+00:00,MIAMI_HEAT,DETROIT_PISTONS,121.0,123.0,
2024-11-13 00:00:00+00:00,CHARLOTTE_HORNETS,ORLANDO_MAGIC,89.0,114.0,
2024-11-13 00:30:00+00:00,NEW_YORK_KNICKS,PHILADELPHIA_76ERS,111.0,99.0,
2024-11-13 01:00:00+00:00,TORONTO_RAPTORS,MILWAUKEE_BUCKS,85.0,99.0,
2024-11-13 02:00:00+00:00,PHOENIX_SUNS,UTAH_JAZZ,120.0,112.0,
2024-11-13 03:00:00+00:00,DALLAS_MAVERICKS,GOLDEN_STATE_WARRIORS,117.0,120.0,
2024-11-13 03:00:00+00:00,MINNESOTA_TIMBERWOLVES,PORTLAND_TRAIL_BLAZERS,108.0,122.0,
2024-11-14 00:00:00+00:00,INDIANA_PACERS,ORLANDO_MAGIC,90.0,94.0,
2024-11-14 00:30:00+00:00,BOSTON_CELTICS,BROOKLYN_NETS,139.0,114.0,
2024-11-14 00:30:00+00:00,CHICAGO_BULLS,NEW_YORK_KNICKS,124.0,123.0,
2024-11-14 00:30:00+00:00,NEW_ORLEANS_PELICANS,OKLAHOMA_CITY_THUNDER,88.0,106.0,
2024-11-14 00:30:00+00:00,CLEVELAND_CAVALIERS,PHILADELPHIA_76ERS,114.0,106.0,
2024-11-14 01:00:00+00:00,LOS_ANGELES_CLIPPERS,HOUSTON_ROCKETS,103.0,111.0,
2024-11-14 01:00:00+00:00,DETROIT_PISTONS,MILWAUKEE_BUCKS,120.0,127.0,
2024-11-14 01:00:00+00:00,WASHINGTON_WIZARDS,SAN_ANTONIO_SPURS,130.0,139.0,
2024-11-14 03:00:00+00:00,MEMPHIS_GRIZZLIES,LOS_ANGELES_LAKERS,123.0,128.0,
2024-11-14 03:00:00+00:00,MINNESOTA_TIMBERWOLVES,PORTLAND_TRAIL_BLAZERS,98.0,106.0,
2024-11-14 03:00:00+00:00,PHOENIX_SUNS,SACRAMENTO_KINGS,104.0,127.0,
2024-11-15 02:00:00+00:00,DALLAS_MAVERICKS,UTAH_JAZZ,113.0,115.0,
2024-11-16 00:00:00+00:00,MIAMI_HEAT,INDIANA_PACERS,124.0,111.0,
2024-11-16 00:00:00+00:00,PHILADELPHIA_76ERS,ORLANDO_MAGIC,86.0,98.0,
2024-11-16 00:00:00+00:00,DETROIT_PISTONS,TORONTO_RAPTORS,99.0,95.0,
2024-11-16 00:30:00+00:00,WASHINGTON_WIZARDS,ATLANTA_HAWKS,117.0,129.0,
2024-11-16 00:30:00+00:00,CHICAGO_BULLS,CLEVELAND_CAVALIERS,126.0,144.0,
2024-11-16 00:30:00+00:00,BROOKLYN_NETS,NEW_YORK_KNICKS,122.0,124.0,
2024-11-16 00:30:00+00:00,LOS_ANGELES_LAKERS,SAN_ANTONIO_SPURS,120.0,115.0,
2024-11-16 01:00:00+00:00,LOS_ANGELES_CLIPPERS,HOUSTON_ROCKETS,104.0,125.0,
2024-11-16 01:00:00+00:00,DENVER_NUGGETS,NEW_ORLEANS_PELICANS,94.0,101.0,
2024-11-16 01:00:00+00:00,PHOENIX_SUNS,OKLAHOMA_CITY_THUNDER,83.0,99.0,
2024-11-16 03:00:00+00:00,MEMPHIS_GRIZZLIES,GOLDEN_STATE_WARRIORS,118.0,123.0,
2024-11-16 03:00:00+00:00,MINNESOTA_TIMBERWOLVES,SACRAMENTO_KINGS,130.0,126.0,
2024-11-16 20:00:00+00:00,MILWAUKEE_BUCKS,CHARLOTTE_HORNETS,114.0,115.0,
2024-11-17 01:00:00+00:00,TORONTO_RAPTORS,BOSTON_CELTICS,123.0,126.0,
2024-11-17 01:00:00+00:00,LOS_ANGELES_LAKERS,NEW_ORLEANS_PELICANS,104.0,99.0,
2024-11-17 01:30:00+00:00,SAN_ANTONIO_SPURS,DALLAS_MAVERICKS,93.0,110.0,
2024-11-17 03:00:00+00:00,UTAH_JAZZ,SACRAMENTO_KINGS,117.0,121.0,
2024-11-17 20:30:00+00:00,PHOENIX_SUNS,MINNESOTA_TIMBERWOLVES,117.0,120.0,
2024-11-17 22:00:00+00:00,MIAMI_HEAT,INDIANA_PACERS,110.0,119.0,
2024-11-17 23:00:00+00:00,CHARLOTTE_HORNETS,CLEVELAND_CAVALIERS,114.0,128.0,
2024-11-17 23:00:00+00:00,DENVER_NUGGETS,MEMPHIS_GRIZZLIES,90.0,105.0,
2024-11-17 23:00:00+00:00,ATLANTA_HAWKS,PORTLAND_TRAIL_BLAZERS,110.0,114.0,
2024-11-17 23:00:00+00:00,DETROIT_PISTONS,WASHINGTON_WIZARDS,124.0,104.0,
2024-11-18 00:00:00+00:00,HOUSTON_ROCKETS,CHICAGO_BULLS,143.0,107.0,
2024-11-18 00:00:00+00:00,BROOKLYN_NETS,NEW_YORK_KNICKS,104.0,114.0,
2024-11-18 00:00:00+00:00,DALLAS_MAVERICKS,OKLAHOMA_CITY_THUNDER,121.0,119.0,
2024-11-18 02:00:00+00:00,UTAH_JAZZ,LOS_ANGELES_CLIPPERS,105.0,116.0,
2024-11-19 00:00:00+00:00,CHICAGO_BULLS,DETROIT_PISTONS,122.0,112.0,
2024-11-19 00:30:00+00:00,PHILADELPHIA_76ERS,MIAMI_HEAT,89.0,106.0,
2024-11-19 00:30:00+00:00,WASHINGTON_WIZARDS,NEW_YORK_KNICKS,106.0,134.0,
2024-11-19 00:30:00+00:00,INDIANA_PACERS,TORONTO_RAPTORS,119.0,130.0,
2024-11-19 01:00:00+00:00,HOUSTON_ROCKETS,MILWAUKEE_BUCKS,100.0,101.0,
2024-11-19 02:00:00+00:00,ORLANDO_MAGIC,PHOENIX_SUNS,109.0,99.0,
2024-11-19 03:00:00+00:00,ATLANTA_HAWKS,SACRAMENTO_KINGS,109.0,108.0,
2024-11-19 03:30:00+00:00,GOLDEN_STATE_WARRIORS,LOS_ANGELES_CLIPPERS,99.0,102.0,
2024-11-20 00:00:00+00:00,CLEVELAND_CAVALIERS,BOSTON_CELTICS,117.0,120.0,
2024-11-20 00:30:00+00:00,CHARLOTTE_HORNETS,BROOKLYN_NETS,115.0,116.0,
2024-11-20 01:00:00+00:00,DENVER_NUGGETS,MEMPHIS_GRIZZLIES,122.0,110.0,
2024-11-20 01:30:00+00:00,NEW_ORLEANS_PELICANS,DALLAS_MAVERICKS,91.0,132.0,
2024-11-20 02:30:00+00:00,OKLAHOMA_CITY_THUNDER,SAN_ANTONIO_SPURS,104.0,110.0,
2024-11-20 03:30:00+00:00,UTAH_JAZZ,LOS_ANGELES_LAKERS,118.0,124.0,
2024-11-21 00:30:00+00:00,NEW_ORLEANS_PELICANS,CLEVELAND_CAVALIERS,100.0,128.0,
2024-11-21 00:30:00+00:00,CHICAGO_BULLS,MILWAUKEE_BUCKS,106.0,122.0,
2024-11-21 01:00:00+00:00,INDIANA_PACERS,HOUSTON_ROCKETS,113.0,130.0,
2024-11-21 01:00:00+00:00,PHILADELPHIA_76ERS,MEMPHIS_GRIZZLIES,111.0,117.0,
2024-11-21 01:00:00+00:00,PORTLAND_TRAIL_BLAZERS,OKLAHOMA_CITY_THUNDER,99.0,109.0,
2024-11-21 03:00:00+00:00,ATLANTA_HAWKS,GOLDEN_STATE_WARRIORS,97.0,120.0,
2024-11-21 03:00:00+00:00,NEW_YORK_KNICKS,PHOENIX_SUNS,138.0,122.0,
2024-11-21 03:30:00+00:00,ORLANDO_MAGIC,LOS_ANGELES_CLIPPERS,93.0,104.0,
2024-11-22 00:00:00+00:00,DETROIT_PISTONS,CHARLOTTE_HORNETS,121.0,123.0,
2024-11-22 00:30:00+00:00,MINNESOTA_TIMBERWOLVES,TORONTO_RAPTORS,105.0,110.0,
2024-11-22 01:00:00+00:00,UTAH_JAZZ,SAN_ANTONIO_SPURS,118.0,126.0,
2024-11-22 03:30:00+00:00,ORLANDO_MAGIC,LOS_ANGELES_LAKERS,119.0,118.0,
2024-11-23 00:00:00+00:00,BROOKLYN_NETS,PHILADELPHIA_76ERS,98.0,113.0,
2024-11-23 00:00:00+00:00,BOSTON_CELTICS,WASHINGTON_WIZARDS,108.0,96.0,
2024-11-23 00:30:00+00:00,GOLDEN_STATE_WARRIORS,NEW_ORLEANS_PELICANS,112.0,108.0,
2024-11-23 01:00:00+00:00,ATLANTA_HAWKS,CHICAGO_BULLS,122.0,136.0,
2024-11-23 01:00:00+00:00,PORTLAND_TRAIL_BLAZERS,HOUSTON_ROCKETS,88.0,116.0,
2024-11-23 01:00:00+00:00,INDIANA_PACERS,MILWAUKEE_BUCKS,117.0,129.0,
2024-11-23 03:00:00+00:00,DALLAS_MAVERICKS,DENVER_NUGGETS,123.0,120.0,
2024-11-23 03:30:00+00:00,SACRAMENTO_KINGS,LOS_ANGELES_CLIPPERS,88.0,104.0,
2024-11-23 22:00:00+00:00,NEW_YORK_KNICKS,UTAH_JAZZ,106.0,121.0,
2024-11-24 00:00:00+00:00,DETROIT_PISTONS,ORLANDO_MAGIC,100.0,111.0,
2024-11-24 01:00:00+00:00,MEMPHIS_GRIZZLIES,CHICAGO_BULLS,142.0,131.0,
2024-11-24 01:00:00+00:00,PORTLAND_TRAIL_BLAZERS,HOUSTON_ROCKETS,104.0,98.0,
2024-11-24 01:00:00+00:00,CHARLOTTE_HORNETS,MILWAUKEE_BUCKS,119.0,125.0,
2024-11-24 01:30:00+00:00,GOLDEN_STATE_WARRIORS,SAN_ANTONIO_SPURS,94.0,104.0,
2024-11-24 03:30:00+00:00,DENVER_NUGGETS,LOS_ANGELES_LAKERS,127.0,102.0,
2024-11-24 20:30:00+00:00,MINNESOTA_TIMBERWOLVES,BOSTON_CELTICS,105.0,107.0,
2024-11-24 22:00:00+00:00,WASHINGTON_WIZARDS,INDIANA_PACERS,103.0,115.0,
2024-11-24 23:00:00+00:00,DALLAS_MAVERICKS,MIAMI_HEAT,118.0,123.0,
2024-11-24 23:00:00+00:00,LOS_ANGELES_CLIPPERS,PHILADELPHIA_76ERS,125.0,99.0,
2024-11-25 00:30:00+00:00,TORONTO_RAPTORS,CLEVELAND_CAVALIERS,108.0,122.0,
2024-11-25 02:00:00+00:00,BROOKLYN_NETS,SACRAMENTO_KINGS,108.0,103.0,
2024-11-26 00:00:00+00:00,ORLANDO_MAGIC,CHARLOTTE_HORNETS,95.0,84.0,
2024-11-26 00:00:00+00:00,TORONTO_RAPTORS,DETROIT_PISTONS,100.0,102.0,
2024-11-26 00:00:00+00:00,NEW_ORLEANS_PELICANS,INDIANA_PACERS,110.0,114.0,
2024-11-26 00:30:00+00:00,DALLAS_MAVERICKS,ATLANTA_HAWKS,129.0,119.0,
2024-11-26 00:30:00+00:00,LOS_ANGELES_CLIPPERS,BOSTON_CELTICS,94.0,126.0,
2024-11-26 01:00:00+00:00,PORTLAND_TRAIL_BLAZERS,MEMPHIS_GRIZZLIES,98.0,123.0,
2024-11-26 02:00:00+00:00,NEW_YORK_KNICKS,DENVER_NUGGETS,145.0,118.0,
2024-11-26 03:00:00+00:00,BROOKLYN_NETS,GOLDEN_STATE_WARRIORS,128.0,120.0,
2024-11-26 03:00:00+00:00,OKLAHOMA_CITY_THUNDER,SACRAMENTO_KINGS,130.0,109.0,
2024-11-27 00:00:00+00:00,CHICAGO_BULLS,WASHINGTON_WIZARDS,127.0,108.0,
2024-11-27 00:30:00+00:00,MILWAUKEE_BUCKS,MIAMI_HEAT,106.0,103.0,
2024-11-27 01:00:00+00:00,HOUSTON_ROCKETS,MINNESOTA_TIMBERWOLVES,117.0,111.0,
2024-11-27 02:00:00+00:00,SAN_ANTONIO_SPURS,UTAH_JAZZ,128.0,115.0,
2024-11-27 03:00:00+00:00,LOS_ANGELES_LAKERS,PHOENIX_SUNS,100.0,127.0,
2024-11-28 00:00:00+00:00,MIAMI_HEAT,CHARLOTTE_HORNETS,98.0,94.0,
2024-11-28 00:00:00+00:00,ATLANTA_HAWKS,CLEVELAND_CAVALIERS,135.0,124.0,
2024-11-28 00:00:00+00:00,PORTLAND_TRAIL_BLAZERS,INDIANA_PACERS,114.0,121.0,
2024-11-28 00:00:00+00:00,CHICAGO_BULLS,ORLANDO_MAGIC,119.0,133.0,
2024-11-28 00:00:00+00:00,HOUSTON_ROCKETS,PHILADELPHIA_76ERS,122.0,115.0,
2024-11-28 00:00:00+00:00,LOS_ANGELES_CLIPPERS,WASHINGTON_WIZARDS,121.0,96.0,
2024-11-28 00:30:00+00:00,NEW_YORK_KNICKS,DALLAS_MAVERICKS,114.0,129.0,
2024-11-28 01:00:00+00:00,DETROIT_PISTONS,MEMPHIS_GRIZZLIES,111.0,131.0,
2024-11-28 01:00:00+00:00,SACRAMENTO_KINGS,MINNESOTA_TIMBERWOLVES,115.0,104.0,
2024-11-28 01:00:00+00:00,TORONTO_RAPTORS,NEW_ORLEANS_PELICANS,119.0,93.0,
2024-11-28 01:30:00+00:00,LOS_ANGELES_LAKERS,SAN_ANTONIO_SPURS,119.0,101.0,
2024-11-28 02:00:00+00:00,BROOKLYN_NETS,PHOENIX_SUNS,127.0,117.0,
2024-11-28 02:00:00+00:00,DENVER_NUGGETS,UTAH_JAZZ,122.0,103.0,
2024-11-28 03:00:00+00:00,OKLAHOMA_CITY_THUNDER,GOLDEN_STATE_WARRIORS,105.0,101.0,
2024-11-29 17:00:00+00:00,NEW_YORK_KNICKS,CHARLOTTE_HORNETS,99.0,98.0,
2024-11-29 19:30:00+00:00,CLEVELAND_CAVALIERS,ATLANTA_HAWKS,101.0,117.0,
2024-11-29 22:00:00+00:00,NEW_ORLEANS_PELICANS,MEMPHIS_GRIZZLIES,109.0,120.0,
2024-11-30 00:30:00+00:00,ORLANDO_MAGIC,BROOKLYN_NETS,123.0,100.0,
2024-11-30 00:30:00+00:00,LOS_ANGELES_CLIPPERS,MINNESOTA_TIMBERWOLVES,92.0,93.0,
2024-11-30 01:00:00+00:00,BOSTON_CELTICS,CHICAGO_BULLS,138.0,129.0,
2024-11-30 01:00:00+00:00,DETROIT_PISTONS,INDIANA_PACERS,130.0,106.0,
2024-11-30 01:00:00+00:00,TORONTO_RAPTORS,MIAMI_HEAT,111.0,121.0,
2024-11-30 03:00:00+00:00,OKLAHOMA_CITY_THUNDER,LOS_ANGELES_LAKERS,101.0,93.0,
2024-11-30 03:00:00+00:00,SACRAMENTO_KINGS,PORTLAND_TRAIL_BLAZERS,106.0,115.0,
2024-11-30 23:00:00+00:00,ATLANTA_HAWKS,CHARLOTTE_HORNETS,107.0,104.0,
2024-12-01 00:00:00+00:00,PHILADELPHIA_76ERS,DETROIT_PISTONS,111.0,96.0,
2024-12-01 01:00:00+00:00,WASHINGTON_WIZARDS,MILWAUKEE_BUCKS,114.0,124.0,
2024-12-01 02:00:00+00:00,GOLDEN_STATE_WARRIORS,PHOENIX_SUNS,105.0,113.0,
2024-12-01 02:30:00+00:00,DALLAS_MAVERICKS,UTAH_JAZZ,106.0,94.0,
2024-12-01 20:30:00+00:00,ORLANDO_MAGIC,BROOKLYN_NETS,100.0,92.0,
2024-12-01 20:30:00+00:00,INDIANA_PACERS,MEMPHIS_GRIZZLIES,121.0,136.0,
2024-12-01 23:00:00+00:00,BOSTON_CELTICS,CLEVELAND_CAVALIERS,111.0,115.0,
2024-12-01 23:00:00+00:00,NEW_ORLEANS_PELICANS,NEW_YORK_KNICKS,85.0,118.0,
2024-12-01 23:00:00+00:00,MIAMI_HEAT,TORONTO_RAPTORS,116.0,119.0,
2024-12-02 00:00:00+00:00,OKLAHOMA_CITY_THUNDER,HOUSTON_ROCKETS,116.0,119.0,
2024-12-02 01:00:00+00:00,LOS_ANGELES_LAKERS,UTAH_JAZZ,105.0,104.0,
2024-12-02 02:00:00+00:00,DALLAS_MAVERICKS,PORTLAND_TRAIL_BLAZERS,137.0,131.0,
2024-12-02 02:00:00+00:00,SAN_ANTONIO_SPURS,SACRAMENTO_KINGS,127.0,125.0,
2024-12-02 03:00:00+00:00,DENVER_NUGGETS,LOS_ANGELES_CLIPPERS,122.0,126.0,
2024-12-03 00:30:00+00:00,NEW_ORLEANS_PELICANS,ATLANTA_HAWKS,112.0,124.0,
2024-12-03 00:30:00+00:00,MIAMI_HEAT,BOSTON_CELTICS,89.0,108.0,
2024-12-03 01:00:00+00:00,BROOKLYN_NETS,CHICAGO_BULLS,102.0,128.0,
2024-12-03 01:00:00+00:00,LOS_ANGELES_LAKERS,MINNESOTA_TIMBERWOLVES,80.0,109.0,
2024-12-04 00:00:00+00:00,PHILADELPHIA_76ERS,CHARLOTTE_HORNETS,110.0,104.0,
2024-12-04 00:00:00+00:00,WASHINGTON_WIZARDS,CLEVELAND_CAVALIERS,87.0,118.0,
2024-12-04 00:00:00+00:00,MILWAUKEE_BUCKS,DETROIT_PISTONS,128.0,107.0,
2024-12-04 00:30:00+00:00,ORLANDO_MAGIC,NEW_YORK_KNICKS,106.0,121.0,
2024-12-04 00:30:00+00:00,INDIANA_PACERS,TORONTO_RAPTORS,111.0,122.0,
2024-12-04 01:00:00+00:00,UTAH_JAZZ,OKLAHOMA_CITY_THUNDER,106.0,133.0,
2024-12-04 01:30:00+00:00,MEMPHIS_GRIZZLIES,DALLAS_MAVERICKS,116.0,121.0,
2024-12-04 02:00:00+00:00,SAN_ANTONIO_SPURS,PHOENIX_SUNS,93.0,104.0,
2024-12-04 03:00:00+00:00,GOLDEN_STATE_WARRIORS,DENVER_NUGGETS,115.0,119.0,
2024-12-04 03:00:00+00:00,HOUSTON_ROCKETS,SACRAMENTO_KINGS,111.0,120.0,
2024-12-04 03:30:00+00:00,PORTLAND_TRAIL_BLAZERS,LOS_ANGELES_CLIPPERS,105.0,127.0,
2024-12-05 00:30:00+00:00,DETROIT_PISTONS,BOSTON_CELTICS,120.0,130.0,
2024-12-05 00:30:00+00:00,INDIANA_PACERS,BROOKLYN_NETS,90.0,99.0,
2024-12-05 00:30:00+00:00,LOS_ANGELES_LAKERS,MIAMI_HEAT,93.0,134.0,
2024-12-05 00:30:00+00:00,ORLANDO_MAGIC,PHILADELPHIA_76ERS,106.0,102.0,
2024-12-05 01:00:00+00:00,ATLANTA_HAWKS,MILWAUKEE_BUCKS,119.0,104.0,
2024-12-05 03:30:00+00:00,MINNESOTA_TIMBERWOLVES,LOS_ANGELES_CLIPPERS,108.0,80.0,
2024-12-06 00:00:00+00:00,DENVER_NUGGETS,CLEVELAND_CAVALIERS,114.0,126.0,
2024-12-06 00:00:00+00:00,DALLAS_MAVERICKS,WASHINGTON_WIZARDS,137.0,101.0,
2024-12-06 00:30:00+00:00,CHARLOTTE_HORNETS,NEW_YORK_KNICKS,101.0,125.0,
2024-12-06 00:30:00+00:00,OKLAHOMA_CITY_THUNDER,TORONTO_RAPTORS,129.0,92.0,
2024-12-06 01:00:00+00:00,SACRAMENTO_KINGS,MEMPHIS_GRIZZLIES,110.0,115.0,
2024-12-06 01:00:00+00:00,PHOENIX_SUNS,NEW_ORLEANS_PELICANS,124.0,126.0,
2024-12-06 01:00:00+00:00,CHICAGO_BULLS,SAN_ANTONIO_SPURS,139.0,124.0,
2024-12-06 03:00:00+00:00,HOUSTON_ROCKETS,GOLDEN_STATE_WARRIORS,93.0,99.0,
2024-12-07 00:00:00+00:00,ORLANDO_MAGIC,PHILADELPHIA_76ERS,94.0,102.0,
2024-12-07 00:30:00+00:00,LOS_ANGELES_LAKERS,ATLANTA_HAWKS,132.0,134.0,
2024-12-07 00:30:00+00:00,MILWAUKEE_BUCKS,BOSTON_CELTICS,105.0,111.0,
2024-12-07 01:00:00+00:00,INDIANA_PACERS,CHICAGO_BULLS,132.0,123.0,
2024-12-07 01:00:00+00:00,SACRAMENTO_KINGS,SAN_ANTONIO_SPURS,140.0,113.0,
2024-12-07 03:00:00+00:00,MINNESOTA_TIMBERWOLVES,GOLDEN_STATE_WARRIORS,107.0,90.0,
2024-12-07 03:00:00+00:00,UTAH_JAZZ,PORTLAND_TRAIL_BLAZERS,141.0,99.0,
2024-12-07 18:00:00+00:00,CLEVELAND_CAVALIERS,CHARLOTTE_HORNETS,116.0,102.0,
2024-12-08 00:00:00+00:00,OKLAHOMA_CITY_THUNDER,NEW_ORLEANS_PELICANS,119.0,109.0,
2024-12-08 00:00:00+00:00,DENVER_NUGGETS,WASHINGTON_WIZARDS,113.0,122.0,
2024-12-08 00:30:00+00:00,DETROIT_PISTONS,NEW_YORK_KNICKS,120.0,111.0,
2024-12-08 00:30:00+00:00,DALLAS_MAVERICKS,TORONTO_RAPTORS,125.0,118.0,
2024-12-08 01:00:00+00:00,MEMPHIS_GRIZZLIES,BOSTON_CELTICS,127.0,121.0,
2024-12-08 01:00:00+00:00,PHOENIX_SUNS,MIAMI_HEAT,111.0,121.0,
2024-12-08 18:00:00+00:00,PHILADELPHIA_76ERS,CHICAGO_BULLS,108.0,100.0,
2024-12-08 20:30:00+00:00,MILWAUKEE_BUCKS,BROOKLYN_NETS,118.0,113.0,
2024-12-08 22:00:00+00:00,CHARLOTTE_HORNETS,INDIANA_PACERS,113.0,109.0,
2024-12-08 23:00:00+00:00,DENVER_NUGGETS,ATLANTA_HAWKS,141.0,111.0,
2024-12-08 23:00:00+00:00,CLEVELAND_CAVALIERS,MIAMI_HEAT,113.0,122.0,
2024-12-08 23:30:00+00:00,PHOENIX_SUNS,ORLANDO_MAGIC,110.0,115.0,
2024-12-09 00:00:00+00:00,NEW_ORLEANS_PELICANS,SAN_ANTONIO_SPURS,116.0,121.0,
2024-12-09 00:00:00+00:00,MEMPHIS_GRIZZLIES,WASHINGTON_WIZARDS,140.0,112.0,
2024-12-09 01:30:00+00:00,MINNESOTA_TIMBERWOLVES,GOLDEN_STATE_WARRIORS,106.0,114.0,
2024-12-09 02:00:00+00:00,HOUSTON_ROCKETS,LOS_ANGELES_CLIPPERS,117.0,106.0,
2024-12-09 02:00:00+00:00,UTAH_JAZZ,SACRAMENTO_KINGS,97.0,141.0,
2024-12-09 02:30:00+00:00,PORTLAND_TRAIL_BLAZERS,LOS_ANGELES_LAKERS,98.0,107.0,
2024-12-10 00:30:00+00:00,NEW_YORK_KNICKS,TORONTO_RAPTORS,113.0,108.0,
2024-12-11 00:00:00+00:00,ORLANDO_MAGIC,MILWAUKEE_BUCKS,109.0,114.0,
2024-12-11 02:30:00+00:00,DALLAS_MAVERICKS,OKLAHOMA_CITY_THUNDER,104.0,118.0,
2024-12-12 00:00:00+00:00,ATLANTA_HAWKS,NEW_YORK_KNICKS,108.0,100.0,
2024-12-12 02:30:00+00:00,GOLDEN_STATE_WARRIORS,HOUSTON_ROCKETS,90.0,91.0,
2024-12-13 00:30:00+00:00,DETROIT_PISTONS,BOSTON_CELTICS,99.0,123.0,
2024-12-13 00:30:00+00:00,TORONTO_RAPTORS,MIAMI_HEAT,104.0,114.0,
2024-12-13 01:00:00+00:00,SACRAMENTO_KINGS,NEW_ORLEANS_PELICANS,111.0,109.0,
2024-12-14 00:00:00+00:00,WASHINGTON_WIZARDS,CLEVELAND_CAVALIERS,105.0,115.0,
2024-12-14 00:00:00+00:00,INDIANA_PACERS,PHILADELPHIA_76ERS,121.0,107.0,
2024-12-14 01:00:00+00:00,CHARLOTTE_HORNETS,CHICAGO_BULLS,95.0,109.0,
2024-12-14 01:00:00+00:00,BROOKLYN_NETS,MEMPHIS_GRIZZLIES,119.0,135.0,
2024-12-14 01:00:00+00:00,LOS_ANGELES_LAKERS,MINNESOTA_TIMBERWOLVES,87.0,97.0,
2024-12-14 02:00:00+00:00,LOS_ANGELES_CLIPPERS,DENVER_NUGGETS,98.0,120.0,
2024-12-14 02:30:00+00:00,PHOENIX_SUNS,UTAH_JAZZ,134.0,126.0,
2024-12-14 03:00:00+00:00,SAN_ANTONIO_SPURS,PORTLAND_TRAIL_BLAZERS,118.0,116.0,
2024-12-14 21:30:00+00:00,ATLANTA_HAWKS,MILWAUKEE_BUCKS,102.0,110.0,
2024-12-15 01:30:00+00:00,HOUSTON_ROCKETS,OKLAHOMA_CITY_THUNDER,96.0,111.0,
2024-12-15 22:00:00+00:00,NEW_ORLEANS_PELICANS,INDIANA_PACERS,104.0,119.0,
2024-12-15 23:00:00+00:00,NEW_YORK_KNICKS,ORLANDO_MAGIC,100.0,91.0,
2024-12-15 23:00:00+00:00,BOSTON_CELTICS,WASHINGTON_WIZARDS,112.0,98.0,
2024-12-16 00:00:00+00:00,MINNESOTA_TIMBERWOLVES,SAN_ANTONIO_SPURS,106.0,92.0,
2024-12-16 01:00:00+00:00,PORTLAND_TRAIL_BLAZERS,PHOENIX_SUNS,109.0,116.0,
2024-12-16 01:30:00+00:00,DALLAS_MAVERICKS,GOLDEN_STATE_WARRIORS,143.0,133.0,
2024-12-16 02:30:00+00:00,MEMPHIS_GRIZZLIES,LOS_ANGELES_LAKERS,110.0,116.0,
2024-12-17 00:00:00+00:00,PHILADELPHIA_76ERS,CHARLOTTE_HORNETS,121.0,108.0,
2024-12-17 00:00:00+00:00,MIAMI_HEAT,DETROIT_PISTONS,124.0,125.0,
2024-12-17 00:30:00+00:00,CLEVELAND_CAVALIERS,BROOKLYN_NETS,130.0,101.0,
2024-12-17 00:30:00+00:00,CHICAGO_BULLS,TORONTO_RAPTORS,122.0,121.0,
2024-12-17 03:00:00+00:00,DENVER_NUGGETS,SACRAMENTO_KINGS,130.0,129.0,
2024-12-17 03:30:00+00:00,UTAH_JAZZ,LOS_ANGELES_CLIPPERS,107.0,144.0,
2024-12-18 01:30:00+00:00,MILWAUKEE_BUCKS,OKLAHOMA_CITY_THUNDER,97.0,81.0,
2024-12-20 00:00:00+00:00,UTAH_JAZZ,DETROIT_PISTONS,126.0,119.0,
2024-12-20 00:00:00+00:00,OKLAHOMA_CITY_THUNDER,ORLANDO_MAGIC,105.0,99.0,
2024-12-20 00:00:00+00:00,CHARLOTTE_HORNETS,WASHINGTON_WIZARDS,114.0,123.0,
2024-12-20 00:30:00+00:00,CHICAGO_BULLS,BOSTON_CELTICS,117.0,108.0,
2024-12-20 00:30:00+00:00,BROOKLYN_NETS,TORONTO_RAPTORS,101.0,94.0,
2024-12-20 01:00:00+00:00,NEW_ORLEANS_PELICANS,HOUSTON_ROCKETS,113.0,133.0,
2024-12-20 01:00:00+00:00,GOLDEN_STATE_WARRIORS,MEMPHIS_GRIZZLIES,93.0,144.0,
2024-12-20 01:00:00+00:00,ATLANTA_HAWKS,SAN_ANTONIO_SPURS,126.0,133.0,
2024-12-20 01:30:00+00:00,LOS_ANGELES_CLIPPERS,DALLAS_MAVERICKS,118.0,95.0,
2024-12-20 02:00:00+00:00,INDIANA_PACERS,PHOENIX_SUNS,120.0,111.0,
2024-12-20 02:30:00+00:00,NEW_YORK_KNICKS,MINNESOTA_TIMBERWOLVES,133.0,107.0,
2024-12-20 03:00:00+00:00,DENVER_NUGGETS,PORTLAND_TRAIL_BLAZERS,124.0,126.0,
2024-12-20 03:00:00+00:00,LOS_ANGELES_LAKERS,SACRAMENTO_KINGS,113.0,100.0,
2024-12-21 00:00:00+00:00,CHARLOTTE_HORNETS,PHILADELPHIA_76ERS,98.0,108.0,
2024-12-21 00:30:00+00:00,MILWAUKEE_BUCKS,CLEVELAND_CAVALIERS,101.0,124.0,
2024-12-21 01:00:00+00:00,OKLAHOMA_CITY_THUNDER,MIAMI_HEAT,104.0,97.0,
2024-12-21 23:00:00+00:00,LOS_ANGELES_LAKERS,SACRAMENTO_KINGS,103.0,99.0,
2024-12-22 00:00:00+00:00,MIAMI_HEAT,ORLANDO_MAGIC,114.0,121.0,
2024-12-22 00:30:00+00:00,MEMPHIS_GRIZZLIES,ATLANTA_HAWKS,128.0,112.0,
2024-12-22 00:30:00+00:00,UTAH_JAZZ,BROOKLYN_NETS,105.0,94.0,
2024-12-22 01:00:00+00:00,BOSTON_CELTICS,CHICAGO_BULLS,123.0,98.0,
2024-12-22 01:00:00+00:00,PHILADELPHIA_76ERS,CLEVELAND_CAVALIERS,99.0,126.0,
2024-12-22 01:00:00+00:00,WASHINGTON_WIZARDS,MILWAUKEE_BUCKS,101.0,112.0,
2024-12-22 01:00:00+00:00,GOLDEN_STATE_WARRIORS,MINNESOTA_TIMBERWOLVES,113.0,103.0,
2024-12-22 01:00:00+00:00,NEW_YORK_KNICKS,NEW_ORLEANS_PELICANS,104.0,93.0,
2024-12-22 01:30:00+00:00,LOS_ANGELES_CLIPPERS,DALLAS_MAVERICKS,97.0,113.0,
2024-12-22 01:30:00+00:00,PORTLAND_TRAIL_BLAZERS,SAN_ANTONIO_SPURS,94.0,114.0,
2024-12-22 02:00:00+00:00,DETROIT_PISTONS,PHOENIX_SUNS,133.0,125.0,
2024-12-22 23:00:00+00:00,INDIANA_PACERS,SACRAMENTO_KINGS,122.0,95.0,
2024-12-22 23:00:00+00:00,HOUSTON_ROCKETS,TORONTO_RAPTORS,114.0,110.0,
2024-12-23 00:00:00+00:00,DENVER_NUGGETS,NEW_ORLEANS_PELICANS,132.0,129.0,
2024-12-24 00:00:00+00:00,HOUSTON_ROCKETS,CHARLOTTE_HORNETS,114.0,101.0,
2024-12-24 00:00:00+00:00,UTAH_JAZZ,CLEVELAND_CAVALIERS,113.0,124.0,
2024-12-24 00:00:00+00:00,BOSTON_CELTICS,ORLANDO_MAGIC,104.0,108.0,
2024-12-24 00:00:00+00:00,SAN_ANTONIO_SPURS,PHILADELPHIA_76ERS,106.0,111.0,
2024-12-24 00:30:00+00:00,MINNESOTA_TIMBERWOLVES,ATLANTA_HAWKS,104.0,117.0,
2024-12-24 00:30:00+00:00,BROOKLYN_NETS,MIAMI_HEAT,95.0,110.0,
2024-12-24 00:30:00+00:00,TORONTO_RAPTORS,NEW_YORK_KNICKS,125.0,139.0,
2024-12-24 01:00:00+00:00,MILWAUKEE_BUCKS,CHICAGO_BULLS,112.0,91.0,
2024-12-24 01:00:00+00:00,LOS_ANGELES_CLIPPERS,MEMPHIS_GRIZZLIES,114.0,110.0,
2024-12-24 01:00:00+00:00,WASHINGTON_WIZARDS,OKLAHOMA_CITY_THUNDER,105.0,123.0,
2024-12-24 01:30:00+00:00,PORTLAND_TRAIL_BLAZERS,DALLAS_MAVERICKS,108.0,132.0,
2024-12-24 03:00:00+00:00,PHOENIX_SUNS,DENVER_NUGGETS,90.0,117.0,
2024-12-24 03:00:00+00:00,INDIANA_PACERS,GOLDEN_STATE_WARRIORS,111.0,105.0,
2024-12-24 03:30:00+00:00,DETROIT_PISTONS,LOS_ANGELES_LAKERS,117.0,114.0,
2024-12-25 17:00:00+00:00,SAN_ANTONIO_SPURS,NEW_YORK_KNICKS,114.0,117.0,
2024-12-25 19:30:00+00:00,MINNESOTA_TIMBERWOLVES,DALLAS_MAVERICKS,105.0,99.0,
2024-12-25 22:00:00+00:00,PHILADELPHIA_76ERS,BOSTON_CELTICS,118.0,114.0,
2024-12-26 01:00:00+00:00,LOS_ANGELES_LAKERS,GOLDEN_STATE_WARRIORS,115.0,113.0,
2024-12-26 03:30:00+00:00,DENVER_NUGGETS,PHOENIX_SUNS,100.0,110.0,
2024-12-27 00:00:00+00:00,OKLAHOMA_CITY_THUNDER,INDIANA_PACERS,120.0,114.0,
2024-12-27 00:00:00+00:00,MIAMI_HEAT,ORLANDO_MAGIC,89.0,88.0,
2024-12-27 00:00:00+00:00,CHARLOTTE_HORNETS,WASHINGTON_WIZARDS,110.0,113.0,
2024-12-27 00:30:00+00:00,CHICAGO_BULLS,ATLANTA_HAWKS,133.0,141.0,
2024-12-27 01:00:00+00:00,TORONTO_RAPTORS,MEMPHIS_GRIZZLIES,126.0,155.0,
2024-12-27 01:00:00+00:00,BROOKLYN_NETS,MILWAUKEE_BUCKS,111.0,105.0,
2024-12-27 01:00:00+00:00,HOUSTON_ROCKETS,NEW_ORLEANS_PELICANS,128.0,111.0,
2024-12-27 03:00:00+00:00,UTAH_JAZZ,PORTLAND_TRAIL_BLAZERS,120.0,122.0,
2024-12-27 03:00:00+00:00,DETROIT_PISTONS,SACRAMENTO_KINGS,114.0,113.0,
2024-12-28 00:00:00+00:00,NEW_YORK_KNICKS,ORLANDO_MAGIC,108.0,85.0,
2024-12-28 00:30:00+00:00,INDIANA_PACERS,BOSTON_CELTICS,105.0,142.0,
2024-12-28 00:30:00+00:00,SAN_ANTONIO_SPURS,BROOKLYN_NETS,96.0,87.0,
2024-12-28 01:00:00+00:00,MINNESOTA_TIMBERWOLVES,HOUSTON_ROCKETS,113.0,112.0,
2024-12-28 01:00:00+00:00,MEMPHIS_GRIZZLIES,NEW_ORLEANS_PELICANS,132.0,124.0,
2024-12-28 02:00:00+00:00,CLEVELAND_CAVALIERS,DENVER_NUGGETS,149.0,135.0,
2024-12-28 02:00:00+00:00,DALLAS_MAVERICKS,PHOENIX_SUNS,98.0,89.0,
2024-12-28 03:00:00+00:00,GOLDEN_STATE_WARRIORS,LOS_ANGELES_CLIPPERS,92.0,102.0,
2024-12-28 20:00:00+00:00,MIAMI_HEAT,ATLANTA_HAWKS,110.0,120.0,
2024-12-28 23:00:00+00:00,OKLAHOMA_CITY_THUNDER,CHARLOTTE_HORNETS,106.0,94.0,
2024-12-29 00:00:00+00:00,NEW_YORK_KNICKS,WASHINGTON_WIZARDS,136.0,132.0,
2024-12-29 01:00:00+00:00,MILWAUKEE_BUCKS,CHICAGO_BULLS,111.0,116.0,
2024-12-29 01:30:00+00:00,PHOENIX_SUNS,GOLDEN_STATE_WARRIORS,105.0,109.0,
2024-12-29 02:00:00+00:00,DETROIT_PISTONS,DENVER_NUGGETS,121.0,134.0,
2024-12-29 02:30:00+00:00,PHILADELPHIA_76ERS,UTAH_JAZZ,114.0,111.0,
2024-12-29 03:00:00+00:00,DALLAS_MAVERICKS,PORTLAND_TRAIL_BLAZERS,122.0,126.0,
2024-12-29 03:30:00+00:00,SACRAMENTO_KINGS,LOS_ANGELES_LAKERS,122.0,132.0,
2024-12-29 20:30:00+00:00,BROOKLYN_NETS,ORLANDO_MAGIC,101.0,102.0,
2024-12-29 23:00:00+00:00,INDIANA_PACERS,BOSTON_CELTICS,123.0,114.0,
2024-12-29 23:00:00+00:00,ATLANTA_HAWKS,TORONTO_RAPTORS,136.0,107.0,
2024-12-30 00:00:00+00:00,MIAMI_HEAT,HOUSTON_ROCKETS,104.0,100.0,
2024-12-30 00:00:00+00:00,MEMPHIS_GRIZZLIES,OKLAHOMA_CITY_THUNDER,106.0,130.0,
2024-12-30 02:00:00+00:00,SAN_ANTONIO_SPURS,MINNESOTA_TIMBERWOLVES,110.0,112.0,
2024-12-31 00:00:00+00:00,CHICAGO_BULLS,CHARLOTTE_HORNETS,115.0,108.0,
2024-12-31 00:00:00+00:00,NEW_YORK_KNICKS,WASHINGTON_WIZARDS,126.0,106.0,
2024-12-31 01:00:00+00:00,LOS_ANGELES_CLIPPERS,NEW_ORLEANS_PELICANS,116.0,113.0,
2024-12-31 02:00:00+00:00,DENVER_NUGGETS,UTAH_JAZZ,132.0,121.0,
2024-12-31 03:00:00+00:00,CLEVELAND_CAVALIERS,GOLDEN_STATE_WARRIORS,113.0,95.0,
2024-12-31 03:00:00+00:00,PHILADELPHIA_76ERS,PORTLAND_TRAIL_BLAZERS,125.0,103.0,
2024-12-31 03:00:00+00:00,DALLAS_MAVERICKS,SACRAMENTO_KINGS,100.0,110.0,
2024-12-31 20:00:00+00:00,TORONTO_RAPTORS,BOSTON_CELTICS,71.0,125.0,
2024-12-31 20:00:00+00:00,MILWAUKEE_BUCKS,INDIANA_PACERS,120.0,112.0,
2025-01-01 00:00:00+00:00,LOS_ANGELES_CLIPPERS,SAN_ANTONIO_SPURS,86.0,122.0,
2025-01-01 01:00:00+00:00,MINNESOTA_TIMBERWOLVES,OKLAHOMA_CITY_THUNDER,105.0,113.0,
2025-01-01 02:00:00+00:00,CLEVELAND_CAVALIERS,LOS_ANGELES_LAKERS,122.0,110.0,
2025-01-01 02:00:00+00:00,MEMPHIS_GRIZZLIES,PHOENIX_SUNS,117.0,112.0,
2025-01-02 00:00:00+00:00,ORLANDO_MAGIC,DETROIT_PISTONS,96.0,105.0,
2025-01-02 00:00:00+00:00,CHICAGO_BULLS,WASHINGTON_WIZARDS,107.0,125.0,
2025-01-02 00:30:00+00:00,NEW_ORLEANS_PELICANS,MIAMI_HEAT,108.0,119.0,
2025-01-02 00:30:00+00:00,UTAH_JAZZ,NEW_YORK_KNICKS,103.0,119.0,
2025-01-02 00:30:00+00:00,BROOKLYN_NETS,TORONTO_RAPTORS,113.0,130.0,
2025-01-02 01:00:00+00:00,DALLAS_MAVERICKS,HOUSTON_ROCKETS,99.0,110.0,
2025-01-02 02:00:00+00:00,ATLANTA_HAWKS,DENVER_NUGGETS,120.0,139.0,
2025-01-02 03:00:00+00:00,PHILADELPHIA_76ERS,SACRAMENTO_KINGS,107.0,113.0,
2025-01-03 00:30:00+00:00,INDIANA_PACERS,MIAMI_HEAT,128.0,115.0,
2025-01-03 00:30:00+00:00,BOSTON_CELTICS,MINNESOTA_TIMBERWOLVES,118.0,115.0,
2025-01-03 01:00:00+00:00,BROOKLYN_NETS,MILWAUKEE_BUCKS,113.0,110.0,
2025-01-03 01:00:00+00:00,LOS_ANGELES_CLIPPERS,OKLAHOMA_CITY_THUNDER,98.0,116.0,
2025-01-03 03:00:00+00:00,PHILADELPHIA_76ERS,GOLDEN_STATE_WARRIORS,105.0,139.0,
2025-01-03 03:30:00+00:00,PORTLAND_TRAIL_BLAZERS,LOS_ANGELES_LAKERS,106.0,114.0,
2025-01-04 00:00:00+00:00,CHARLOTTE_HORNETS,DETROIT_PISTONS,94.0,98.0,
2025-01-04 00:30:00+00:00,ORLANDO_MAGIC,TORONTO_RAPTORS,106.0,97.0,
2025-01-04 01:00:00+00:00,BOSTON_CELTICS,HOUSTON_ROCKETS,109.0,86.0,
2025-01-04 01:00:00+00:00,WASHINGTON_WIZARDS,NEW_ORLEANS_PELICANS,120.0,132.0,
2025-01-04 01:00:00+00:00,NEW_YORK_KNICKS,OKLAHOMA_CITY_THUNDER,107.0,117.0,
2025-01-04 01:30:00+00:00,CLEVELAND_CAVALIERS,DALLAS_MAVERICKS,134.0,122.0,
2025-01-04 02:00:00+00:00,SAN_ANTONIO_SPURS,DENVER_NUGGETS,113.0,110.0,
2025-01-04 03:00:00+00:00,MEMPHIS_GRIZZLIES,SACRAMENTO_KINGS,133.0,138.0,
2025-01-04 03:30:00+00:00,ATLANTA_HAWKS,LOS_ANGELES_LAKERS,102.0,119.0,
2025-01-04 23:00:00+00:00,PHILADELPHIA_76ERS,BROOKLYN_NETS,123.0,94.0,
2025-01-05 00:00:00+00:00,MINNESOTA_TIMBERWOLVES,DETROIT_PISTONS,105.0,119.0,
2025-01-05 00:00:00+00:00,PHOENIX_SUNS,INDIANA_PACERS,108.0,126.0,
2025-01-05 01:00:00+00:00,NEW_YORK_KNICKS,CHICAGO_BULLS,126.0,139.0,
2025-01-05 01:00:00+00:00,UTAH_JAZZ,MIAMI_HEAT,136.0,100.0,
2025-01-05 01:00:00+00:00,PORTLAND_TRAIL_BLAZERS,MILWAUKEE_BUCKS,105.0,102.0,
2025-01-05 01:00:00+00:00,DENVER_NUGGETS,SAN_ANTONIO_SPURS,122.0,111.0,
2025-01-05 01:30:00+00:00,MEMPHIS_GRIZZLIES,GOLDEN_STATE_WARRIORS,113.0,121.0,
2025-01-05 03:30:00+00:00,ATLANTA_HAWKS,LOS_ANGELES_CLIPPERS,105.0,131.0,
2025-01-05 20:30:00+00:00,BOSTON_CELTICS,OKLAHOMA_CITY_THUNDER,92.0,105.0,
2025-01-05 23:00:00+00:00,CHARLOTTE_HORNETS,CLEVELAND_CAVALIERS,105.0,115.0,
2025-01-05 23:00:00+00:00,NEW_ORLEANS_PELICANS,WASHINGTON_WIZARDS,110.0,98.0,
2025-01-05 23:30:00+00:00,UTAH_JAZZ,ORLANDO_MAGIC,105.0,92.0,
2025-01-06 00:00:00+00:00,LOS_ANGELES_LAKERS,HOUSTON_ROCKETS,115.0,119.0,
2025-01-06 01:30:00+00:00,SACRAMENTO_KINGS,GOLDEN_STATE_WARRIORS,129.0,99.0,
2025-01-07 00:00:00+00:00,PORTLAND_TRAIL_BLAZERS,DETROIT_PISTONS,115.0,118.0,
2025-01-07 00:00:00+00:00,PHOENIX_SUNS,PHILADELPHIA_76ERS,109.0,99.0,
2025-01-07 00:30:00+00:00,INDIANA_PACERS,BROOKLYN_NETS,113.0,99.0,
2025-01-07 00:30:00+00:00,ORLANDO_MAGIC,NEW_YORK_KNICKS,103.0,94.0,
2025-01-07 00:30:00+00:00,MILWAUKEE_BUCKS,TORONTO_RAPTORS,128.0,104.0,
2025-01-07 01:00:00+00:00,SAN_ANTONIO_SPURS,CHICAGO_BULLS,110.0,114.0,
2025-01-07 01:00:00+00:00,DALLAS_MAVERICKS,MEMPHIS_GRIZZLIES,104.0,119.0,
2025-01-07 01:00:00+00:00,LOS_ANGELES_CLIPPERS,MINNESOTA_TIMBERWOLVES,106.0,108.0,
2025-01-07 03:00:00+00:00,MIAMI_HEAT,SACRAMENTO_KINGS,118.0,123.0,
2025-01-08 00:00:00+00:00,PHOENIX_SUNS,CHARLOTTE_HORNETS,104.0,115.0,
2025-01-08 00:00:00+00:00,HOUSTON_ROCKETS,WASHINGTON_WIZARDS,135.0,112.0,
2025-01-08 00:30:00+00:00,LOS_ANGELES_LAKERS,DALLAS_MAVERICKS,97.0,118.0,
2025-01-08 01:00:00+00:00,MINNESOTA_TIMBERWOLVES,NEW_ORLEANS_PELICANS,104.0,97.0,
2025-01-08 02:00:00+00:00,ATLANTA_HAWKS,UTAH_JAZZ,124.0,121.0,
2025-01-08 03:00:00+00:00,BOSTON_CELTICS,DENVER_NUGGETS,118.0,106.0,
2025-01-08 03:00:00+00:00,MIAMI_HEAT,GOLDEN_STATE_WARRIORS,114.0,98.0,
2025-01-09 00:00:00+00:00,OKLAHOMA_CITY_THUNDER,CLEVELAND_CAVALIERS,122.0,129.0,
2025-01-09 00:00:00+00:00,CHICAGO_BULLS,INDIANA_PACERS,113.0,129.0,
2025-01-09 00:00:00+00:00,WASHINGTON_WIZARDS,PHILADELPHIA_76ERS,103.0,109.0,
2025-01-09 00:30:00+00:00,DETROIT_PISTONS,BROOKLYN_NETS,113.0,98.0,
2025-01-09 00:30:00+00:00,TORONTO_RAPTORS,NEW_YORK_KNICKS,98.0,112.0,
2025-01-09 01:00:00+00:00,PORTLAND_TRAIL_BLAZERS,NEW_ORLEANS_PELICANS,119.0,100.0,
2025-01-09 02:00:00+00:00,LOS_ANGELES_CLIPPERS,DENVER_NUGGETS,103.0,126.0,
2025-01-09 02:30:00+00:00,SAN_ANTONIO_SPURS,MILWAUKEE_BUCKS,105.0,121.0,
2025-01-10 00:00:00+00:00,TORONTO_RAPTORS,CLEVELAND_CAVALIERS,126.0,132.0,
2025-01-10 00:00:00+00:00,GOLDEN_STATE_WARRIORS,DETROIT_PISTONS,107.0,104.0,
2025-01-10 00:00:00+00:00,MINNESOTA_TIMBERWOLVES,ORLANDO_MAGIC,104.0,89.0,
2025-01-10 00:30:00+00:00,PORTLAND_TRAIL_BLAZERS,DALLAS_MAVERICKS,111.0,117.0,
2025-01-10 01:00:00+00:00,HOUSTON_ROCKETS,MEMPHIS_GRIZZLIES,119.0,115.0,
2025-01-10 02:00:00+00:00,ATLANTA_HAWKS,PHOENIX_SUNS,115.0,123.0,
2025-01-10 02:00:00+00:00,MIAMI_HEAT,UTAH_JAZZ,97.0,92.0,
2025-01-11 00:00:00+00:00,GOLDEN_STATE_WARRIORS,INDIANA_PACERS,96.0,108.0,
2025-01-11 00:00:00+00:00,MILWAUKEE_BUCKS,ORLANDO_MAGIC,109.0,106.0,
2025-01-11 00:00:00+00:00,NEW_ORLEANS_PELICANS,PHILADELPHIA_76ERS,123.0,115.0,
2025-01-11 00:30:00+00:00,SACRAMENTO_KINGS,BOSTON_CELTICS,114.0,97.0,
2025-01-11 00:30:00+00:00,OKLAHOMA_CITY_THUNDER,NEW_YORK_KNICKS,126.0,101.0,
2025-01-11 01:00:00+00:00,WASHINGTON_WIZARDS,CHICAGO_BULLS,105.0,138.0,
2025-01-11 02:00:00+00:00,BROOKLYN_NETS,DENVER_NUGGETS,105.0,124.0,
2025-01-11 22:00:00+00:00,UTAH_JAZZ,PHOENIX_SUNS,106.0,114.0,
2025-01-12 00:00:00+00:00,TORONTO_RAPTORS,DETROIT_PISTONS,114.0,123.0,
2025-01-12 01:00:00+00:00,MEMPHIS_GRIZZLIES,MINNESOTA_TIMBERWOLVES,127.0,125.0,
2025-01-12 03:00:00+00:00,MIAMI_HEAT,PORTLAND_TRAIL_BLAZERS,119.0,98.0,
2025-01-12 20:00:00+00:00,DENVER_NUGGETS,DALLAS_MAVERICKS,112.0,101.0,
2025-01-12 20:00:00+00:00,MILWAUKEE_BUCKS,NEW_YORK_KNICKS,106.0,140.0,
2025-01-12 20:30:00+00:00,SACRAMENTO_KINGS,CHICAGO_BULLS,124.0,119.0,
2025-01-12 23:00:00+00:00,NEW_ORLEANS_PELICANS,BOSTON_CELTICS,119.0,120.0,
2025-01-12 23:00:00+00:00,INDIANA_PACERS,CLEVELAND_CAVALIERS,108.0,93.0,
2025-01-12 23:00:00+00:00,PHILADELPHIA_76ERS,ORLANDO_MAGIC,99.0,104.0,
2025-01-12 23:00:00+00:00,OKLAHOMA_CITY_THUNDER,WASHINGTON_WIZARDS,136.0,95.0,
2025-01-13 01:00:00+00:00,BROOKLYN_NETS,UTAH_JAZZ,111.0,112.0,
2025-01-13 02:00:00+00:00,CHARLOTTE_HORNETS,PHOENIX_SUNS,113.0,120.0,
2025-01-14 00:00:00+00:00,MINNESOTA_TIMBERWOLVES,WASHINGTON_WIZARDS,120.0,106.0,
2025-01-14 00:30:00+00:00,DETROIT_PISTONS,NEW_YORK_KNICKS,124.0,119.0,
2025-01-14 00:30:00+00:00,GOLDEN_STATE_WARRIORS,TORONTO_RAPTORS,101.0,104.0,
2025-01-14 01:00:00+00:00,MEMPHIS_GRIZZLIES,HOUSTON_ROCKETS,118.0,120.0,
2025-01-14 03:30:00+00:00,MIAMI_HEAT,LOS_ANGELES_CLIPPERS,98.0,109.0,
2025-01-14 03:30:00+00:00,SAN_ANTONIO_SPURS,LOS_ANGELES_LAKERS,126.0,102.0,
2025-01-15 00:00:00+00:00,CLEVELAND_CAVALIERS,INDIANA_PACERS,127.0,117.0,
2025-01-15 00:00:00+00:00,OKLAHOMA_CITY_THUNDER,PHILADELPHIA_76ERS,118.0,102.0,
2025-01-15 00:30:00+00:00,PHOENIX_SUNS,ATLANTA_HAWKS,117.0,122.0,
2025-01-15 01:00:00+00:00,NEW_ORLEANS_PELICANS,CHICAGO_BULLS,119.0,113.0,
2025-01-15 01:00:00+00:00,SACRAMENTO_KINGS,MILWAUKEE_BUCKS,115.0,130.0,
2025-01-15 02:30:00+00:00,DENVER_NUGGETS,DALLAS_MAVERICKS,118.0,99.0,
2025-01-15 03:00:00+00:00,BROOKLYN_NETS,PORTLAND_TRAIL_BLAZERS,132.0,114.0,
2025-01-16 00:00:00+00:00,NEW_YORK_KNICKS,PHILADELPHIA_76ERS,125.0,119.0,
2025-01-16 00:30:00+00:00,BOSTON_CELTICS,TORONTO_RAPTORS,97.0,110.0,
2025-01-16 01:00:00+00:00,ATLANTA_HAWKS,CHICAGO_BULLS,110.0,94.0,
2025-01-16 01:00:00+00:00,ORLANDO_MAGIC,MILWAUKEE_BUCKS,93.0,122.0,
2025-01-16 01:00:00+00:00,DALLAS_MAVERICKS,NEW_ORLEANS_PELICANS,116.0,119.0,
2025-01-16 01:00:00+00:00,MEMPHIS_GRIZZLIES,SAN_ANTONIO_SPURS,129.0,115.0,
2025-01-16 02:00:00+00:00,HOUSTON_ROCKETS,DENVER_NUGGETS,128.0,108.0,
2025-01-16 02:00:00+00:00,CHARLOTTE_HORNETS,UTAH_JAZZ,117.0,112.0,
2025-01-16 02:30:00+00:00,GOLDEN_STATE_WARRIORS,MINNESOTA_TIMBERWOLVES,116.0,115.0,
2025-01-16 03:00:00+00:00,MIAMI_HEAT,LOS_ANGELES_LAKERS,108.0,117.0,
2025-01-16 03:30:00+00:00,BROOKLYN_NETS,LOS_ANGELES_CLIPPERS,67.0,126.0,
2025-01-17 00:00:00+00:00,INDIANA_PACERS,DETROIT_PISTONS,111.0,100.0,
2025-01-17 00:00:00+00:00,PHOENIX_SUNS,WASHINGTON_WIZARDS,130.0,123.0,
2025-01-17 00:30:00+00:00,CLEVELAND_CAVALIERS,OKLAHOMA_CITY_THUNDER,114.0,134.0,
2025-01-17 03:00:00+00:00,LOS_ANGELES_CLIPPERS,PORTLAND_TRAIL_BLAZERS,118.0,89.0,
2025-01-17 03:00:00+00:00,HOUSTON_ROCKETS,SACRAMENTO_KINGS,127.0,132.0,
2025-01-18 00:00:00+00:00,ORLANDO_MAGIC,BOSTON_CELTICS,94.0,121.0,
2025-01-18 00:30:00+00:00,MINNESOTA_TIMBERWOLVES,NEW_YORK_KNICKS,116.0,99.0,
2025-01-18 01:00:00+00:00,CHARLOTTE_HORNETS,CHICAGO_BULLS,125.0,123.0,
2025-01-18 01:00:00+00:00,DENVER_NUGGETS,MIAMI_HEAT,133.0,113.0,
2025-01-18 01:00:00+00:00,TORONTO_RAPTORS,MILWAUKEE_BUCKS,112.0,130.0,
2025-01-18 01:00:00+00:00,UTAH_JAZZ,NEW_ORLEANS_PELICANS,123.0,136.0,
2025-01-18 01:30:00+00:00,OKLAHOMA_CITY_THUNDER,DALLAS_MAVERICKS,98.0,106.0,
2025-01-18 02:30:00+00:00,MEMPHIS_GRIZZLIES,SAN_ANTONIO_SPURS,140.0,112.0,
2025-01-18 03:30:00+00:00,BROOKLYN_NETS,LOS_ANGELES_LAKERS,101.0,102.0,
2025-01-18 21:00:00+00:00,PHOENIX_SUNS,DETROIT_PISTONS,125.0,121.0,
2025-01-19 00:00:00+00:00,ATLANTA_HAWKS,BOSTON_CELTICS,119.0,115.0,
2025-01-19 00:00:00+00:00,PHILADELPHIA_76ERS,INDIANA_PACERS,102.0,115.0,
2025-01-19 01:30:00+00:00,WASHINGTON_WIZARDS,GOLDEN_STATE_WARRIORS,114.0,122.0,
2025-01-19 02:00:00+00:00,CLEVELAND_CAVALIERS,MINNESOTA_TIMBERWOLVES,124.0,117.0,
2025-01-19 03:00:00+00:00,HOUSTON_ROCKETS,PORTLAND_TRAIL_BLAZERS,125.0,103.0,
2025-01-19 20:00:00+00:00,SAN_ANTONIO_SPURS,MIAMI_HEAT,107.0,128.0,
2025-01-19 23:00:00+00:00,DENVER_NUGGETS,ORLANDO_MAGIC,113.0,100.0,
2025-01-20 00:00:00+00:00,PHILADELPHIA_76ERS,MILWAUKEE_BUCKS,109.0,123.0,
2025-01-20 00:00:00+00:00,BROOKLYN_NETS,OKLAHOMA_CITY_THUNDER,101.0,127.0,
2025-01-20 02:00:00+00:00,LOS_ANGELES_LAKERS,LOS_ANGELES_CLIPPERS,102.0,116.0,
2025-01-20 02:00:00+00:00,CHICAGO_BULLS,PORTLAND_TRAIL_BLAZERS,102.0,113.0,
2025-01-20 02:00:00+00:00,WASHINGTON_WIZARDS,SACRAMENTO_KINGS,100.0,123.0,
2025-01-20 17:00:00+00:00,DALLAS_MAVERICKS,CHARLOTTE_HORNETS,105.0,110.0,
2025-01-20 19:00:00+00:00,DETROIT_PISTONS,HOUSTON_ROCKETS,107.0,96.0,
2025-01-20 19:30:00+00:00,MINNESOTA_TIMBERWOLVES,MEMPHIS_GRIZZLIES,106.0,108.0,
2025-01-20 20:00:00+00:00,ATLANTA_HAWKS,NEW_YORK_KNICKS,110.0,119.0,
2025-01-20 20:30:00+00:00,PHOENIX_SUNS,CLEVELAND_CAVALIERS,92.0,118.0,
2025-01-20 22:00:00+00:00,BOSTON_CELTICS,GOLDEN_STATE_WARRIORS,125.0,85.0,
2025-01-21 01:00:00+00:00,UTAH_JAZZ,NEW_ORLEANS_PELICANS,119.0,123.0,
2025-01-21 03:30:00+00:00,CHICAGO_BULLS,LOS_ANGELES_CLIPPERS,112.0,99.0,
2025-01-22 00:30:00+00:00,NEW_YORK_KNICKS,BROOKLYN_NETS,99.0,95.0,
2025-01-22 00:30:00+00:00,PORTLAND_TRAIL_BLAZERS,MIAMI_HEAT,116.0,107.0,
2025-01-22 00:30:00+00:00,ORLANDO_MAGIC,TORONTO_RAPTORS,93.0,109.0,
2025-01-22 03:00:00+00:00,PHILADELPHIA_76ERS,DENVER_NUGGETS,109.0,144.0,
2025-01-22 03:30:00+00:00,WASHINGTON_WIZARDS,LOS_ANGELES_LAKERS,88.0,111.0,
2025-01-23 00:30:00+00:00,DETROIT_PISTONS,ATLANTA_HAWKS,114.0,104.0,
2025-01-23 00:30:00+00:00,PHOENIX_SUNS,BROOKLYN_NETS,108.0,84.0,
2025-01-23 00:30:00+00:00,MINNESOTA_TIMBERWOLVES,DALLAS_MAVERICKS,115.0,114.0,
2025-01-23 01:00:00+00:00,CLEVELAND_CAVALIERS,HOUSTON_ROCKETS,108.0,109.0,
2025-01-23 01:00:00+00:00,CHARLOTTE_HORNETS,MEMPHIS_GRIZZLIES,120.0,132.0,
2025-01-23 01:00:00+00:00,UTAH_JAZZ,OKLAHOMA_CITY_THUNDER,114.0,123.0,
2025-01-23 03:00:00+00:00,GOLDEN_STATE_WARRIORS,SACRAMENTO_KINGS,117.0,123.0,
2025-01-23 03:30:00+00:00,BOSTON_CELTICS,LOS_ANGELES_CLIPPERS,117.0,113.0,
2025-01-23 19:00:00+00:00,SAN_ANTONIO_SPURS,INDIANA_PACERS,140.0,110.0,
2025-01-24 00:00:00+00:00,PORTLAND_TRAIL_BLAZERS,ORLANDO_MAGIC,101.0,79.0,
2025-01-24 00:30:00+00:00,TORONTO_RAPTORS,ATLANTA_HAWKS,122.0,119.0,
2025-01-24 01:00:00+00:00,DALLAS_MAVERICKS,OKLAHOMA_CITY_THUNDER,121.0,115.0,
2025-01-24 01:30:00+00:00,MIAMI_HEAT,MILWAUKEE_BUCKS,96.0,125.0,
2025-01-24 02:00:00+00:00,SACRAMENTO_KINGS,DENVER_NUGGETS,123.0,132.0,
2025-01-24 03:00:00+00:00,CHICAGO_BULLS,GOLDEN_STATE_WARRIORS,106.0,131.0,
2025-01-24 03:00:00+00:00,BOSTON_CELTICS,LOS_ANGELES_LAKERS,96.0,117.0,
2025-01-24 03:30:00+00:00,WASHINGTON_WIZARDS,LOS_ANGELES_CLIPPERS,93.0,110.0,
2025-01-25 00:00:00+00:00,PORTLAND_TRAIL_BLAZERS,CHARLOTTE_HORNETS,102.0,97.0,
2025-01-25 00:00:00+00:00,CLEVELAND_CAVALIERS,PHILADELPHIA_76ERS,129.0,132.0,
2025-01-25 01:00:00+00:00,NEW_ORLEANS_PELICANS,MEMPHIS_GRIZZLIES,126.0,139.0,
2025-01-25 17:00:00+00:00,INDIANA_PACERS,SAN_ANTONIO_SPURS,136.0,98.0,
2025-01-25 20:00:00+00:00,DENVER_NUGGETS,MINNESOTA_TIMBERWOLVES,104.0,133.0,
2025-01-25 22:30:00+00:00,BOSTON_CELTICS,DALLAS_MAVERICKS,122.0,107.0,
2025-01-25 23:00:00+00:00,MIAMI_HEAT,BROOKLYN_NETS,106.0,97.0,
2025-01-26 00:00:00+00:00,NEW_ORLEANS_PELICANS,CHARLOTTE_HORNETS,92.0,123.0,
2025-01-26 00:00:00+00:00,DETROIT_PISTONS,ORLANDO_MAGIC,113.0,121.0,
2025-01-26 00:30:00+00:00,TORONTO_RAPTORS,ATLANTA_HAWKS,117.0,94.0,
2025-01-26 00:30:00+00:00,HOUSTON_ROCKETS,CLEVELAND_CAVALIERS,135.0,131.0,
2025-01-26 00:30:00+00:00,SACRAMENTO_KINGS,NEW_YORK_KNICKS,120.0,143.0,
2025-01-26 01:00:00+00:00,PHILADELPHIA_76ERS,CHICAGO_BULLS,109.0,97.0,
2025-01-26 01:00:00+00:00,UTAH_JAZZ,MEMPHIS_GRIZZLIES,103.0,125.0,
2025-01-26 01:30:00+00:00,LOS_ANGELES_LAKERS,GOLDEN_STATE_WARRIORS,118.0,108.0,
2025-01-26 02:00:00+00:00,WASHINGTON_WIZARDS,PHOENIX_SUNS,109.0,119.0,
2025-01-26 03:30:00+00:00,MILWAUKEE_BUCKS,LOS_ANGELES_CLIPPERS,117.0,127.0,
2025-01-26 23:00:00+00:00,OKLAHOMA_CITY_THUNDER,PORTLAND_TRAIL_BLAZERS,118.0,108.0,
2025-01-28 00:00:00+00:00,LOS_ANGELES_LAKERS,CHARLOTTE_HORNETS,112.0,107.0,
2025-01-28 00:00:00+00:00,DETROIT_PISTONS,CLEVELAND_CAVALIERS,91.0,110.0,
2025-01-28 00:30:00+00:00,HOUSTON_ROCKETS,BOSTON_CELTICS,114.0,112.0,
2025-01-28 00:30:00+00:00,SACRAMENTO_KINGS,BROOKLYN_NETS,110.0,96.0,
2025-01-28 00:30:00+00:00,ORLANDO_MAGIC,MIAMI_HEAT,119.0,125.0,
2025-01-28 00:30:00+00:00,MEMPHIS_GRIZZLIES,NEW_YORK_KNICKS,106.0,143.0,
2025-01-28 00:30:00+00:00,NEW_ORLEANS_PELICANS,TORONTO_RAPTORS,104.0,113.0,
2025-01-28 01:00:00+00:00,DENVER_NUGGETS,CHICAGO_BULLS,121.0,129.0,
2025-01-28 01:00:00+00:00,ATLANTA_HAWKS,MINNESOTA_TIMBERWOLVES,92.0,100.0,
2025-01-28 01:30:00+00:00,WASHINGTON_WIZARDS,DALLAS_MAVERICKS,108.0,130.0,
2025-01-28 02:00:00+00:00,MILWAUKEE_BUCKS,UTAH_JAZZ,125.0,110.0,
2025-01-28 02:30:00+00:00,LOS_ANGELES_CLIPPERS,PHOENIX_SUNS,109.0,111.0,
2025-01-29 00:30:00+00:00,HOUSTON_ROCKETS,ATLANTA_HAWKS,100.0,96.0,
2025-01-29 00:30:00+00:00,LOS_ANGELES_LAKERS,PHILADELPHIA_76ERS,104.0,118.0,
2025-01-29 03:00:00+00:00,UTAH_JAZZ,GOLDEN_STATE_WARRIORS,103.0,114.0,
2025-01-29 03:00:00+00:00,MILWAUKEE_BUCKS,PORTLAND_TRAIL_BLAZERS,112.0,125.0,
2025-01-30 00:00:00+00:00,BROOKLYN_NETS,CHARLOTTE_HORNETS,104.0,83.0,
2025-01-30 00:00:00+00:00,DETROIT_PISTONS,INDIANA_PACERS,119.0,133.0,
2025-01-30 00:00:00+00:00,TORONTO_RAPTORS,WASHINGTON_WIZARDS,106.0,82.0,
2025-01-30 00:30:00+00:00,CHICAGO_BULLS,BOSTON_CELTICS,100.0,122.0,
2025-01-30 00:30:00+00:00,CLEVELAND_CAVALIERS,MIAMI_HEAT,126.0,106.0,
2025-01-30 00:30:00+00:00,DENVER_NUGGETS,NEW_YORK_KNICKS,112.0,122.0,
2025-01-30 00:30:00+00:00,SACRAMENTO_KINGS,PHILADELPHIA_76ERS,104.0,117.0,
2025-01-30 01:00:00+00:00,DALLAS_MAVERICKS,NEW_ORLEANS_PELICANS,137.0,136.0,
2025-01-30 01:00:00+00:00,LOS_ANGELES_CLIPPERS,SAN_ANTONIO_SPURS,128.0,116.0,
2025-01-30 02:00:00+00:00,MINNESOTA_TIMBERWOLVES,PHOENIX_SUNS,121.0,113.0,
2025-01-30 03:00:00+00:00,OKLAHOMA_CITY_THUNDER,GOLDEN_STATE_WARRIORS,109.0,116.0,
2025-01-31 00:00:00+00:00,ATLANTA_HAWKS,CLEVELAND_CAVALIERS,115.0,137.0,
2025-01-31 00:00:00+00:00,LOS_ANGELES_LAKERS,WASHINGTON_WIZARDS,134.0,96.0,
2025-01-31 02:00:00+00:00,MINNESOTA_TIMBERWOLVES,UTAH_JAZZ,138.0,113.0,
2025-01-31 02:30:00+00:00,HOUSTON_ROCKETS,MEMPHIS_GRIZZLIES,119.0,120.0,
2025-01-31 03:00:00+00:00,ORLANDO_MAGIC,PORTLAND_TRAIL_BLAZERS,90.0,119.0,
2025-02-01 00:00:00+00:00,LOS_ANGELES_CLIPPERS,CHARLOTTE_HORNETS,112.0,104.0,
2025-02-01 00:00:00+00:00,DALLAS_MAVERICKS,DETROIT_PISTONS,102.0,117.0,
2025-02-01 00:30:00+00:00,DENVER_NUGGETS,PHILADELPHIA_76ERS,137.0,134.0,
2025-02-01 00:30:00+00:00,CHICAGO_BULLS,TORONTO_RAPTORS,122.0,106.0,
2025-02-01 01:00:00+00:00,BOSTON_CELTICS,NEW_ORLEANS_PELICANS,118.0,116.0,
2025-02-01 01:00:00+00:00,MILWAUKEE_BUCKS,SAN_ANTONIO_SPURS,118.0,144.0,
2025-02-01 03:00:00+00:00,PHOENIX_SUNS,GOLDEN_STATE_WARRIORS,130.0,105.0,
2025-02-01 22:00:00+00:00,ATLANTA_HAWKS,INDIANA_PACERS,127.0,132.0,
2025-02-01 22:00:00+00:00,ORLANDO_MAGIC,UTAH_JAZZ,99.0,113.0,
2025-02-02 00:00:00+00:00,DENVER_NUGGETS,CHARLOTTE_HORNETS,107.0,104.0,
2025-02-02 01:00:00+00:00,BROOKLYN_NETS,HOUSTON_ROCKETS,110.0,98.0,
2025-02-02 01:00:00+00:00,WASHINGTON_WIZARDS,MINNESOTA_TIMBERWOLVES,105.0,103.0,
2025-02-02 01:00:00+00:00,SACRAMENTO_KINGS,OKLAHOMA_CITY_THUNDER,110.0,144.0,
2025-02-02 01:30:00+00:00,LOS_ANGELES_LAKERS,NEW_YORK_KNICKS,128.0,112.0,
2025-02-02 01:30:00+00:00,MIAMI_HEAT,SAN_ANTONIO_SPURS,105.0,103.0,
2025-02-02 03:00:00+00:00,PHOENIX_SUNS,PORTLAND_TRAIL_BLAZERS,108.0,127.0,
2025-02-02 20:00:00+00:00,CHICAGO_BULLS,DETROIT_PISTONS,119.0,127.0,
2025-02-02 20:30:00+00:00,DALLAS_MAVERICKS,CLEVELAND_CAVALIERS,101.0,144.0,
2025-02-02 20:30:00+00:00,LOS_ANGELES_CLIPPERS,TORONTO_RAPTORS,108.0,115.0,
2025-02-02 23:00:00+00:00,BOSTON_CELTICS,PHILADELPHIA_76ERS,118.0,110.0,
2025-02-03 01:30:00+00:00,MEMPHIS_GRIZZLIES,MILWAUKEE_BUCKS,132.0,119.0,
2025-02-04 00:00:00+00:00,WASHINGTON_WIZARDS,CHARLOTTE_HORNETS,124.0,114.0,
2025-02-04 00:00:00+00:00,ATLANTA_HAWKS,DETROIT_PISTONS,132.0,130.0,
2025-02-04 00:30:00+00:00,HOUSTON_ROCKETS,NEW_YORK_KNICKS,118.0,124.0,
2025-02-04 01:00:00+00:00,SAN_ANTONIO_SPURS,MEMPHIS_GRIZZLIES,109.0,128.0,
2025-02-04 01:00:00+00:00,SACRAMENTO_KINGS,MINNESOTA_TIMBERWOLVES,116.0,114.0,
2025-02-04 01:00:00+00:00,MILWAUKEE_BUCKS,OKLAHOMA_CITY_THUNDER,96.0,125.0,
2025-02-04 02:00:00+00:00,NEW_ORLEANS_PELICANS,DENVER_NUGGETS,113.0,125.0,
2025-02-04 02:00:00+00:00,INDIANA_PACERS,UTAH_JAZZ,112.0,111.0,
2025-02-04 03:00:00+00:00,ORLANDO_MAGIC,GOLDEN_STATE_WARRIORS,99.0,104.0,
2025-02-04 03:00:00+00:00,PHOENIX_SUNS,PORTLAND_TRAIL_BLAZERS,119.0,121.0,
2025-02-05 00:00:00+00:00,DALLAS_MAVERICKS,PHILADELPHIA_76ERS,116.0,118.0,
2025-02-05 00:30:00+00:00,HOUSTON_ROCKETS,BROOKLYN_NETS,97.0,99.0,
2025-02-05 00:30:00+00:00,BOSTON_CELTICS,CLEVELAND_CAVALIERS,112.0,105.0,
2025-02-05 00:30:00+00:00,NEW_YORK_KNICKS,TORONTO_RAPTORS,121.0,115.0,
2025-02-05 01:00:00+00:00,MIAMI_HEAT,CHICAGO_BULLS,124.0,133.0,
2025-02-05 03:00:00+00:00,LOS_ANGELES_LAKERS,LOS_ANGELES_CLIPPERS,122.0,97.0,
2025-02-05 03:00:00+00:00,INDIANA_PACERS,PORTLAND_TRAIL_BLAZERS,89.0,112.0,
2025-02-06 00:00:00+00:00,SAN_ANTONIO_SPURS,ATLANTA_HAWKS,126.0,125.0,
2025-02-06 00:00:00+00:00,MILWAUKEE_BUCKS,CHARLOTTE_HORNETS,112.0,102.0,
2025-02-06 00:00:00+00:00,CLEVELAND_CAVALIERS,DETROIT_PISTONS,118.0,115.0,
2025-02-06 00:30:00+00:00,WASHINGTON_WIZARDS,BROOKLYN_NETS,119.0,102.0,
2025-02-06 00:30:00+00:00,MIAMI_HEAT,PHILADELPHIA_76ERS,108.0,101.0,
2025-02-06 00:30:00+00:00,MEMPHIS_GRIZZLIES,TORONTO_RAPTORS,138.0,107.0,
2025-02-06 01:00:00+00:00,CHICAGO_BULLS,MINNESOTA_TIMBERWOLVES,108.0,127.0,
2025-02-06 02:00:00+00:00,NEW_ORLEANS_PELICANS,DENVER_NUGGETS,119.0,144.0,
2025-02-06 02:00:00+00:00,GOLDEN_STATE_WARRIORS,UTAH_JAZZ,128.0,131.0,
2025-02-06 02:30:00+00:00,PHOENIX_SUNS,OKLAHOMA_CITY_THUNDER,109.0,140.0,
2025-02-06 03:00:00+00:00,ORLANDO_MAGIC,SACRAMENTO_KINGS,130.0,111.0,
2025-02-07 00:30:00+00:00,DALLAS_MAVERICKS,BOSTON_CELTICS,127.0,120.0,
2025-02-07 01:00:00+00:00,HOUSTON_ROCKETS,MINNESOTA_TIMBERWOLVES,114.0,127.0,
2025-02-07 02:00:00+00:00,ORLANDO_MAGIC,DENVER_NUGGETS,90.0,112.0,
2025-02-07 03:00:00+00:00,GOLDEN_STATE_WARRIORS,LOS_ANGELES_LAKERS,112.0,120.0,
2025-02-07 03:00:00+00:00,SACRAMENTO_KINGS,PORTLAND_TRAIL_BLAZERS,102.0,108.0,
2025-02-07 03:30:00+00:00,INDIANA_PACERS,LOS_ANGELES_CLIPPERS,119.0,112.0,
2025-02-08 00:00:00+00:00,SAN_ANTONIO_SPURS,CHARLOTTE_HORNETS,116.0,117.0,
2025-02-08 00:00:00+00:00,CLEVELAND_CAVALIERS,WASHINGTON_WIZARDS,134.0,124.0,
2025-02-08 00:30:00+00:00,MILWAUKEE_BUCKS,ATLANTA_HAWKS,110.0,115.0,
2025-02-08 00:30:00+00:00,MIAMI_HEAT,BROOKLYN_NETS,86.0,102.0,
2025-02-08 00:30:00+00:00,PHILADELPHIA_76ERS,DETROIT_PISTONS,112.0,125.0,
2025-02-08 01:00:00+00:00,TORONTO_RAPTORS,OKLAHOMA_CITY_THUNDER,109.0,121.0,
2025-02-08 03:00:00+00:00,UTAH_JAZZ,PHOENIX_SUNS,127.0,135.0,
2025-02-08 20:00:00+00:00,HOUSTON_ROCKETS,DALLAS_MAVERICKS,105.0,116.0,
2025-02-08 21:00:00+00:00,INDIANA_PACERS,LOS_ANGELES_LAKERS,117.0,124.0,
2025-02-09 00:00:00+00:00,SAN_ANTONIO_SPURS,ORLANDO_MAGIC,111.0,112.0,
2025-02-09 00:00:00+00:00,ATLANTA_HAWKS,WASHINGTON_WIZARDS,125.0,111.0,
2025-02-09 01:00:00+00:00,GOLDEN_STATE_WARRIORS,CHICAGO_BULLS,132.0,111.0,
2025-02-09 01:00:00+00:00,OKLAHOMA_CITY_THUNDER,MEMPHIS_GRIZZLIES,125.0,112.0,
2025-02-09 01:00:00+00:00,PORTLAND_TRAIL_BLAZERS,MINNESOTA_TIMBERWOLVES,98.0,114.0,
2025-02-09 01:30:00+00:00,BOSTON_CELTICS,NEW_YORK_KNICKS,131.0,104.0,
2025-02-09 02:00:00+00:00,DENVER_NUGGETS,PHOENIX_SUNS,122.0,105.0,
2025-02-09 03:00:00+00:00,NEW_ORLEANS_PELICANS,SACRAMENTO_KINGS,118.0,123.0,
2025-02-09 03:30:00+00:00,UTAH_JAZZ,LOS_ANGELES_CLIPPERS,110.0,130.0,
2025-02-09 18:00:00+00:00,CHARLOTTE_HORNETS,DETROIT_PISTONS,102.0,112.0,
2025-02-09 19:00:00+00:00,TORONTO_RAPTORS,HOUSTON_ROCKETS,87.0,94.0,
2025-02-09 19:00:00+00:00,PHILADELPHIA_76ERS,MILWAUKEE_BUCKS,127.0,135.0,
2025-02-11 00:00:00+00:00,MINNESOTA_TIMBERWOLVES,CLEVELAND_CAVALIERS,107.0,128.0,
2025-02-11 00:00:00+00:00,ATLANTA_HAWKS,ORLANDO_MAGIC,112.0,106.0,
2025-02-11 00:00:00+00:00,SAN_ANTONIO_SPURS,WASHINGTON_WIZARDS,131.0,121.0,
2025-02-11 00:30:00+00:00,CHARLOTTE_HORNETS,BROOKLYN_NETS,89.0,97.0,
2025-02-11 00:30:00+00:00,BOSTON_CELTICS,MIAMI_HEAT,103.0,85.0,
2025-02-11 01:00:00+00:00,GOLDEN_STATE_WARRIORS,MILWAUKEE_BUCKS,125.0,111.0,
2025-02-11 01:00:00+00:00,NEW_ORLEANS_PELICANS,OKLAHOMA_CITY_THUNDER,101.0,137.0,
2025-02-11 01:30:00+00:00,SACRAMENTO_KINGS,DALLAS_MAVERICKS,129.0,128.0,
2025-02-11 02:00:00+00:00,PORTLAND_TRAIL_BLAZERS,DENVER_NUGGETS,117.0,146.0,
2025-02-11 03:30:00+00:00,UTAH_JAZZ,LOS_ANGELES_LAKERS,113.0,132.0,
2025-02-12 00:00:00+00:00,TORONTO_RAPTORS,PHILADELPHIA_76ERS,106.0,103.0,
2025-02-12 00:30:00+00:00,NEW_YORK_KNICKS,INDIANA_PACERS,128.0,115.0,
2025-02-12 01:00:00+00:00,DETROIT_PISTONS,CHICAGO_BULLS,132.0,92.0,
2025-02-12 03:00:00+00:00,MEMPHIS_GRIZZLIES,PHOENIX_SUNS,119.0,112.0,
2025-02-13 00:00:00+00:00,SAN_ANTONIO_SPURS,BOSTON_CELTICS,103.0,116.0,
2025-02-13 00:00:00+00:00,CHARLOTTE_HORNETS,ORLANDO_MAGIC,86.0,102.0,
2025-02-13 00:00:00+00:00,INDIANA_PACERS,WASHINGTON_WIZARDS,134.0,130.0,
2025-02-13 00:30:00+00:00,PHILADELPHIA_76ERS,BROOKLYN_NETS,96.0,100.0,
2025-02-13 00:30:00+00:00,ATLANTA_HAWKS,NEW_YORK_KNICKS,148.0,149.0,
2025-02-13 00:30:00+00:00,CLEVELAND_CAVALIERS,TORONTO_RAPTORS,131.0,108.0,
2025-02-13 01:00:00+00:00,DETROIT_PISTONS,CHICAGO_BULLS,128.0,110.0,
2025-02-13 01:00:00+00:00,MILWAUKEE_BUCKS,MINNESOTA_TIMBERWOLVES,103.0,101.0,
2025-02-13 01:00:00+00:00,SACRAMENTO_KINGS,NEW_ORLEANS_PELICANS,119.0,111.0,
2025-02-13 01:00:00+00:00,MIAMI_HEAT,OKLAHOMA_CITY_THUNDER,101.0,115.0,
2025-02-13 01:30:00+00:00,PHOENIX_SUNS,HOUSTON_ROCKETS,111.0,119.0,
2025-02-13 02:00:00+00:00,PORTLAND_TRAIL_BLAZERS,DENVER_NUGGETS,121.0,132.0,
2025-02-13 02:00:00+00:00,LOS_ANGELES_LAKERS,UTAH_JAZZ,119.0,131.0,
2025-02-13 02:30:00+00:00,GOLDEN_STATE_WARRIORS,DALLAS_MAVERICKS,107.0,111.0,
2025-02-13 03:30:00+00:00,MEMPHIS_GRIZZLIES,LOS_ANGELES_CLIPPERS,114.0,128.0,
2025-02-14 01:00:00+00:00,GOLDEN_STATE_WARRIORS,HOUSTON_ROCKETS,105.0,98.0,
2025-02-14 01:00:00+00:00,SACRAMENTO_KINGS,NEW_ORLEANS_PELICANS,133.0,140.0,
2025-02-14 01:30:00+00:00,MIAMI_HEAT,DALLAS_MAVERICKS,113.0,118.0,
2025-02-14 01:30:00+00:00,OKLAHOMA_CITY_THUNDER,MINNESOTA_TIMBERWOLVES,101.0,116.0,
2025-02-14 02:00:00+00:00,LOS_ANGELES_CLIPPERS,UTAH_JAZZ,120.0,116.0,
2025-02-20 03:00:00+00:00,CHARLOTTE_HORNETS,LOS_ANGELES_LAKERS,100.0,97.0,
2025-02-21 00:00:00+00:00,MEMPHIS_GRIZZLIES,INDIANA_PACERS,113.0,127.0,
2025-02-21 00:00:00+00:00,BOSTON_CELTICS,PHILADELPHIA_76ERS,124.0,104.0,
2025-02-21 00:30:00+00:00,ORLANDO_MAGIC,ATLANTA_HAWKS,114.0,108.0,
2025-02-21 00:30:00+00:00,CLEVELAND_CAVALIERS,BROOKLYN_NETS,110.0,97.0,
2025-02-21 00:30:00+00:00,CHICAGO_BULLS,NEW_YORK_KNICKS,111.0,113.0,
2025-02-21 01:00:00+00:00,LOS_ANGELES_CLIPPERS,MILWAUKEE_BUCKS,110.0,116.0,
2025-02-21 02:00:00+00:00,CHARLOTTE_HORNETS,DENVER_NUGGETS,115.0,129.0,
2025-02-21 02:30:00+00:00,PHOENIX_SUNS,SAN_ANTONIO_SPURS,109.0,120.0,
2025-02-21 03:00:00+00:00,LOS_ANGELES_LAKERS,PORTLAND_TRAIL_BLAZERS,110.0,102.0,
2025-02-22 00:00:00+00:00,NEW_YORK_KNICKS,CLEVELAND_CAVALIERS,105.0,142.0,
2025-02-22 00:00:00+00:00,MEMPHIS_GRIZZLIES,ORLANDO_MAGIC,105.0,104.0,
2025-02-22 00:00:00+00:00,MILWAUKEE_BUCKS,WASHINGTON_WIZARDS,104.0,101.0,
2025-02-22 00:30:00+00:00,MIAMI_HEAT,TORONTO_RAPTORS,120.0,111.0,
2025-02-22 01:30:00+00:00,NEW_ORLEANS_PELICANS,DALLAS_MAVERICKS,103.0,111.0,
2025-02-22 01:30:00+00:00,DETROIT_PISTONS,SAN_ANTONIO_SPURS,125.0,110.0,
2025-02-22 02:30:00+00:00,MINNESOTA_TIMBERWOLVES,HOUSTON_ROCKETS,115.0,121.0,
2025-02-22 02:30:00+00:00,OKLAHOMA_CITY_THUNDER,UTAH_JAZZ,130.0,107.0,
2025-02-22 03:00:00+00:00,GOLDEN_STATE_WARRIORS,SACRAMENTO_KINGS,132.0,108.0,
2025-02-22 22:00:00+00:00,PHOENIX_SUNS,CHICAGO_BULLS,121.0,117.0,
2025-02-23 00:30:00+00:00,BROOKLYN_NETS,PHILADELPHIA_76ERS,105.0,103.0,
2025-02-23 01:30:00+00:00,LOS_ANGELES_LAKERS,DENVER_NUGGETS,123.0,100.0,
2025-02-23 02:30:00+00:00,HOUSTON_ROCKETS,UTAH_JAZZ,115.0,124.0,
2025-02-23 03:00:00+00:00,CHARLOTTE_HORNETS,PORTLAND_TRAIL_BLAZERS,88.0,141.0,
2025-02-23 18:00:00+00:00,NEW_YORK_KNICKS,BOSTON_CELTICS,105.0,118.0,
2025-02-23 20:30:00+00:00,DALLAS_MAVERICKS,GOLDEN_STATE_WARRIORS,102.0,126.0,
2025-02-23 22:00:00+00:00,LOS_ANGELES_CLIPPERS,INDIANA_PACERS,111.0,129.0,
2025-02-23 23:00:00+00:00,DETROIT_PISTONS,ATLANTA_HAWKS,148.0,143.0,
2025-02-23 23:00:00+00:00,MIAMI_HEAT,MILWAUKEE_BUCKS,113.0,120.0,
2025-02-23 23:00:00+00:00,WASHINGTON_WIZARDS,ORLANDO_MAGIC,90.0,110.0,
2025-02-23 23:00:00+00:00,PHOENIX_SUNS,TORONTO_RAPTORS,109.0,127.0,
2025-02-24 00:00:00+00:00,MEMPHIS_GRIZZLIES,CLEVELAND_CAVALIERS,123.0,129.0,
2025-02-24 00:00:00+00:00,SAN_ANTONIO_SPURS,NEW_ORLEANS_PELICANS,96.0,114.0,
2025-02-24 02:30:00+00:00,OKLAHOMA_CITY_THUNDER,MINNESOTA_TIMBERWOLVES,130.0,123.0,
2025-02-25 00:00:00+00:00,LOS_ANGELES_CLIPPERS,DETROIT_PISTONS,97.0,106.0,
2025-02-25 00:00:00+00:00,DENVER_NUGGETS,INDIANA_PACERS,125.0,116.0,
2025-02-25 00:00:00+00:00,CHICAGO_BULLS,PHILADELPHIA_76ERS,142.0,110.0,
2025-02-25 00:00:00+00:00,BROOKLYN_NETS,WASHINGTON_WIZARDS,99.0,107.0,
2025-02-25 00:30:00+00:00,MIAMI_HEAT,ATLANTA_HAWKS,86.0,98.0,
2025-02-25 01:00:00+00:00,MINNESOTA_TIMBERWOLVES,OKLAHOMA_CITY_THUNDER,131.0,128.0,
2025-02-25 02:00:00+00:00,PORTLAND_TRAIL_BLAZERS,UTAH_JAZZ,114.0,112.0,
2025-02-25 03:00:00+00:00,CHARLOTTE_HORNETS,SACRAMENTO_KINGS,88.0,130.0,
