TEAM,OPPONENT,TEAM_HOME,games_played,wins,win_percent
ATLANTA_HAWKS,BOSTON_CELTICS,0,2,2,1.0
ATLANTA_HAWKS,BOSTON_CELTICS,1,1,0,0.0
ATLANTA_HAWKS,BROOKLYN_NETS,1,1,1,1.0
ATLANTA_HAWKS,CHARLOTTE_HORNETS,0,1,1,1.0
ATLANTA_HAWKS,CHARLOTTE_HORNETS,1,1,1,1.0
ATLANTA_HAWKS,CHICAGO_BULLS,0,2,1,0.5
ATLANTA_HAWKS,CHICAGO_BULLS,1,2,1,0.5
ATLANTA_HAWKS,CLEVELAND_CAVALIERS,0,2,1,0.5
ATLANTA_HAWKS,CLEVELAND_CAVALIERS,1,1,1,1.0
ATLANTA_HAWKS,DALLAS_MAVERICKS,1,1,0,0.0
ATLANTA_HAWKS,DENVER_NUGGETS,0,1,0,0.0
ATLANTA_HAWKS,DENVER_NUGGETS,1,1,0,0.0
ATLANTA_HAWKS,DETROIT_PISTONS,0,2,1,0.5
ATLANTA_HAWKS,DETROIT_PISTONS,1,1,0,0.0
ATLANTA_HAWKS,GOLDEN_STATE_WARRIORS,0,1,0,0.0
ATLANTA_HAWKS,HOUSTON_ROCKETS,1,1,0,0.0
ATLANTA_HAWKS,INDIANA_PACERS,0,1,0,0.0
ATLANTA_HAWKS,LOS_ANGELES_CLIPPERS,0,1,0,0.0
ATLANTA_HAWKS,LOS_ANGELES_LAKERS,0,1,0,0.0
ATLANTA_HAWKS,LOS_ANGELES_LAKERS,1,1,1,1.0
ATLANTA_HAWKS,MEMPHIS_GRIZZLIES,1,1,0,0.0
ATLANTA_HAWKS,MIAMI_HEAT,1,1,1,1.0
ATLANTA_HAWKS,MILWAUKEE_BUCKS,0,2,1,0.5
ATLANTA_HAWKS,MILWAUKEE_BUCKS,1,1,1,1.0
ATLANTA_HAWKS,MINNESOTA_TIMBERWOLVES,0,1,0,0.0
ATLANTA_HAWKS,MINNESOTA_TIMBERWOLVES,1,1,1,1.0
ATLANTA_HAWKS,NEW_ORLEANS_PELICANS,0,1,1,1.0
ATLANTA_HAWKS,NEW_ORLEANS_PELICANS,1,1,1,1.0
ATLANTA_HAWKS,NEW_YORK_KNICKS,0,3,1,0.3333333333333333
ATLANTA_HAWKS,NEW_YORK_KNICKS,1,1,1,1.0
ATLANTA_HAWKS,OKLAHOMA_CITY_THUNDER,0,1,0,0.0
ATLANTA_HAWKS,ORLANDO_MAGIC,0,1,1,1.0
ATLANTA_HAWKS,PHOENIX_SUNS,0,1,0,0.0
ATLANTA_HAWKS,PHOENIX_SUNS,1,1,1,1.0
ATLANTA_HAWKS,PORTLAND_TRAIL_BLAZERS,0,1,0,0.0
ATLANTA_HAWKS,SACRAMENTO_KINGS,0,1,1,1.0
ATLANTA_HAWKS,SACRAMENTO_KINGS,1,1,0,0.0
ATLANTA_HAWKS,SAN_ANTONIO_SPURS,0,1,0,0.0
ATLANTA_HAWKS,SAN_ANTONIO_SPURS,1,1,0,0.0
ATLANTA_HAWKS,TORONTO_RAPTORS,0,1,1,1.0
ATLANTA_HAWKS,TORONTO_RAPTORS,1,2,0,0.0
ATLANTA_HAWKS,UTAH_JAZZ,0,1,1,1.0
ATLANTA_HAWKS,WASHINGTON_WIZARDS,0,2,1,0.5
ATLANTA_HAWKS,WASHINGTON_WIZARDS,1,2,1,0.5
BOSTON_CELTICS,ATLANTA_HAWKS,0,1,1,1.0
BOSTON_CELTICS,ATLANTA_HAWKS,1,2,0,0.0
BOSTON_CELTICS,BROOKLYN_NETS,0,1,1,1.0
BOSTON_CELTICS,BROOKLYN_NETS,1,1,1,1.0
BOSTON_CELTICS,CHARLOTTE_HORNETS,0,2,2,1.0
BOSTON_CELTICS,CHICAGO_BULLS,0,2,2,1.0
BOSTON_CELTICS,CHICAGO_BULLS,1,2,1,0.5
BOSTON_CELTICS,CLEVELAND_CAVALIERS,0,2,1,0.5
BOSTON_CELTICS,CLEVELAND_CAVALIERS,1,1,1,1.0
BOSTON_CELTICS,DALLAS_MAVERICKS,0,1,1,1.0
BOSTON_CELTICS,DALLAS_MAVERICKS,1,1,0,0.0
BOSTON_CELTICS,DENVER_NUGGETS,0,1,1,1.0
BOSTON_CELTICS,DETROIT_PISTONS,0,1,1,1.0
BOSTON_CELTICS,DETROIT_PISTONS,1,2,2,1.0
BOSTON_CELTICS,GOLDEN_STATE_WARRIORS,0,1,1,1.0
BOSTON_CELTICS,GOLDEN_STATE_WARRIORS,1,1,0,0.0
BOSTON_CELTICS,HOUSTON_ROCKETS,0,1,1,1.0
BOSTON_CELTICS,HOUSTON_ROCKETS,1,1,0,0.0
BOSTON_CELTICS,INDIANA_PACERS,0,1,0,0.0
BOSTON_CELTICS,INDIANA_PACERS,1,2,1,0.5
BOSTON_CELTICS,LOS_ANGELES_CLIPPERS,0,1,1,1.0
BOSTON_CELTICS,LOS_ANGELES_CLIPPERS,1,1,1,1.0
BOSTON_CELTICS,LOS_ANGELES_LAKERS,0,1,0,0.0
BOSTON_CELTICS,MEMPHIS_GRIZZLIES,1,1,0,0.0
BOSTON_CELTICS,MIAMI_HEAT,0,1,1,1.0
BOSTON_CELTICS,MIAMI_HEAT,1,1,1,1.0
BOSTON_CELTICS,MILWAUKEE_BUCKS,0,1,1,1.0
BOSTON_CELTICS,MILWAUKEE_BUCKS,1,2,2,1.0
BOSTON_CELTICS,MINNESOTA_TIMBERWOLVES,0,1,1,1.0
BOSTON_CELTICS,MINNESOTA_TIMBERWOLVES,1,1,1,1.0
BOSTON_CELTICS,NEW_ORLEANS_PELICANS,0,1,1,1.0
BOSTON_CELTICS,NEW_ORLEANS_PELICANS,1,1,1,1.0
BOSTON_CELTICS,NEW_YORK_KNICKS,0,1,1,1.0
BOSTON_CELTICS,NEW_YORK_KNICKS,1,1,1,1.0
BOSTON_CELTICS,OKLAHOMA_CITY_THUNDER,0,1,0,0.0
BOSTON_CELTICS,ORLANDO_MAGIC,0,1,0,0.0
BOSTON_CELTICS,ORLANDO_MAGIC,1,1,1,1.0
BOSTON_CELTICS,PHILADELPHIA_76ERS,0,1,1,1.0
BOSTON_CELTICS,PHILADELPHIA_76ERS,1,1,0,0.0
BOSTON_CELTICS,SACRAMENTO_KINGS,1,1,0,0.0
BOSTON_CELTICS,SAN_ANTONIO_SPURS,1,1,1,1.0
BOSTON_CELTICS,TORONTO_RAPTORS,0,1,0,0.0
BOSTON_CELTICS,TORONTO_RAPTORS,1,2,2,1.0
BOSTON_CELTICS,WASHINGTON_WIZARDS,0,3,3,1.0
BROOKLYN_NETS,ATLANTA_HAWKS,0,1,0,0.0
BROOKLYN_NETS,BOSTON_CELTICS,0,1,0,0.0
BROOKLYN_NETS,BOSTON_CELTICS,1,1,0,0.0
BROOKLYN_NETS,CHARLOTTE_HORNETS,0,1,1,1.0
BROOKLYN_NETS,CHARLOTTE_HORNETS,1,2,2,1.0
BROOKLYN_NETS,CHICAGO_BULLS,0,1,0,0.0
BROOKLYN_NETS,CHICAGO_BULLS,1,1,1,1.0
BROOKLYN_NETS,CLEVELAND_CAVALIERS,0,1,0,0.0
BROOKLYN_NETS,CLEVELAND_CAVALIERS,1,1,0,0.0
BROOKLYN_NETS,DENVER_NUGGETS,0,1,0,0.0
BROOKLYN_NETS,DENVER_NUGGETS,1,1,0,0.0
BROOKLYN_NETS,DETROIT_PISTONS,1,2,0,0.0
BROOKLYN_NETS,GOLDEN_STATE_WARRIORS,0,1,1,1.0
BROOKLYN_NETS,HOUSTON_ROCKETS,0,1,1,1.0
BROOKLYN_NETS,HOUSTON_ROCKETS,1,1,1,1.0
BROOKLYN_NETS,INDIANA_PACERS,1,2,1,0.5
BROOKLYN_NETS,LOS_ANGELES_CLIPPERS,0,1,0,0.0
BROOKLYN_NETS,LOS_ANGELES_LAKERS,0,1,0,0.0
BROOKLYN_NETS,MEMPHIS_GRIZZLIES,0,2,1,0.5
BROOKLYN_NETS,MEMPHIS_GRIZZLIES,1,1,1,1.0
BROOKLYN_NETS,MIAMI_HEAT,0,1,0,0.0
BROOKLYN_NETS,MIAMI_HEAT,1,2,1,0.5
BROOKLYN_NETS,MILWAUKEE_BUCKS,0,2,2,1.0
BROOKLYN_NETS,MILWAUKEE_BUCKS,1,2,1,0.5
BROOKLYN_NETS,NEW_ORLEANS_PELICANS,0,1,1,1.0
BROOKLYN_NETS,NEW_YORK_KNICKS,0,2,0,0.0
BROOKLYN_NETS,NEW_YORK_KNICKS,1,1,0,0.0
BROOKLYN_NETS,OKLAHOMA_CITY_THUNDER,0,1,0,0.0
BROOKLYN_NETS,ORLANDO_MAGIC,0,2,0,0.0
BROOKLYN_NETS,ORLANDO_MAGIC,1,2,0,0.0
BROOKLYN_NETS,PHILADELPHIA_76ERS,0,1,0,0.0
BROOKLYN_NETS,PHILADELPHIA_76ERS,1,2,1,0.5
BROOKLYN_NETS,PHOENIX_SUNS,0,1,1,1.0
BROOKLYN_NETS,PHOENIX_SUNS,1,1,0,0.0
BROOKLYN_NETS,PORTLAND_TRAIL_BLAZERS,0,1,1,1.0
BROOKLYN_NETS,SACRAMENTO_KINGS,0,1,1,1.0
BROOKLYN_NETS,SACRAMENTO_KINGS,1,1,0,0.0
BROOKLYN_NETS,SAN_ANTONIO_SPURS,1,1,0,0.0
BROOKLYN_NETS,TORONTO_RAPTORS,0,2,1,0.5
BROOKLYN_NETS,UTAH_JAZZ,0,1,0,0.0
BROOKLYN_NETS,UTAH_JAZZ,1,1,0,0.0
BROOKLYN_NETS,WASHINGTON_WIZARDS,1,1,0,0.0
CHARLOTTE_HORNETS,ATLANTA_HAWKS,0,1,0,0.0
CHARLOTTE_HORNETS,ATLANTA_HAWKS,1,1,0,0.0
CHARLOTTE_HORNETS,BOSTON_CELTICS,1,2,0,0.0
CHARLOTTE_HORNETS,BROOKLYN_NETS,0,2,0,0.0
CHARLOTTE_HORNETS,BROOKLYN_NETS,1,1,0,0.0
CHARLOTTE_HORNETS,CHICAGO_BULLS,0,2,1,0.5
CHARLOTTE_HORNETS,CHICAGO_BULLS,1,1,0,0.0
CHARLOTTE_HORNETS,CLEVELAND_CAVALIERS,0,2,0,0.0
CHARLOTTE_HORNETS,CLEVELAND_CAVALIERS,1,1,0,0.0
CHARLOTTE_HORNETS,DALLAS_MAVERICKS,1,1,1,1.0
CHARLOTTE_HORNETS,DENVER_NUGGETS,1,1,0,0.0
CHARLOTTE_HORNETS,DETROIT_PISTONS,0,2,0,0.0
CHARLOTTE_HORNETS,DETROIT_PISTONS,1,2,2,1.0
CHARLOTTE_HORNETS,HOUSTON_ROCKETS,0,1,1,1.0
CHARLOTTE_HORNETS,HOUSTON_ROCKETS,1,1,0,0.0
CHARLOTTE_HORNETS,INDIANA_PACERS,0,1,1,1.0
CHARLOTTE_HORNETS,INDIANA_PACERS,1,1,1,1.0
CHARLOTTE_HORNETS,LOS_ANGELES_CLIPPERS,1,1,0,0.0
CHARLOTTE_HORNETS,LOS_ANGELES_LAKERS,1,1,0,0.0
CHARLOTTE_HORNETS,MEMPHIS_GRIZZLIES,0,1,0,0.0
CHARLOTTE_HORNETS,MIAMI_HEAT,1,2,0,0.0
CHARLOTTE_HORNETS,MILWAUKEE_BUCKS,0,1,0,0.0
CHARLOTTE_HORNETS,MILWAUKEE_BUCKS,1,2,1,0.5
CHARLOTTE_HORNETS,MINNESOTA_TIMBERWOLVES,0,1,0,0.0
CHARLOTTE_HORNETS,NEW_ORLEANS_PELICANS,1,1,1,1.0
CHARLOTTE_HORNETS,NEW_YORK_KNICKS,0,1,0,0.0
CHARLOTTE_HORNETS,NEW_YORK_KNICKS,1,1,0,0.0
CHARLOTTE_HORNETS,OKLAHOMA_CITY_THUNDER,1,1,0,0.0
CHARLOTTE_HORNETS,ORLANDO_MAGIC,0,2,0,0.0
CHARLOTTE_HORNETS,ORLANDO_MAGIC,1,1,0,0.0
CHARLOTTE_HORNETS,PHILADELPHIA_76ERS,0,2,0,0.0
CHARLOTTE_HORNETS,PHILADELPHIA_76ERS,1,2,0,0.0
CHARLOTTE_HORNETS,PHOENIX_SUNS,0,1,0,0.0
CHARLOTTE_HORNETS,PHOENIX_SUNS,1,1,1,1.0
CHARLOTTE_HORNETS,PORTLAND_TRAIL_BLAZERS,1,1,0,0.0
CHARLOTTE_HORNETS,SAN_ANTONIO_SPURS,1,1,1,1.0
CHARLOTTE_HORNETS,TORONTO_RAPTORS,1,1,1,1.0
CHARLOTTE_HORNETS,UTAH_JAZZ,0,1,1,1.0
CHARLOTTE_HORNETS,WASHINGTON_WIZARDS,0,2,0,0.0
CHARLOTTE_HORNETS,WASHINGTON_WIZARDS,1,1,0,0.0
CHICAGO_BULLS,ATLANTA_HAWKS,0,2,1,0.5
CHICAGO_BULLS,ATLANTA_HAWKS,1,2,1,0.5
CHICAGO_BULLS,BOSTON_CELTICS,0,2,1,0.5
CHICAGO_BULLS,BOSTON_CELTICS,1,2,0,0.0
CHICAGO_BULLS,BROOKLYN_NETS,0,1,0,0.0
CHICAGO_BULLS,BROOKLYN_NETS,1,1,1,1.0
CHICAGO_BULLS,CHARLOTTE_HORNETS,0,1,1,1.0
CHICAGO_BULLS,CHARLOTTE_HORNETS,1,2,1,0.5
CHICAGO_BULLS,CLEVELAND_CAVALIERS,0,1,0,0.0
CHICAGO_BULLS,CLEVELAND_CAVALIERS,1,1,0,0.0
CHICAGO_BULLS,DALLAS_MAVERICKS,0,1,0,0.0
CHICAGO_BULLS,DENVER_NUGGETS,1,1,1,1.0
CHICAGO_BULLS,DETROIT_PISTONS,0,2,1,0.5
CHICAGO_BULLS,DETROIT_PISTONS,1,2,0,0.0
CHICAGO_BULLS,GOLDEN_STATE_WARRIORS,0,1,0,0.0
CHICAGO_BULLS,GOLDEN_STATE_WARRIORS,1,1,0,0.0
CHICAGO_BULLS,HOUSTON_ROCKETS,1,1,0,0.0
CHICAGO_BULLS,INDIANA_PACERS,0,1,0,0.0
CHICAGO_BULLS,INDIANA_PACERS,1,1,0,0.0
CHICAGO_BULLS,LOS_ANGELES_CLIPPERS,0,1,1,1.0
CHICAGO_BULLS,MEMPHIS_GRIZZLIES,0,1,1,1.0
CHICAGO_BULLS,MEMPHIS_GRIZZLIES,1,1,0,0.0
CHICAGO_BULLS,MIAMI_HEAT,1,1,1,1.0
CHICAGO_BULLS,MILWAUKEE_BUCKS,0,2,1,0.5
CHICAGO_BULLS,MILWAUKEE_BUCKS,1,2,1,0.5
CHICAGO_BULLS,MINNESOTA_TIMBERWOLVES,0,1,0,0.0
CHICAGO_BULLS,MINNESOTA_TIMBERWOLVES,1,1,0,0.0
CHICAGO_BULLS,NEW_ORLEANS_PELICANS,0,1,0,0.0
CHICAGO_BULLS,NEW_ORLEANS_PELICANS,1,1,0,0.0
CHICAGO_BULLS,NEW_YORK_KNICKS,0,1,1,1.0
CHICAGO_BULLS,NEW_YORK_KNICKS,1,1,1,1.0
CHICAGO_BULLS,OKLAHOMA_CITY_THUNDER,1,1,0,0.0
CHICAGO_BULLS,ORLANDO_MAGIC,0,1,0,0.0
CHICAGO_BULLS,ORLANDO_MAGIC,1,1,1,1.0
CHICAGO_BULLS,PHILADELPHIA_76ERS,1,2,0,0.0
CHICAGO_BULLS,PORTLAND_TRAIL_BLAZERS,0,1,0,0.0
CHICAGO_BULLS,SACRAMENTO_KINGS,1,1,0,0.0
CHICAGO_BULLS,SAN_ANTONIO_SPURS,0,1,1,1.0
CHICAGO_BULLS,SAN_ANTONIO_SPURS,1,1,1,1.0
CHICAGO_BULLS,TORONTO_RAPTORS,0,2,2,1.0
CHICAGO_BULLS,UTAH_JAZZ,1,1,0,0.0
CHICAGO_BULLS,WASHINGTON_WIZARDS,0,2,1,0.5
CHICAGO_BULLS,WASHINGTON_WIZARDS,1,1,1,1.0
CLEVELAND_CAVALIERS,ATLANTA_HAWKS,0,1,0,0.0
CLEVELAND_CAVALIERS,ATLANTA_HAWKS,1,2,1,0.5
CLEVELAND_CAVALIERS,BOSTON_CELTICS,0,1,0,0.0
CLEVELAND_CAVALIERS,BOSTON_CELTICS,1,2,1,0.5
CLEVELAND_CAVALIERS,BROOKLYN_NETS,0,1,1,1.0
CLEVELAND_CAVALIERS,BROOKLYN_NETS,1,1,1,1.0
CLEVELAND_CAVALIERS,CHARLOTTE_HORNETS,0,1,1,1.0
CLEVELAND_CAVALIERS,CHARLOTTE_HORNETS,1,2,2,1.0
CLEVELAND_CAVALIERS,CHICAGO_BULLS,0,1,1,1.0
CLEVELAND_CAVALIERS,CHICAGO_BULLS,1,1,1,1.0
CLEVELAND_CAVALIERS,DALLAS_MAVERICKS,0,1,1,1.0
CLEVELAND_CAVALIERS,DALLAS_MAVERICKS,1,1,1,1.0
CLEVELAND_CAVALIERS,DENVER_NUGGETS,0,1,1,1.0
CLEVELAND_CAVALIERS,DENVER_NUGGETS,1,1,1,1.0
CLEVELAND_CAVALIERS,DETROIT_PISTONS,0,1,1,1.0
CLEVELAND_CAVALIERS,DETROIT_PISTONS,1,2,2,1.0
CLEVELAND_CAVALIERS,GOLDEN_STATE_WARRIORS,0,1,1,1.0
CLEVELAND_CAVALIERS,GOLDEN_STATE_WARRIORS,1,1,1,1.0
CLEVELAND_CAVALIERS,HOUSTON_ROCKETS,0,1,0,0.0
CLEVELAND_CAVALIERS,HOUSTON_ROCKETS,1,1,0,0.0
CLEVELAND_CAVALIERS,INDIANA_PACERS,0,1,1,1.0
CLEVELAND_CAVALIERS,INDIANA_PACERS,1,1,0,0.0
CLEVELAND_CAVALIERS,LOS_ANGELES_LAKERS,0,1,1,1.0
CLEVELAND_CAVALIERS,LOS_ANGELES_LAKERS,1,1,1,1.0
CLEVELAND_CAVALIERS,MIAMI_HEAT,0,2,1,0.5
CLEVELAND_CAVALIERS,MILWAUKEE_BUCKS,0,1,1,1.0
CLEVELAND_CAVALIERS,MILWAUKEE_BUCKS,1,2,2,1.0
CLEVELAND_CAVALIERS,MINNESOTA_TIMBERWOLVES,0,1,1,1.0
CLEVELAND_CAVALIERS,MINNESOTA_TIMBERWOLVES,1,1,1,1.0
CLEVELAND_CAVALIERS,NEW_ORLEANS_PELICANS,0,1,1,1.0
CLEVELAND_CAVALIERS,NEW_ORLEANS_PELICANS,1,1,1,1.0
CLEVELAND_CAVALIERS,NEW_YORK_KNICKS,0,1,1,1.0
CLEVELAND_CAVALIERS,OKLAHOMA_CITY_THUNDER,0,1,0,0.0
CLEVELAND_CAVALIERS,OKLAHOMA_CITY_THUNDER,1,1,1,1.0
CLEVELAND_CAVALIERS,ORLANDO_MAGIC,1,1,1,1.0
CLEVELAND_CAVALIERS,PHILADELPHIA_76ERS,0,2,1,0.5
CLEVELAND_CAVALIERS,PHILADELPHIA_76ERS,1,1,1,1.0
CLEVELAND_CAVALIERS,PHOENIX_SUNS,1,1,1,1.0
CLEVELAND_CAVALIERS,TORONTO_RAPTORS,0,2,2,1.0
CLEVELAND_CAVALIERS,TORONTO_RAPTORS,1,2,2,1.0
CLEVELAND_CAVALIERS,UTAH_JAZZ,1,1,1,1.0
CLEVELAND_CAVALIERS,WASHINGTON_WIZARDS,0,2,2,1.0
CLEVELAND_CAVALIERS,WASHINGTON_WIZARDS,1,2,2,1.0
DALLAS_MAVERICKS,ATLANTA_HAWKS,0,1,1,1.0
DALLAS_MAVERICKS,BOSTON_CELTICS,0,1,1,1.0
DALLAS_MAVERICKS,BOSTON_CELTICS,1,1,0,0.0
DALLAS_MAVERICKS,CHARLOTTE_HORNETS,0,1,0,0.0
DALLAS_MAVERICKS,CHICAGO_BULLS,1,1,1,1.0
DALLAS_MAVERICKS,CLEVELAND_CAVALIERS,0,1,0,0.0
DALLAS_MAVERICKS,CLEVELAND_CAVALIERS,1,1,0,0.0
DALLAS_MAVERICKS,DENVER_NUGGETS,0,2,1,0.5
DALLAS_MAVERICKS,DENVER_NUGGETS,1,2,0,0.0
DALLAS_MAVERICKS,DETROIT_PISTONS,0,1,0,0.0
DALLAS_MAVERICKS,GOLDEN_STATE_WARRIORS,0,2,1,0.5
DALLAS_MAVERICKS,GOLDEN_STATE_WARRIORS,1,1,1,1.0
DALLAS_MAVERICKS,HOUSTON_ROCKETS,0,1,0,0.0
DALLAS_MAVERICKS,HOUSTON_ROCKETS,1,2,1,0.5
DALLAS_MAVERICKS,INDIANA_PACERS,1,1,0,0.0
DALLAS_MAVERICKS,LOS_ANGELES_CLIPPERS,1,2,1,0.5
DALLAS_MAVERICKS,LOS_ANGELES_LAKERS,1,1,1,1.0
DALLAS_MAVERICKS,MEMPHIS_GRIZZLIES,0,1,0,0.0
DALLAS_MAVERICKS,MEMPHIS_GRIZZLIES,1,1,1,1.0
DALLAS_MAVERICKS,MIAMI_HEAT,0,1,0,0.0
DALLAS_MAVERICKS,MIAMI_HEAT,1,1,1,1.0
DALLAS_MAVERICKS,MINNESOTA_TIMBERWOLVES,0,1,1,1.0
DALLAS_MAVERICKS,MINNESOTA_TIMBERWOLVES,1,2,0,0.0
DALLAS_MAVERICKS,NEW_ORLEANS_PELICANS,0,2,1,0.5
DALLAS_MAVERICKS,NEW_ORLEANS_PELICANS,1,1,1,1.0
DALLAS_MAVERICKS,NEW_YORK_KNICKS,1,1,1,1.0
DALLAS_MAVERICKS,OKLAHOMA_CITY_THUNDER,0,3,2,0.6666666666666666
DALLAS_MAVERICKS,OKLAHOMA_CITY_THUNDER,1,1,1,1.0
DALLAS_MAVERICKS,ORLANDO_MAGIC,1,1,1,1.0
DALLAS_MAVERICKS,PHILADELPHIA_76ERS,0,1,0,0.0
DALLAS_MAVERICKS,PHOENIX_SUNS,0,2,1,0.5
DALLAS_MAVERICKS,PHOENIX_SUNS,1,1,0,0.0
DALLAS_MAVERICKS,PORTLAND_TRAIL_BLAZERS,0,2,1,0.5
DALLAS_MAVERICKS,PORTLAND_TRAIL_BLAZERS,1,2,2,1.0
DALLAS_MAVERICKS,SACRAMENTO_KINGS,0,1,0,0.0
DALLAS_MAVERICKS,SACRAMENTO_KINGS,1,1,0,0.0
DALLAS_MAVERICKS,SAN_ANTONIO_SPURS,1,2,2,1.0
DALLAS_MAVERICKS,TORONTO_RAPTORS,0,1,1,1.0
DALLAS_MAVERICKS,UTAH_JAZZ,0,2,1,0.5
DALLAS_MAVERICKS,UTAH_JAZZ,1,1,1,1.0
DALLAS_MAVERICKS,WASHINGTON_WIZARDS,0,1,1,1.0
DALLAS_MAVERICKS,WASHINGTON_WIZARDS,1,1,1,1.0
DENVER_NUGGETS,ATLANTA_HAWKS,0,1,1,1.0
DENVER_NUGGETS,ATLANTA_HAWKS,1,1,1,1.0
DENVER_NUGGETS,BOSTON_CELTICS,1,1,0,0.0
DENVER_NUGGETS,BROOKLYN_NETS,0,1,1,1.0
DENVER_NUGGETS,BROOKLYN_NETS,1,1,1,1.0
DENVER_NUGGETS,CHARLOTTE_HORNETS,0,1,1,1.0
DENVER_NUGGETS,CHICAGO_BULLS,0,1,0,0.0
DENVER_NUGGETS,CLEVELAND_CAVALIERS,0,1,0,0.0
DENVER_NUGGETS,CLEVELAND_CAVALIERS,1,1,0,0.0
DENVER_NUGGETS,DALLAS_MAVERICKS,0,2,2,1.0
DENVER_NUGGETS,DALLAS_MAVERICKS,1,2,1,0.5
DENVER_NUGGETS,DETROIT_PISTONS,1,1,1,1.0
DENVER_NUGGETS,GOLDEN_STATE_WARRIORS,1,1,1,1.0
DENVER_NUGGETS,HOUSTON_ROCKETS,1,1,0,0.0
DENVER_NUGGETS,LOS_ANGELES_CLIPPERS,0,1,0,0.0
DENVER_NUGGETS,LOS_ANGELES_CLIPPERS,1,3,2,0.6666666666666666
DENVER_NUGGETS,LOS_ANGELES_LAKERS,0,1,1,1.0
DENVER_NUGGETS,MEMPHIS_GRIZZLIES,0,2,1,0.5
DENVER_NUGGETS,MIAMI_HEAT,0,1,1,1.0
DENVER_NUGGETS,MIAMI_HEAT,1,1,1,1.0
DENVER_NUGGETS,MINNESOTA_TIMBERWOLVES,0,2,0,0.0
DENVER_NUGGETS,NEW_ORLEANS_PELICANS,0,2,1,0.5
DENVER_NUGGETS,NEW_ORLEANS_PELICANS,1,2,2,1.0
DENVER_NUGGETS,NEW_YORK_KNICKS,0,1,0,0.0
DENVER_NUGGETS,NEW_YORK_KNICKS,1,1,0,0.0
DENVER_NUGGETS,OKLAHOMA_CITY_THUNDER,1,2,1,0.5
DENVER_NUGGETS,ORLANDO_MAGIC,0,1,1,1.0
DENVER_NUGGETS,ORLANDO_MAGIC,1,1,1,1.0
DENVER_NUGGETS,PHILADELPHIA_76ERS,0,1,1,1.0
DENVER_NUGGETS,PHILADELPHIA_76ERS,1,1,1,1.0
DENVER_NUGGETS,PHOENIX_SUNS,0,2,1,0.5
DENVER_NUGGETS,PHOENIX_SUNS,1,1,1,1.0
DENVER_NUGGETS,PORTLAND_TRAIL_BLAZERS,0,1,0,0.0
DENVER_NUGGETS,PORTLAND_TRAIL_BLAZERS,1,2,2,1.0
DENVER_NUGGETS,SACRAMENTO_KINGS,0,1,1,1.0
DENVER_NUGGETS,SACRAMENTO_KINGS,1,1,1,1.0
DENVER_NUGGETS,SAN_ANTONIO_SPURS,0,1,1,1.0
DENVER_NUGGETS,SAN_ANTONIO_SPURS,1,1,0,0.0
DENVER_NUGGETS,TORONTO_RAPTORS,0,1,1,1.0
DENVER_NUGGETS,TORONTO_RAPTORS,1,1,1,1.0
DENVER_NUGGETS,UTAH_JAZZ,0,2,2,1.0
DENVER_NUGGETS,UTAH_JAZZ,1,1,1,1.0
DENVER_NUGGETS,WASHINGTON_WIZARDS,0,1,0,0.0
DETROIT_PISTONS,ATLANTA_HAWKS,0,1,1,1.0
DETROIT_PISTONS,ATLANTA_HAWKS,1,2,1,0.5
DETROIT_PISTONS,BOSTON_CELTICS,0,2,0,0.0
DETROIT_PISTONS,BOSTON_CELTICS,1,1,0,0.0
DETROIT_PISTONS,BROOKLYN_NETS,0,2,2,1.0
DETROIT_PISTONS,CHARLOTTE_HORNETS,0,2,0,0.0
DETROIT_PISTONS,CHARLOTTE_HORNETS,1,2,2,1.0
DETROIT_PISTONS,CHICAGO_BULLS,0,2,2,1.0
DETROIT_PISTONS,CHICAGO_BULLS,1,2,1,0.5
DETROIT_PISTONS,CLEVELAND_CAVALIERS,0,2,0,0.0
DETROIT_PISTONS,CLEVELAND_CAVALIERS,1,1,0,0.0
DETROIT_PISTONS,DALLAS_MAVERICKS,1,1,1,1.0
DETROIT_PISTONS,DENVER_NUGGETS,0,1,0,0.0
DETROIT_PISTONS,GOLDEN_STATE_WARRIORS,1,1,0,0.0
DETROIT_PISTONS,HOUSTON_ROCKETS,0,1,1,1.0
DETROIT_PISTONS,HOUSTON_ROCKETS,1,1,0,0.0
DETROIT_PISTONS,INDIANA_PACERS,0,2,1,0.5
DETROIT_PISTONS,INDIANA_PACERS,1,2,0,0.0
DETROIT_PISTONS,LOS_ANGELES_LAKERS,0,1,1,1.0
DETROIT_PISTONS,LOS_ANGELES_LAKERS,1,1,1,1.0
DETROIT_PISTONS,MEMPHIS_GRIZZLIES,0,1,0,0.0
DETROIT_PISTONS,MIAMI_HEAT,0,1,0,0.0
DETROIT_PISTONS,MIAMI_HEAT,1,2,2,1.0
DETROIT_PISTONS,MILWAUKEE_BUCKS,0,1,0,0.0
DETROIT_PISTONS,MILWAUKEE_BUCKS,1,1,0,0.0
DETROIT_PISTONS,MINNESOTA_TIMBERWOLVES,1,1,1,1.0
DETROIT_PISTONS,NEW_YORK_KNICKS,0,2,2,1.0
DETROIT_PISTONS,NEW_YORK_KNICKS,1,1,0,0.0
DETROIT_PISTONS,ORLANDO_MAGIC,0,2,0,0.0
DETROIT_PISTONS,ORLANDO_MAGIC,1,1,1,1.0
DETROIT_PISTONS,PHILADELPHIA_76ERS,0,1,1,1.0
DETROIT_PISTONS,PHILADELPHIA_76ERS,1,2,1,0.5
DETROIT_PISTONS,PHOENIX_SUNS,0,1,1,1.0
DETROIT_PISTONS,PHOENIX_SUNS,1,1,0,0.0
DETROIT_PISTONS,PORTLAND_TRAIL_BLAZERS,1,1,1,1.0
DETROIT_PISTONS,SACRAMENTO_KINGS,0,1,1,1.0
DETROIT_PISTONS,TORONTO_RAPTORS,0,1,1,1.0
DETROIT_PISTONS,TORONTO_RAPTORS,1,2,2,1.0
DETROIT_PISTONS,UTAH_JAZZ,1,1,0,0.0
DETROIT_PISTONS,WASHINGTON_WIZARDS,0,1,1,1.0
GOLDEN_STATE_WARRIORS,ATLANTA_HAWKS,1,1,1,1.0
GOLDEN_STATE_WARRIORS,BOSTON_CELTICS,0,1,1,1.0
GOLDEN_STATE_WARRIORS,BOSTON_CELTICS,1,1,0,0.0
GOLDEN_STATE_WARRIORS,BROOKLYN_NETS,1,1,0,0.0
GOLDEN_STATE_WARRIORS,CHICAGO_BULLS,0,1,1,1.0
GOLDEN_STATE_WARRIORS,CHICAGO_BULLS,1,1,1,1.0
GOLDEN_STATE_WARRIORS,CLEVELAND_CAVALIERS,0,1,0,0.0
GOLDEN_STATE_WARRIORS,CLEVELAND_CAVALIERS,1,1,0,0.0
GOLDEN_STATE_WARRIORS,DALLAS_MAVERICKS,0,1,0,0.0
GOLDEN_STATE_WARRIORS,DALLAS_MAVERICKS,1,2,1,0.5
GOLDEN_STATE_WARRIORS,DENVER_NUGGETS,0,1,0,0.0
GOLDEN_STATE_WARRIORS,DETROIT_PISTONS,0,1,1,1.0
GOLDEN_STATE_WARRIORS,HOUSTON_ROCKETS,0,3,2,0.6666666666666666
GOLDEN_STATE_WARRIORS,HOUSTON_ROCKETS,1,1,1,1.0
GOLDEN_STATE_WARRIORS,INDIANA_PACERS,0,1,0,0.0
GOLDEN_STATE_WARRIORS,INDIANA_PACERS,1,1,0,0.0
GOLDEN_STATE_WARRIORS,LOS_ANGELES_CLIPPERS,0,2,0,0.0
GOLDEN_STATE_WARRIORS,LOS_ANGELES_CLIPPERS,1,1,0,0.0
GOLDEN_STATE_WARRIORS,LOS_ANGELES_LAKERS,0,1,0,0.0
GOLDEN_STATE_WARRIORS,LOS_ANGELES_LAKERS,1,2,0,0.0
GOLDEN_STATE_WARRIORS,MEMPHIS_GRIZZLIES,0,1,0,0.0
GOLDEN_STATE_WARRIORS,MEMPHIS_GRIZZLIES,1,2,2,1.0
GOLDEN_STATE_WARRIORS,MIAMI_HEAT,1,1,0,0.0
GOLDEN_STATE_WARRIORS,MILWAUKEE_BUCKS,0,1,1,1.0
GOLDEN_STATE_WARRIORS,MINNESOTA_TIMBERWOLVES,0,2,2,1.0
GOLDEN_STATE_WARRIORS,MINNESOTA_TIMBERWOLVES,1,2,1,0.5
GOLDEN_STATE_WARRIORS,NEW_ORLEANS_PELICANS,0,1,1,1.0
GOLDEN_STATE_WARRIORS,NEW_ORLEANS_PELICANS,1,2,2,1.0
GOLDEN_STATE_WARRIORS,OKLAHOMA_CITY_THUNDER,0,1,1,1.0
GOLDEN_STATE_WARRIORS,OKLAHOMA_CITY_THUNDER,1,2,1,0.5
GOLDEN_STATE_WARRIORS,ORLANDO_MAGIC,1,1,1,1.0
GOLDEN_STATE_WARRIORS,PHILADELPHIA_76ERS,1,1,1,1.0
GOLDEN_STATE_WARRIORS,PHOENIX_SUNS,0,1,0,0.0
GOLDEN_STATE_WARRIORS,PHOENIX_SUNS,1,2,1,0.5
GOLDEN_STATE_WARRIORS,PORTLAND_TRAIL_BLAZERS,0,1,1,1.0
GOLDEN_STATE_WARRIORS,SACRAMENTO_KINGS,0,1,0,0.0
GOLDEN_STATE_WARRIORS,SACRAMENTO_KINGS,1,1,0,0.0
GOLDEN_STATE_WARRIORS,SAN_ANTONIO_SPURS,0,1,0,0.0
GOLDEN_STATE_WARRIORS,TORONTO_RAPTORS,0,1,0,0.0
GOLDEN_STATE_WARRIORS,UTAH_JAZZ,0,2,1,0.5
GOLDEN_STATE_WARRIORS,UTAH_JAZZ,1,1,1,1.0
GOLDEN_STATE_WARRIORS,WASHINGTON_WIZARDS,0,1,1,1.0
GOLDEN_STATE_WARRIORS,WASHINGTON_WIZARDS,1,1,1,1.0
HOUSTON_ROCKETS,ATLANTA_HAWKS,0,1,1,1.0
HOUSTON_ROCKETS,BOSTON_CELTICS,0,1,1,1.0
HOUSTON_ROCKETS,BOSTON_CELTICS,1,1,0,0.0
HOUSTON_ROCKETS,BROOKLYN_NETS,0,1,0,0.0
HOUSTON_ROCKETS,BROOKLYN_NETS,1,1,0,0.0
HOUSTON_ROCKETS,CHARLOTTE_HORNETS,0,1,1,1.0
HOUSTON_ROCKETS,CHARLOTTE_HORNETS,1,1,0,0.0
HOUSTON_ROCKETS,CHICAGO_BULLS,0,1,1,1.0
HOUSTON_ROCKETS,CLEVELAND_CAVALIERS,0,1,1,1.0
HOUSTON_ROCKETS,CLEVELAND_CAVALIERS,1,1,1,1.0
HOUSTON_ROCKETS,DALLAS_MAVERICKS,0,2,1,0.5
HOUSTON_ROCKETS,DALLAS_MAVERICKS,1,1,1,1.0
HOUSTON_ROCKETS,DENVER_NUGGETS,0,1,1,1.0
HOUSTON_ROCKETS,DETROIT_PISTONS,0,1,1,1.0
HOUSTON_ROCKETS,DETROIT_PISTONS,1,1,0,0.0
HOUSTON_ROCKETS,GOLDEN_STATE_WARRIORS,0,1,0,0.0
HOUSTON_ROCKETS,GOLDEN_STATE_WARRIORS,1,3,1,0.3333333333333333
HOUSTON_ROCKETS,INDIANA_PACERS,1,1,1,1.0
HOUSTON_ROCKETS,LOS_ANGELES_CLIPPERS,0,1,1,1.0
HOUSTON_ROCKETS,LOS_ANGELES_CLIPPERS,1,2,2,1.0
HOUSTON_ROCKETS,LOS_ANGELES_LAKERS,1,1,1,1.0
HOUSTON_ROCKETS,MEMPHIS_GRIZZLIES,0,2,1,0.5
HOUSTON_ROCKETS,MEMPHIS_GRIZZLIES,1,2,2,1.0
HOUSTON_ROCKETS,MIAMI_HEAT,1,1,0,0.0
HOUSTON_ROCKETS,MILWAUKEE_BUCKS,0,1,0,0.0
HOUSTON_ROCKETS,MINNESOTA_TIMBERWOLVES,0,2,1,0.5
HOUSTON_ROCKETS,MINNESOTA_TIMBERWOLVES,1,1,0,0.0
HOUSTON_ROCKETS,NEW_ORLEANS_PELICANS,0,1,1,1.0
HOUSTON_ROCKETS,NEW_ORLEANS_PELICANS,1,1,1,1.0
HOUSTON_ROCKETS,NEW_YORK_KNICKS,0,1,0,0.0
HOUSTON_ROCKETS,NEW_YORK_KNICKS,1,1,1,1.0
HOUSTON_ROCKETS,OKLAHOMA_CITY_THUNDER,0,2,0,0.0
HOUSTON_ROCKETS,OKLAHOMA_CITY_THUNDER,1,1,1,1.0
HOUSTON_ROCKETS,PHILADELPHIA_76ERS,0,1,1,1.0
HOUSTON_ROCKETS,PHOENIX_SUNS,1,1,1,1.0
HOUSTON_ROCKETS,PORTLAND_TRAIL_BLAZERS,0,1,1,1.0
HOUSTON_ROCKETS,PORTLAND_TRAIL_BLAZERS,1,2,1,0.5
HOUSTON_ROCKETS,SACRAMENTO_KINGS,0,2,0,0.0
HOUSTON_ROCKETS,SAN_ANTONIO_SPURS,0,2,1,0.5
HOUSTON_ROCKETS,SAN_ANTONIO_SPURS,1,1,1,1.0
HOUSTON_ROCKETS,TORONTO_RAPTORS,0,1,1,1.0
HOUSTON_ROCKETS,TORONTO_RAPTORS,1,1,1,1.0
HOUSTON_ROCKETS,WASHINGTON_WIZARDS,0,1,1,1.0
HOUSTON_ROCKETS,WASHINGTON_WIZARDS,1,1,1,1.0
INDIANA_PACERS,ATLANTA_HAWKS,1,1,1,1.0
INDIANA_PACERS,BOSTON_CELTICS,0,2,1,0.5
INDIANA_PACERS,BOSTON_CELTICS,1,1,1,1.0
INDIANA_PACERS,BROOKLYN_NETS,0,2,1,0.5
INDIANA_PACERS,CHARLOTTE_HORNETS,0,1,0,0.0
INDIANA_PACERS,CHARLOTTE_HORNETS,1,1,0,0.0
INDIANA_PACERS,CHICAGO_BULLS,0,1,1,1.0
INDIANA_PACERS,CHICAGO_BULLS,1,1,1,1.0
INDIANA_PACERS,CLEVELAND_CAVALIERS,0,1,1,1.0
INDIANA_PACERS,CLEVELAND_CAVALIERS,1,1,0,0.0
INDIANA_PACERS,DALLAS_MAVERICKS,0,1,1,1.0
INDIANA_PACERS,DETROIT_PISTONS,0,2,2,1.0
INDIANA_PACERS,DETROIT_PISTONS,1,2,1,0.5
INDIANA_PACERS,GOLDEN_STATE_WARRIORS,0,1,1,1.0
INDIANA_PACERS,GOLDEN_STATE_WARRIORS,1,1,1,1.0
INDIANA_PACERS,HOUSTON_ROCKETS,0,1,0,0.0
INDIANA_PACERS,LOS_ANGELES_CLIPPERS,0,1,1,1.0
INDIANA_PACERS,LOS_ANGELES_LAKERS,0,1,0,0.0
INDIANA_PACERS,MEMPHIS_GRIZZLIES,0,1,0,0.0
INDIANA_PACERS,MIAMI_HEAT,0,1,1,1.0
INDIANA_PACERS,MIAMI_HEAT,1,2,1,0.5
INDIANA_PACERS,MILWAUKEE_BUCKS,0,1,0,0.0
INDIANA_PACERS,MILWAUKEE_BUCKS,1,1,0,0.0
INDIANA_PACERS,NEW_ORLEANS_PELICANS,0,1,0,0.0
INDIANA_PACERS,NEW_ORLEANS_PELICANS,1,2,2,1.0
INDIANA_PACERS,NEW_YORK_KNICKS,0,1,0,0.0
INDIANA_PACERS,NEW_YORK_KNICKS,1,2,1,0.5
INDIANA_PACERS,OKLAHOMA_CITY_THUNDER,1,1,0,0.0
INDIANA_PACERS,ORLANDO_MAGIC,0,2,0,0.0
INDIANA_PACERS,ORLANDO_MAGIC,1,1,1,1.0
INDIANA_PACERS,PHILADELPHIA_76ERS,0,1,1,1.0
INDIANA_PACERS,PHILADELPHIA_76ERS,1,2,1,0.5
INDIANA_PACERS,PHOENIX_SUNS,0,1,1,1.0
INDIANA_PACERS,PHOENIX_SUNS,1,1,1,1.0
INDIANA_PACERS,PORTLAND_TRAIL_BLAZERS,0,1,0,0.0
INDIANA_PACERS,PORTLAND_TRAIL_BLAZERS,1,1,1,1.0
INDIANA_PACERS,SACRAMENTO_KINGS,0,1,1,1.0
INDIANA_PACERS,SAN_ANTONIO_SPURS,0,1,1,1.0
INDIANA_PACERS,SAN_ANTONIO_SPURS,1,1,0,0.0
INDIANA_PACERS,TORONTO_RAPTORS,0,2,0,0.0
INDIANA_PACERS,UTAH_JAZZ,0,1,1,1.0
INDIANA_PACERS,WASHINGTON_WIZARDS,0,1,1,1.0
INDIANA_PACERS,WASHINGTON_WIZARDS,1,1,1,1.0
LOS_ANGELES_CLIPPERS,ATLANTA_HAWKS,1,1,1,1.0
LOS_ANGELES_CLIPPERS,BOSTON_CELTICS,0,1,0,0.0
LOS_ANGELES_CLIPPERS,BOSTON_CELTICS,1,1,0,0.0
LOS_ANGELES_CLIPPERS,BROOKLYN_NETS,1,1,1,1.0
LOS_ANGELES_CLIPPERS,CHARLOTTE_HORNETS,0,1,1,1.0
LOS_ANGELES_CLIPPERS,CHICAGO_BULLS,1,1,0,0.0
LOS_ANGELES_CLIPPERS,DALLAS_MAVERICKS,0,2,1,0.5
LOS_ANGELES_CLIPPERS,DENVER_NUGGETS,0,3,1,0.3333333333333333
LOS_ANGELES_CLIPPERS,DENVER_NUGGETS,1,1,1,1.0
LOS_ANGELES_CLIPPERS,GOLDEN_STATE_WARRIORS,0,1,1,1.0
LOS_ANGELES_CLIPPERS,GOLDEN_STATE_WARRIORS,1,2,2,1.0
LOS_ANGELES_CLIPPERS,HOUSTON_ROCKETS,0,2,0,0.0
LOS_ANGELES_CLIPPERS,HOUSTON_ROCKETS,1,1,0,0.0
LOS_ANGELES_CLIPPERS,INDIANA_PACERS,1,1,0,0.0
LOS_ANGELES_CLIPPERS,LOS_ANGELES_LAKERS,1,2,1,0.5
LOS_ANGELES_CLIPPERS,MEMPHIS_GRIZZLIES,0,1,1,1.0
LOS_ANGELES_CLIPPERS,MEMPHIS_GRIZZLIES,1,1,1,1.0
LOS_ANGELES_CLIPPERS,MIAMI_HEAT,1,1,1,1.0
LOS_ANGELES_CLIPPERS,MILWAUKEE_BUCKS,1,1,1,1.0
LOS_ANGELES_CLIPPERS,MINNESOTA_TIMBERWOLVES,0,2,0,0.0
LOS_ANGELES_CLIPPERS,MINNESOTA_TIMBERWOLVES,1,1,0,0.0
LOS_ANGELES_CLIPPERS,NEW_ORLEANS_PELICANS,0,1,1,1.0
LOS_ANGELES_CLIPPERS,OKLAHOMA_CITY_THUNDER,0,2,0,0.0
LOS_ANGELES_CLIPPERS,OKLAHOMA_CITY_THUNDER,1,1,0,0.0
LOS_ANGELES_CLIPPERS,ORLANDO_MAGIC,1,1,1,1.0
LOS_ANGELES_CLIPPERS,PHILADELPHIA_76ERS,0,1,1,1.0
LOS_ANGELES_CLIPPERS,PHILADELPHIA_76ERS,1,1,1,1.0
LOS_ANGELES_CLIPPERS,PHOENIX_SUNS,0,1,0,0.0
LOS_ANGELES_CLIPPERS,PHOENIX_SUNS,1,2,0,0.0
LOS_ANGELES_CLIPPERS,PORTLAND_TRAIL_BLAZERS,0,1,1,1.0
LOS_ANGELES_CLIPPERS,PORTLAND_TRAIL_BLAZERS,1,2,1,0.5
LOS_ANGELES_CLIPPERS,SACRAMENTO_KINGS,0,1,1,1.0
LOS_ANGELES_CLIPPERS,SACRAMENTO_KINGS,1,1,1,1.0
LOS_ANGELES_CLIPPERS,SAN_ANTONIO_SPURS,0,2,1,0.5
LOS_ANGELES_CLIPPERS,SAN_ANTONIO_SPURS,1,1,1,1.0
LOS_ANGELES_CLIPPERS,TORONTO_RAPTORS,0,1,0,0.0
LOS_ANGELES_CLIPPERS,TORONTO_RAPTORS,1,1,1,1.0
LOS_ANGELES_CLIPPERS,UTAH_JAZZ,0,1,1,1.0
LOS_ANGELES_CLIPPERS,UTAH_JAZZ,1,3,3,1.0
LOS_ANGELES_CLIPPERS,WASHINGTON_WIZARDS,0,1,1,1.0
LOS_ANGELES_CLIPPERS,WASHINGTON_WIZARDS,1,1,1,1.0
LOS_ANGELES_LAKERS,ATLANTA_HAWKS,0,1,0,0.0
LOS_ANGELES_LAKERS,ATLANTA_HAWKS,1,1,1,1.0
LOS_ANGELES_LAKERS,BOSTON_CELTICS,1,1,1,1.0
LOS_ANGELES_LAKERS,BROOKLYN_NETS,1,1,1,1.0
LOS_ANGELES_LAKERS,CHARLOTTE_HORNETS,0,1,1,1.0
LOS_ANGELES_LAKERS,CLEVELAND_CAVALIERS,0,1,0,0.0
LOS_ANGELES_LAKERS,CLEVELAND_CAVALIERS,1,1,0,0.0
LOS_ANGELES_LAKERS,DALLAS_MAVERICKS,0,1,0,0.0
LOS_ANGELES_LAKERS,DENVER_NUGGETS,1,1,0,0.0
LOS_ANGELES_LAKERS,DETROIT_PISTONS,0,1,0,0.0
LOS_ANGELES_LAKERS,DETROIT_PISTONS,1,1,0,0.0
LOS_ANGELES_LAKERS,GOLDEN_STATE_WARRIORS,0,2,2,1.0
LOS_ANGELES_LAKERS,GOLDEN_STATE_WARRIORS,1,1,1,1.0
LOS_ANGELES_LAKERS,HOUSTON_ROCKETS,0,1,0,0.0
LOS_ANGELES_LAKERS,INDIANA_PACERS,1,1,1,1.0
LOS_ANGELES_LAKERS,LOS_ANGELES_CLIPPERS,0,2,1,0.5
LOS_ANGELES_LAKERS,MEMPHIS_GRIZZLIES,0,1,0,0.0
LOS_ANGELES_LAKERS,MEMPHIS_GRIZZLIES,1,2,2,1.0
LOS_ANGELES_LAKERS,MIAMI_HEAT,0,1,0,0.0
LOS_ANGELES_LAKERS,MIAMI_HEAT,1,1,1,1.0
LOS_ANGELES_LAKERS,MINNESOTA_TIMBERWOLVES,0,2,0,0.0
LOS_ANGELES_LAKERS,MINNESOTA_TIMBERWOLVES,1,1,1,1.0
LOS_ANGELES_LAKERS,NEW_ORLEANS_PELICANS,0,1,1,1.0
LOS_ANGELES_LAKERS,NEW_YORK_KNICKS,0,1,1,1.0
LOS_ANGELES_LAKERS,OKLAHOMA_CITY_THUNDER,1,1,0,0.0
LOS_ANGELES_LAKERS,ORLANDO_MAGIC,1,1,0,0.0
LOS_ANGELES_LAKERS,PHILADELPHIA_76ERS,0,1,0,0.0
LOS_ANGELES_LAKERS,PHILADELPHIA_76ERS,1,1,1,1.0
LOS_ANGELES_LAKERS,PHOENIX_SUNS,0,2,0,0.0
LOS_ANGELES_LAKERS,PHOENIX_SUNS,1,1,1,1.0
LOS_ANGELES_LAKERS,PORTLAND_TRAIL_BLAZERS,1,2,2,1.0
LOS_ANGELES_LAKERS,SACRAMENTO_KINGS,0,2,2,1.0
LOS_ANGELES_LAKERS,SACRAMENTO_KINGS,1,2,2,1.0
LOS_ANGELES_LAKERS,SAN_ANTONIO_SPURS,0,2,2,1.0
LOS_ANGELES_LAKERS,SAN_ANTONIO_SPURS,1,1,0,0.0
LOS_ANGELES_LAKERS,TORONTO_RAPTORS,0,1,1,1.0
LOS_ANGELES_LAKERS,TORONTO_RAPTORS,1,1,1,1.0
LOS_ANGELES_LAKERS,UTAH_JAZZ,0,2,1,0.5
LOS_ANGELES_LAKERS,UTAH_JAZZ,1,2,2,1.0
LOS_ANGELES_LAKERS,WASHINGTON_WIZARDS,0,1,1,1.0
LOS_ANGELES_LAKERS,WASHINGTON_WIZARDS,1,1,1,1.0
MEMPHIS_GRIZZLIES,ATLANTA_HAWKS,0,1,1,1.0
MEMPHIS_GRIZZLIES,BOSTON_CELTICS,0,1,1,1.0
MEMPHIS_GRIZZLIES,BROOKLYN_NETS,0,1,0,0.0
MEMPHIS_GRIZZLIES,BROOKLYN_NETS,1,2,1,0.5
MEMPHIS_GRIZZLIES,CHARLOTTE_HORNETS,1,1,1,1.0
MEMPHIS_GRIZZLIES,CHICAGO_BULLS,0,1,1,1.0
MEMPHIS_GRIZZLIES,CHICAGO_BULLS,1,1,0,0.0
MEMPHIS_GRIZZLIES,DALLAS_MAVERICKS,0,1,0,0.0
MEMPHIS_GRIZZLIES,DALLAS_MAVERICKS,1,1,1,1.0
MEMPHIS_GRIZZLIES,DENVER_NUGGETS,1,2,1,0.5
MEMPHIS_GRIZZLIES,DETROIT_PISTONS,1,1,1,1.0
MEMPHIS_GRIZZLIES,GOLDEN_STATE_WARRIORS,0,2,0,0.0
MEMPHIS_GRIZZLIES,GOLDEN_STATE_WARRIORS,1,1,1,1.0
MEMPHIS_GRIZZLIES,HOUSTON_ROCKETS,0,2,0,0.0
MEMPHIS_GRIZZLIES,HOUSTON_ROCKETS,1,2,1,0.5
MEMPHIS_GRIZZLIES,INDIANA_PACERS,1,1,1,1.0
MEMPHIS_GRIZZLIES,LOS_ANGELES_CLIPPERS,0,1,0,0.0
MEMPHIS_GRIZZLIES,LOS_ANGELES_CLIPPERS,1,1,0,0.0
MEMPHIS_GRIZZLIES,LOS_ANGELES_LAKERS,0,2,0,0.0
MEMPHIS_GRIZZLIES,LOS_ANGELES_LAKERS,1,1,1,1.0
MEMPHIS_GRIZZLIES,MILWAUKEE_BUCKS,0,1,1,1.0
MEMPHIS_GRIZZLIES,MILWAUKEE_BUCKS,1,1,1,1.0
MEMPHIS_GRIZZLIES,MINNESOTA_TIMBERWOLVES,0,1,1,1.0
MEMPHIS_GRIZZLIES,MINNESOTA_TIMBERWOLVES,1,1,1,1.0
MEMPHIS_GRIZZLIES,NEW_ORLEANS_PELICANS,0,1,1,1.0
MEMPHIS_GRIZZLIES,NEW_ORLEANS_PELICANS,1,2,2,1.0
MEMPHIS_GRIZZLIES,NEW_YORK_KNICKS,0,1,0,0.0
MEMPHIS_GRIZZLIES,OKLAHOMA_CITY_THUNDER,0,1,0,0.0
MEMPHIS_GRIZZLIES,OKLAHOMA_CITY_THUNDER,1,1,0,0.0
MEMPHIS_GRIZZLIES,ORLANDO_MAGIC,1,1,1,1.0
MEMPHIS_GRIZZLIES,PHILADELPHIA_76ERS,0,1,1,1.0
MEMPHIS_GRIZZLIES,PHILADELPHIA_76ERS,1,1,1,1.0
MEMPHIS_GRIZZLIES,PHOENIX_SUNS,0,2,2,1.0
MEMPHIS_GRIZZLIES,PORTLAND_TRAIL_BLAZERS,0,1,1,1.0
MEMPHIS_GRIZZLIES,PORTLAND_TRAIL_BLAZERS,1,1,1,1.0
MEMPHIS_GRIZZLIES,SACRAMENTO_KINGS,0,1,0,0.0
MEMPHIS_GRIZZLIES,SACRAMENTO_KINGS,1,1,1,1.0
MEMPHIS_GRIZZLIES,SAN_ANTONIO_SPURS,0,2,2,1.0
MEMPHIS_GRIZZLIES,SAN_ANTONIO_SPURS,1,1,1,1.0
MEMPHIS_GRIZZLIES,TORONTO_RAPTORS,0,1,1,1.0
MEMPHIS_GRIZZLIES,TORONTO_RAPTORS,1,1,1,1.0
MEMPHIS_GRIZZLIES,UTAH_JAZZ,0,1,1,1.0
MEMPHIS_GRIZZLIES,UTAH_JAZZ,1,1,1,1.0
MEMPHIS_GRIZZLIES,WASHINGTON_WIZARDS,0,1,1,1.0
MEMPHIS_GRIZZLIES,WASHINGTON_WIZARDS,1,1,1,1.0
MIAMI_HEAT,ATLANTA_HAWKS,0,1,0,0.0
MIAMI_HEAT,BOSTON_CELTICS,0,1,0,0.0
MIAMI_HEAT,BOSTON_CELTICS,1,1,0,0.0
MIAMI_HEAT,BROOKLYN_NETS,0,2,1,0.5
MIAMI_HEAT,BROOKLYN_NETS,1,1,1,1.0
MIAMI_HEAT,CHARLOTTE_HORNETS,0,2,2,1.0
MIAMI_HEAT,CHICAGO_BULLS,0,1,0,0.0
MIAMI_HEAT,CLEVELAND_CAVALIERS,1,2,1,0.5
MIAMI_HEAT,DALLAS_MAVERICKS,0,1,0,0.0
MIAMI_HEAT,DALLAS_MAVERICKS,1,1,1,1.0
MIAMI_HEAT,DENVER_NUGGETS,0,1,0,0.0
MIAMI_HEAT,DENVER_NUGGETS,1,1,0,0.0
MIAMI_HEAT,DETROIT_PISTONS,0,2,0,0.0
MIAMI_HEAT,DETROIT_PISTONS,1,1,1,1.0
MIAMI_HEAT,GOLDEN_STATE_WARRIORS,0,1,1,1.0
MIAMI_HEAT,HOUSTON_ROCKETS,0,1,1,1.0
MIAMI_HEAT,INDIANA_PACERS,0,2,1,0.5
MIAMI_HEAT,INDIANA_PACERS,1,1,0,0.0
MIAMI_HEAT,LOS_ANGELES_CLIPPERS,0,1,0,0.0
MIAMI_HEAT,LOS_ANGELES_LAKERS,0,1,0,0.0
MIAMI_HEAT,LOS_ANGELES_LAKERS,1,1,1,1.0
MIAMI_HEAT,MILWAUKEE_BUCKS,0,1,0,0.0
MIAMI_HEAT,MILWAUKEE_BUCKS,1,1,0,0.0
MIAMI_HEAT,MINNESOTA_TIMBERWOLVES,0,1,1,1.0
MIAMI_HEAT,NEW_ORLEANS_PELICANS,1,1,1,1.0
MIAMI_HEAT,NEW_YORK_KNICKS,1,1,0,0.0
MIAMI_HEAT,OKLAHOMA_CITY_THUNDER,0,1,0,0.0
MIAMI_HEAT,OKLAHOMA_CITY_THUNDER,1,1,0,0.0
MIAMI_HEAT,ORLANDO_MAGIC,0,2,1,0.5
MIAMI_HEAT,ORLANDO_MAGIC,1,2,1,0.5
MIAMI_HEAT,PHILADELPHIA_76ERS,0,1,1,1.0
MIAMI_HEAT,PHILADELPHIA_76ERS,1,1,1,1.0
MIAMI_HEAT,PHOENIX_SUNS,0,1,0,0.0
MIAMI_HEAT,PHOENIX_SUNS,1,1,1,1.0
MIAMI_HEAT,PORTLAND_TRAIL_BLAZERS,0,1,1,1.0
MIAMI_HEAT,PORTLAND_TRAIL_BLAZERS,1,1,0,0.0
MIAMI_HEAT,SACRAMENTO_KINGS,0,1,0,0.0
MIAMI_HEAT,SACRAMENTO_KINGS,1,1,0,0.0
MIAMI_HEAT,SAN_ANTONIO_SPURS,0,1,1,1.0
MIAMI_HEAT,SAN_ANTONIO_SPURS,1,1,1,1.0
MIAMI_HEAT,TORONTO_RAPTORS,0,1,0,0.0
MIAMI_HEAT,TORONTO_RAPTORS,1,2,2,1.0
MIAMI_HEAT,UTAH_JAZZ,0,1,1,1.0
MIAMI_HEAT,UTAH_JAZZ,1,1,0,0.0
MIAMI_HEAT,WASHINGTON_WIZARDS,0,1,1,1.0
MILWAUKEE_BUCKS,ATLANTA_HAWKS,0,1,0,0.0
MILWAUKEE_BUCKS,ATLANTA_HAWKS,1,2,1,0.5
MILWAUKEE_BUCKS,BOSTON_CELTICS,0,2,0,0.0
MILWAUKEE_BUCKS,BOSTON_CELTICS,1,1,0,0.0
MILWAUKEE_BUCKS,BROOKLYN_NETS,0,2,1,0.5
MILWAUKEE_BUCKS,BROOKLYN_NETS,1,2,0,0.0
MILWAUKEE_BUCKS,CHARLOTTE_HORNETS,0,2,1,0.5
MILWAUKEE_BUCKS,CHARLOTTE_HORNETS,1,1,1,1.0
MILWAUKEE_BUCKS,CHICAGO_BULLS,0,2,1,0.5
MILWAUKEE_BUCKS,CHICAGO_BULLS,1,2,1,0.5
MILWAUKEE_BUCKS,CLEVELAND_CAVALIERS,0,2,0,0.0
MILWAUKEE_BUCKS,CLEVELAND_CAVALIERS,1,1,0,0.0
MILWAUKEE_BUCKS,DETROIT_PISTONS,0,1,1,1.0
MILWAUKEE_BUCKS,DETROIT_PISTONS,1,1,1,1.0
MILWAUKEE_BUCKS,GOLDEN_STATE_WARRIORS,1,1,0,0.0
MILWAUKEE_BUCKS,HOUSTON_ROCKETS,1,1,1,1.0
MILWAUKEE_BUCKS,INDIANA_PACERS,0,1,1,1.0
MILWAUKEE_BUCKS,INDIANA_PACERS,1,1,1,1.0
MILWAUKEE_BUCKS,LOS_ANGELES_CLIPPERS,0,1,0,0.0
MILWAUKEE_BUCKS,MEMPHIS_GRIZZLIES,0,1,0,0.0
MILWAUKEE_BUCKS,MEMPHIS_GRIZZLIES,1,1,0,0.0
MILWAUKEE_BUCKS,MIAMI_HEAT,0,1,1,1.0
MILWAUKEE_BUCKS,MIAMI_HEAT,1,1,1,1.0
MILWAUKEE_BUCKS,MINNESOTA_TIMBERWOLVES,0,1,1,1.0
MILWAUKEE_BUCKS,NEW_YORK_KNICKS,0,2,0,0.0
MILWAUKEE_BUCKS,OKLAHOMA_CITY_THUNDER,0,2,1,0.5
MILWAUKEE_BUCKS,ORLANDO_MAGIC,0,1,1,1.0
MILWAUKEE_BUCKS,ORLANDO_MAGIC,1,2,2,1.0
MILWAUKEE_BUCKS,PHILADELPHIA_76ERS,0,1,1,1.0
MILWAUKEE_BUCKS,PHILADELPHIA_76ERS,1,2,2,1.0
MILWAUKEE_BUCKS,PORTLAND_TRAIL_BLAZERS,0,1,0,0.0
MILWAUKEE_BUCKS,PORTLAND_TRAIL_BLAZERS,1,1,0,0.0
MILWAUKEE_BUCKS,SACRAMENTO_KINGS,1,1,1,1.0
MILWAUKEE_BUCKS,SAN_ANTONIO_SPURS,0,1,0,0.0
MILWAUKEE_BUCKS,SAN_ANTONIO_SPURS,1,1,1,1.0
MILWAUKEE_BUCKS,TORONTO_RAPTORS,0,1,1,1.0
MILWAUKEE_BUCKS,TORONTO_RAPTORS,1,2,2,1.0
MILWAUKEE_BUCKS,UTAH_JAZZ,0,1,1,1.0
MILWAUKEE_BUCKS,UTAH_JAZZ,1,1,1,1.0
MILWAUKEE_BUCKS,WASHINGTON_WIZARDS,1,2,2,1.0
MINNESOTA_TIMBERWOLVES,ATLANTA_HAWKS,0,1,0,0.0
MINNESOTA_TIMBERWOLVES,ATLANTA_HAWKS,1,1,1,1.0
MINNESOTA_TIMBERWOLVES,BOSTON_CELTICS,0,1,0,0.0
MINNESOTA_TIMBERWOLVES,BOSTON_CELTICS,1,1,0,0.0
MINNESOTA_TIMBERWOLVES,CHARLOTTE_HORNETS,1,1,1,1.0
MINNESOTA_TIMBERWOLVES,CHICAGO_BULLS,0,1,1,1.0
MINNESOTA_TIMBERWOLVES,CHICAGO_BULLS,1,1,1,1.0
MINNESOTA_TIMBERWOLVES,CLEVELAND_CAVALIERS,0,1,0,0.0
MINNESOTA_TIMBERWOLVES,CLEVELAND_CAVALIERS,1,1,0,0.0
MINNESOTA_TIMBERWOLVES,DALLAS_MAVERICKS,0,2,2,1.0
MINNESOTA_TIMBERWOLVES,DALLAS_MAVERICKS,1,1,0,0.0
MINNESOTA_TIMBERWOLVES,DENVER_NUGGETS,1,2,2,1.0
MINNESOTA_TIMBERWOLVES,DETROIT_PISTONS,0,1,0,0.0
MINNESOTA_TIMBERWOLVES,GOLDEN_STATE_WARRIORS,0,2,1,0.5
MINNESOTA_TIMBERWOLVES,GOLDEN_STATE_WARRIORS,1,2,0,0.0
MINNESOTA_TIMBERWOLVES,HOUSTON_ROCKETS,0,1,1,1.0
MINNESOTA_TIMBERWOLVES,HOUSTON_ROCKETS,1,2,1,0.5
MINNESOTA_TIMBERWOLVES,LOS_ANGELES_CLIPPERS,0,1,1,1.0
MINNESOTA_TIMBERWOLVES,LOS_ANGELES_CLIPPERS,1,2,2,1.0
MINNESOTA_TIMBERWOLVES,LOS_ANGELES_LAKERS,0,1,0,0.0
MINNESOTA_TIMBERWOLVES,LOS_ANGELES_LAKERS,1,2,2,1.0
MINNESOTA_TIMBERWOLVES,MEMPHIS_GRIZZLIES,0,1,0,0.0
MINNESOTA_TIMBERWOLVES,MEMPHIS_GRIZZLIES,1,1,0,0.0
MINNESOTA_TIMBERWOLVES,MIAMI_HEAT,1,1,0,0.0
MINNESOTA_TIMBERWOLVES,MILWAUKEE_BUCKS,1,1,0,0.0
MINNESOTA_TIMBERWOLVES,NEW_ORLEANS_PELICANS,0,1,1,1.0
MINNESOTA_TIMBERWOLVES,NEW_YORK_KNICKS,0,1,1,1.0
MINNESOTA_TIMBERWOLVES,NEW_YORK_KNICKS,1,1,0,0.0
MINNESOTA_TIMBERWOLVES,OKLAHOMA_CITY_THUNDER,0,1,0,0.0
MINNESOTA_TIMBERWOLVES,OKLAHOMA_CITY_THUNDER,1,1,1,1.0
MINNESOTA_TIMBERWOLVES,ORLANDO_MAGIC,0,1,1,1.0
MINNESOTA_TIMBERWOLVES,PHOENIX_SUNS,0,1,1,1.0
MINNESOTA_TIMBERWOLVES,PHOENIX_SUNS,1,1,1,1.0
MINNESOTA_TIMBERWOLVES,PORTLAND_TRAIL_BLAZERS,0,2,0,0.0
MINNESOTA_TIMBERWOLVES,PORTLAND_TRAIL_BLAZERS,1,2,2,1.0
MINNESOTA_TIMBERWOLVES,SACRAMENTO_KINGS,0,2,2,1.0
MINNESOTA_TIMBERWOLVES,SACRAMENTO_KINGS,1,2,0,0.0
MINNESOTA_TIMBERWOLVES,SAN_ANTONIO_SPURS,0,2,1,0.5
MINNESOTA_TIMBERWOLVES,SAN_ANTONIO_SPURS,1,1,1,1.0
MINNESOTA_TIMBERWOLVES,TORONTO_RAPTORS,0,1,0,0.0
MINNESOTA_TIMBERWOLVES,TORONTO_RAPTORS,1,1,1,1.0
MINNESOTA_TIMBERWOLVES,UTAH_JAZZ,0,1,1,1.0
MINNESOTA_TIMBERWOLVES,WASHINGTON_WIZARDS,0,1,1,1.0
MINNESOTA_TIMBERWOLVES,WASHINGTON_WIZARDS,1,1,0,0.0
NEW_ORLEANS_PELICANS,ATLANTA_HAWKS,0,1,0,0.0
NEW_ORLEANS_PELICANS,ATLANTA_HAWKS,1,1,0,0.0
NEW_ORLEANS_PELICANS,BOSTON_CELTICS,0,1,0,0.0
NEW_ORLEANS_PELICANS,BOSTON_CELTICS,1,1,0,0.0
NEW_ORLEANS_PELICANS,BROOKLYN_NETS,1,1,0,0.0
NEW_ORLEANS_PELICANS,CHARLOTTE_HORNETS,0,1,0,0.0
NEW_ORLEANS_PELICANS,CHICAGO_BULLS,0,1,1,1.0
NEW_ORLEANS_PELICANS,CHICAGO_BULLS,1,1,1,1.0
NEW_ORLEANS_PELICANS,CLEVELAND_CAVALIERS,0,1,0,0.0
NEW_ORLEANS_PELICANS,CLEVELAND_CAVALIERS,1,1,0,0.0
NEW_ORLEANS_PELICANS,DALLAS_MAVERICKS,0,1,0,0.0
NEW_ORLEANS_PELICANS,DALLAS_MAVERICKS,1,2,1,0.5
NEW_ORLEANS_PELICANS,DENVER_NUGGETS,0,2,0,0.0
NEW_ORLEANS_PELICANS,DENVER_NUGGETS,1,2,1,0.5
NEW_ORLEANS_PELICANS,GOLDEN_STATE_WARRIORS,0,2,0,0.0
NEW_ORLEANS_PELICANS,GOLDEN_STATE_WARRIORS,1,1,0,0.0
NEW_ORLEANS_PELICANS,HOUSTON_ROCKETS,0,1,0,0.0
NEW_ORLEANS_PELICANS,HOUSTON_ROCKETS,1,1,0,0.0
NEW_ORLEANS_PELICANS,INDIANA_PACERS,0,2,0,0.0
NEW_ORLEANS_PELICANS,INDIANA_PACERS,1,1,1,1.0
NEW_ORLEANS_PELICANS,LOS_ANGELES_CLIPPERS,1,1,0,0.0
NEW_ORLEANS_PELICANS,LOS_ANGELES_LAKERS,1,1,0,0.0
NEW_ORLEANS_PELICANS,MEMPHIS_GRIZZLIES,0,2,0,0.0
NEW_ORLEANS_PELICANS,MEMPHIS_GRIZZLIES,1,1,0,0.0
NEW_ORLEANS_PELICANS,MIAMI_HEAT,0,1,0,0.0
NEW_ORLEANS_PELICANS,MINNESOTA_TIMBERWOLVES,1,1,0,0.0
NEW_ORLEANS_PELICANS,NEW_YORK_KNICKS,0,1,0,0.0
NEW_ORLEANS_PELICANS,NEW_YORK_KNICKS,1,1,0,0.0
NEW_ORLEANS_PELICANS,OKLAHOMA_CITY_THUNDER,0,2,0,0.0
NEW_ORLEANS_PELICANS,OKLAHOMA_CITY_THUNDER,1,1,0,0.0
NEW_ORLEANS_PELICANS,ORLANDO_MAGIC,0,1,0,0.0
NEW_ORLEANS_PELICANS,PHILADELPHIA_76ERS,0,1,1,1.0
NEW_ORLEANS_PELICANS,PHOENIX_SUNS,1,1,1,1.0
NEW_ORLEANS_PELICANS,PORTLAND_TRAIL_BLAZERS,0,2,1,0.5
NEW_ORLEANS_PELICANS,PORTLAND_TRAIL_BLAZERS,1,2,0,0.0
NEW_ORLEANS_PELICANS,SACRAMENTO_KINGS,0,1,0,0.0
NEW_ORLEANS_PELICANS,SACRAMENTO_KINGS,1,3,1,0.3333333333333333
NEW_ORLEANS_PELICANS,SAN_ANTONIO_SPURS,0,1,0,0.0
NEW_ORLEANS_PELICANS,TORONTO_RAPTORS,0,1,0,0.0
NEW_ORLEANS_PELICANS,TORONTO_RAPTORS,1,1,0,0.0
NEW_ORLEANS_PELICANS,UTAH_JAZZ,1,2,2,1.0
NEW_ORLEANS_PELICANS,WASHINGTON_WIZARDS,0,1,1,1.0
NEW_ORLEANS_PELICANS,WASHINGTON_WIZARDS,1,1,1,1.0
NEW_YORK_KNICKS,ATLANTA_HAWKS,0,1,0,0.0
NEW_YORK_KNICKS,ATLANTA_HAWKS,1,3,2,0.6666666666666666
NEW_YORK_KNICKS,BOSTON_CELTICS,0,1,0,0.0
NEW_YORK_KNICKS,BOSTON_CELTICS,1,1,0,0.0
NEW_YORK_KNICKS,BROOKLYN_NETS,0,1,1,1.0
NEW_YORK_KNICKS,BROOKLYN_NETS,1,2,2,1.0
NEW_YORK_KNICKS,CHARLOTTE_HORNETS,0,1,1,1.0
NEW_YORK_KNICKS,CHARLOTTE_HORNETS,1,1,1,1.0
NEW_YORK_KNICKS,CHICAGO_BULLS,0,1,0,0.0
NEW_YORK_KNICKS,CHICAGO_BULLS,1,1,0,0.0
NEW_YORK_KNICKS,CLEVELAND_CAVALIERS,1,1,0,0.0
NEW_YORK_KNICKS,DALLAS_MAVERICKS,0,1,0,0.0
NEW_YORK_KNICKS,DENVER_NUGGETS,0,1,1,1.0
NEW_YORK_KNICKS,DENVER_NUGGETS,1,1,1,1.0
NEW_YORK_KNICKS,DETROIT_PISTONS,0,1,1,1.0
NEW_YORK_KNICKS,DETROIT_PISTONS,1,2,0,0.0
NEW_YORK_KNICKS,HOUSTON_ROCKETS,0,1,0,0.0
NEW_YORK_KNICKS,HOUSTON_ROCKETS,1,1,1,1.0
NEW_YORK_KNICKS,INDIANA_PACERS,0,2,1,0.5
NEW_YORK_KNICKS,INDIANA_PACERS,1,1,1,1.0
NEW_YORK_KNICKS,LOS_ANGELES_LAKERS,1,1,0,0.0
NEW_YORK_KNICKS,MEMPHIS_GRIZZLIES,1,1,1,1.0
NEW_YORK_KNICKS,MIAMI_HEAT,0,1,1,1.0
NEW_YORK_KNICKS,MILWAUKEE_BUCKS,1,2,2,1.0
NEW_YORK_KNICKS,MINNESOTA_TIMBERWOLVES,0,1,1,1.0
NEW_YORK_KNICKS,MINNESOTA_TIMBERWOLVES,1,1,0,0.0
NEW_YORK_KNICKS,NEW_ORLEANS_PELICANS,0,1,1,1.0
NEW_YORK_KNICKS,NEW_ORLEANS_PELICANS,1,1,1,1.0
NEW_YORK_KNICKS,OKLAHOMA_CITY_THUNDER,0,1,0,0.0
NEW_YORK_KNICKS,OKLAHOMA_CITY_THUNDER,1,1,0,0.0
NEW_YORK_KNICKS,ORLANDO_MAGIC,0,2,2,1.0
NEW_YORK_KNICKS,ORLANDO_MAGIC,1,2,1,0.5
NEW_YORK_KNICKS,PHILADELPHIA_76ERS,0,2,2,1.0
NEW_YORK_KNICKS,PHOENIX_SUNS,0,1,1,1.0
NEW_YORK_KNICKS,SACRAMENTO_KINGS,1,1,1,1.0
NEW_YORK_KNICKS,SAN_ANTONIO_SPURS,1,1,1,1.0
NEW_YORK_KNICKS,TORONTO_RAPTORS,0,2,2,1.0
NEW_YORK_KNICKS,TORONTO_RAPTORS,1,2,2,1.0
NEW_YORK_KNICKS,UTAH_JAZZ,0,1,0,0.0
NEW_YORK_KNICKS,UTAH_JAZZ,1,1,1,1.0
NEW_YORK_KNICKS,WASHINGTON_WIZARDS,0,2,2,1.0
NEW_YORK_KNICKS,WASHINGTON_WIZARDS,1,1,1,1.0
OKLAHOMA_CITY_THUNDER,ATLANTA_HAWKS,1,1,1,1.0
OKLAHOMA_CITY_THUNDER,BOSTON_CELTICS,1,1,1,1.0
OKLAHOMA_CITY_THUNDER,BROOKLYN_NETS,1,1,1,1.0
OKLAHOMA_CITY_THUNDER,CHARLOTTE_HORNETS,0,1,1,1.0
OKLAHOMA_CITY_THUNDER,CHICAGO_BULLS,0,1,1,1.0
OKLAHOMA_CITY_THUNDER,CLEVELAND_CAVALIERS,0,1,0,0.0
OKLAHOMA_CITY_THUNDER,CLEVELAND_CAVALIERS,1,1,1,1.0
OKLAHOMA_CITY_THUNDER,DALLAS_MAVERICKS,0,1,0,0.0
OKLAHOMA_CITY_THUNDER,DALLAS_MAVERICKS,1,3,1,0.3333333333333333
OKLAHOMA_CITY_THUNDER,DENVER_NUGGETS,0,2,1,0.5
OKLAHOMA_CITY_THUNDER,GOLDEN_STATE_WARRIORS,0,2,1,0.5
OKLAHOMA_CITY_THUNDER,GOLDEN_STATE_WARRIORS,1,1,0,0.0
OKLAHOMA_CITY_THUNDER,HOUSTON_ROCKETS,0,1,0,0.0
OKLAHOMA_CITY_THUNDER,HOUSTON_ROCKETS,1,2,2,1.0
OKLAHOMA_CITY_THUNDER,INDIANA_PACERS,0,1,1,1.0
OKLAHOMA_CITY_THUNDER,LOS_ANGELES_CLIPPERS,0,1,1,1.0
OKLAHOMA_CITY_THUNDER,LOS_ANGELES_CLIPPERS,1,2,2,1.0
OKLAHOMA_CITY_THUNDER,LOS_ANGELES_LAKERS,0,1,1,1.0
OKLAHOMA_CITY_THUNDER,MEMPHIS_GRIZZLIES,0,1,1,1.0
OKLAHOMA_CITY_THUNDER,MEMPHIS_GRIZZLIES,1,1,1,1.0
OKLAHOMA_CITY_THUNDER,MIAMI_HEAT,0,1,1,1.0
OKLAHOMA_CITY_THUNDER,MIAMI_HEAT,1,1,1,1.0
OKLAHOMA_CITY_THUNDER,MILWAUKEE_BUCKS,1,2,1,0.5
OKLAHOMA_CITY_THUNDER,MINNESOTA_TIMBERWOLVES,0,1,0,0.0
OKLAHOMA_CITY_THUNDER,MINNESOTA_TIMBERWOLVES,1,1,1,1.0
OKLAHOMA_CITY_THUNDER,NEW_ORLEANS_PELICANS,0,1,1,1.0
OKLAHOMA_CITY_THUNDER,NEW_ORLEANS_PELICANS,1,2,2,1.0
OKLAHOMA_CITY_THUNDER,NEW_YORK_KNICKS,0,1,1,1.0
OKLAHOMA_CITY_THUNDER,NEW_YORK_KNICKS,1,1,1,1.0
OKLAHOMA_CITY_THUNDER,ORLANDO_MAGIC,0,1,1,1.0
OKLAHOMA_CITY_THUNDER,ORLANDO_MAGIC,1,1,1,1.0
OKLAHOMA_CITY_THUNDER,PHILADELPHIA_76ERS,0,1,1,1.0
OKLAHOMA_CITY_THUNDER,PHOENIX_SUNS,1,2,2,1.0
OKLAHOMA_CITY_THUNDER,PORTLAND_TRAIL_BLAZERS,0,2,2,1.0
OKLAHOMA_CITY_THUNDER,PORTLAND_TRAIL_BLAZERS,1,1,1,1.0
OKLAHOMA_CITY_THUNDER,SACRAMENTO_KINGS,0,1,1,1.0
OKLAHOMA_CITY_THUNDER,SACRAMENTO_KINGS,1,1,1,1.0
OKLAHOMA_CITY_THUNDER,SAN_ANTONIO_SPURS,0,1,0,0.0
OKLAHOMA_CITY_THUNDER,SAN_ANTONIO_SPURS,1,1,1,1.0
OKLAHOMA_CITY_THUNDER,TORONTO_RAPTORS,0,1,1,1.0
OKLAHOMA_CITY_THUNDER,TORONTO_RAPTORS,1,1,1,1.0
OKLAHOMA_CITY_THUNDER,UTAH_JAZZ,1,2,2,1.0
OKLAHOMA_CITY_THUNDER,WASHINGTON_WIZARDS,0,1,1,1.0
OKLAHOMA_CITY_THUNDER,WASHINGTON_WIZARDS,1,1,1,1.0
ORLANDO_MAGIC,ATLANTA_HAWKS,1,1,0,0.0
ORLANDO_MAGIC,BOSTON_CELTICS,0,1,0,0.0
ORLANDO_MAGIC,BOSTON_CELTICS,1,1,1,1.0
ORLANDO_MAGIC,BROOKLYN_NETS,0,2,2,1.0
ORLANDO_MAGIC,BROOKLYN_NETS,1,2,2,1.0
ORLANDO_MAGIC,CHARLOTTE_HORNETS,0,1,1,1.0
ORLANDO_MAGIC,CHARLOTTE_HORNETS,1,2,2,1.0
ORLANDO_MAGIC,CHICAGO_BULLS,0,1,0,0.0
ORLANDO_MAGIC,CHICAGO_BULLS,1,1,1,1.0
ORLANDO_MAGIC,CLEVELAND_CAVALIERS,0,1,0,0.0
ORLANDO_MAGIC,DALLAS_MAVERICKS,0,1,0,0.0
ORLANDO_MAGIC,DENVER_NUGGETS,0,1,0,0.0
ORLANDO_MAGIC,DENVER_NUGGETS,1,1,0,0.0
ORLANDO_MAGIC,DETROIT_PISTONS,0,1,0,0.0
ORLANDO_MAGIC,DETROIT_PISTONS,1,2,2,1.0
ORLANDO_MAGIC,GOLDEN_STATE_WARRIORS,0,1,0,0.0
ORLANDO_MAGIC,INDIANA_PACERS,0,1,0,0.0
ORLANDO_MAGIC,INDIANA_PACERS,1,2,2,1.0
ORLANDO_MAGIC,LOS_ANGELES_CLIPPERS,0,1,0,0.0
ORLANDO_MAGIC,LOS_ANGELES_LAKERS,0,1,1,1.0
ORLANDO_MAGIC,MEMPHIS_GRIZZLIES,0,1,0,0.0
ORLANDO_MAGIC,MIAMI_HEAT,0,2,1,0.5
ORLANDO_MAGIC,MIAMI_HEAT,1,2,1,0.5
ORLANDO_MAGIC,MILWAUKEE_BUCKS,0,2,0,0.0
ORLANDO_MAGIC,MILWAUKEE_BUCKS,1,1,0,0.0
ORLANDO_MAGIC,MINNESOTA_TIMBERWOLVES,1,1,0,0.0
ORLANDO_MAGIC,NEW_ORLEANS_PELICANS,1,1,1,1.0
ORLANDO_MAGIC,NEW_YORK_KNICKS,0,2,1,0.5
ORLANDO_MAGIC,NEW_YORK_KNICKS,1,2,0,0.0
ORLANDO_MAGIC,OKLAHOMA_CITY_THUNDER,0,1,0,0.0
ORLANDO_MAGIC,OKLAHOMA_CITY_THUNDER,1,1,0,0.0
ORLANDO_MAGIC,PHILADELPHIA_76ERS,0,2,1,0.5
ORLANDO_MAGIC,PHILADELPHIA_76ERS,1,2,2,1.0
ORLANDO_MAGIC,PHOENIX_SUNS,0,1,1,1.0
ORLANDO_MAGIC,PHOENIX_SUNS,1,1,1,1.0
ORLANDO_MAGIC,PORTLAND_TRAIL_BLAZERS,0,1,0,0.0
ORLANDO_MAGIC,PORTLAND_TRAIL_BLAZERS,1,1,0,0.0
ORLANDO_MAGIC,SACRAMENTO_KINGS,0,1,1,1.0
ORLANDO_MAGIC,SAN_ANTONIO_SPURS,1,1,1,1.0
ORLANDO_MAGIC,TORONTO_RAPTORS,0,2,1,0.5
ORLANDO_MAGIC,UTAH_JAZZ,0,1,0,0.0
ORLANDO_MAGIC,UTAH_JAZZ,1,1,0,0.0
ORLANDO_MAGIC,WASHINGTON_WIZARDS,1,1,1,1.0
PHILADELPHIA_76ERS,BOSTON_CELTICS,0,1,1,1.0
PHILADELPHIA_76ERS,BOSTON_CELTICS,1,1,0,0.0
PHILADELPHIA_76ERS,BROOKLYN_NETS,0,2,1,0.5
PHILADELPHIA_76ERS,BROOKLYN_NETS,1,1,1,1.0
PHILADELPHIA_76ERS,CHARLOTTE_HORNETS,0,2,2,1.0
PHILADELPHIA_76ERS,CHARLOTTE_HORNETS,1,2,2,1.0
PHILADELPHIA_76ERS,CHICAGO_BULLS,0,2,2,1.0
PHILADELPHIA_76ERS,CLEVELAND_CAVALIERS,0,1,0,0.0
PHILADELPHIA_76ERS,CLEVELAND_CAVALIERS,1,2,1,0.5
PHILADELPHIA_76ERS,DALLAS_MAVERICKS,1,1,1,1.0
PHILADELPHIA_76ERS,DENVER_NUGGETS,0,1,0,0.0
PHILADELPHIA_76ERS,DENVER_NUGGETS,1,1,0,0.0
PHILADELPHIA_76ERS,DETROIT_PISTONS,0,2,1,0.5
PHILADELPHIA_76ERS,DETROIT_PISTONS,1,1,0,0.0
PHILADELPHIA_76ERS,GOLDEN_STATE_WARRIORS,0,1,0,0.0
PHILADELPHIA_76ERS,HOUSTON_ROCKETS,1,1,0,0.0
PHILADELPHIA_76ERS,INDIANA_PACERS,0,2,1,0.5
PHILADELPHIA_76ERS,INDIANA_PACERS,1,1,0,0.0
PHILADELPHIA_76ERS,LOS_ANGELES_CLIPPERS,0,1,0,0.0
PHILADELPHIA_76ERS,LOS_ANGELES_CLIPPERS,1,1,0,0.0
PHILADELPHIA_76ERS,LOS_ANGELES_LAKERS,0,1,0,0.0
PHILADELPHIA_76ERS,LOS_ANGELES_LAKERS,1,1,1,1.0
PHILADELPHIA_76ERS,MEMPHIS_GRIZZLIES,0,1,0,0.0
PHILADELPHIA_76ERS,MEMPHIS_GRIZZLIES,1,1,0,0.0
PHILADELPHIA_76ERS,MIAMI_HEAT,0,1,0,0.0
PHILADELPHIA_76ERS,MIAMI_HEAT,1,1,0,0.0
PHILADELPHIA_76ERS,MILWAUKEE_BUCKS,0,2,0,0.0
PHILADELPHIA_76ERS,MILWAUKEE_BUCKS,1,1,0,0.0
PHILADELPHIA_76ERS,NEW_ORLEANS_PELICANS,1,1,0,0.0
PHILADELPHIA_76ERS,NEW_YORK_KNICKS,1,2,0,0.0
PHILADELPHIA_76ERS,OKLAHOMA_CITY_THUNDER,1,1,0,0.0
PHILADELPHIA_76ERS,ORLANDO_MAGIC,0,2,0,0.0
PHILADELPHIA_76ERS,ORLANDO_MAGIC,1,2,1,0.5
PHILADELPHIA_76ERS,PHOENIX_SUNS,0,1,0,0.0
PHILADELPHIA_76ERS,PHOENIX_SUNS,1,1,0,0.0
PHILADELPHIA_76ERS,PORTLAND_TRAIL_BLAZERS,0,1,1,1.0
PHILADELPHIA_76ERS,SACRAMENTO_KINGS,0,1,0,0.0
PHILADELPHIA_76ERS,SACRAMENTO_KINGS,1,1,1,1.0
PHILADELPHIA_76ERS,SAN_ANTONIO_SPURS,1,1,1,1.0
PHILADELPHIA_76ERS,TORONTO_RAPTORS,0,1,0,0.0
PHILADELPHIA_76ERS,TORONTO_RAPTORS,1,1,0,0.0
PHILADELPHIA_76ERS,UTAH_JAZZ,0,1,1,1.0
PHILADELPHIA_76ERS,WASHINGTON_WIZARDS,1,1,1,1.0
PHOENIX_SUNS,ATLANTA_HAWKS,0,1,0,0.0
PHOENIX_SUNS,ATLANTA_HAWKS,1,1,1,1.0
PHOENIX_SUNS,BROOKLYN_NETS,0,1,1,1.0
PHOENIX_SUNS,BROOKLYN_NETS,1,1,0,0.0
PHOENIX_SUNS,CHARLOTTE_HORNETS,0,1,0,0.0
PHOENIX_SUNS,CHARLOTTE_HORNETS,1,1,1,1.0
PHOENIX_SUNS,CLEVELAND_CAVALIERS,0,1,0,0.0
PHOENIX_SUNS,DALLAS_MAVERICKS,0,1,1,1.0
PHOENIX_SUNS,DALLAS_MAVERICKS,1,2,1,0.5
PHOENIX_SUNS,DENVER_NUGGETS,0,1,0,0.0
PHOENIX_SUNS,DENVER_NUGGETS,1,2,1,0.5
PHOENIX_SUNS,DETROIT_PISTONS,0,1,1,1.0
PHOENIX_SUNS,DETROIT_PISTONS,1,1,0,0.0
PHOENIX_SUNS,GOLDEN_STATE_WARRIORS,0,2,1,0.5
PHOENIX_SUNS,GOLDEN_STATE_WARRIORS,1,1,1,1.0
PHOENIX_SUNS,HOUSTON_ROCKETS,0,1,0,0.0
PHOENIX_SUNS,INDIANA_PACERS,0,1,0,0.0
PHOENIX_SUNS,INDIANA_PACERS,1,1,0,0.0
PHOENIX_SUNS,LOS_ANGELES_CLIPPERS,0,2,2,1.0
PHOENIX_SUNS,LOS_ANGELES_CLIPPERS,1,1,1,1.0
PHOENIX_SUNS,LOS_ANGELES_LAKERS,0,1,0,0.0
PHOENIX_SUNS,LOS_ANGELES_LAKERS,1,2,2,1.0
PHOENIX_SUNS,MEMPHIS_GRIZZLIES,1,2,0,0.0
PHOENIX_SUNS,MIAMI_HEAT,0,1,0,0.0
PHOENIX_SUNS,MIAMI_HEAT,1,1,1,1.0
PHOENIX_SUNS,MINNESOTA_TIMBERWOLVES,0,1,0,0.0
PHOENIX_SUNS,MINNESOTA_TIMBERWOLVES,1,1,0,0.0
PHOENIX_SUNS,NEW_ORLEANS_PELICANS,0,1,0,0.0
PHOENIX_SUNS,NEW_YORK_KNICKS,1,1,0,0.0
PHOENIX_SUNS,OKLAHOMA_CITY_THUNDER,0,2,0,0.0
PHOENIX_SUNS,ORLANDO_MAGIC,0,1,0,0.0
PHOENIX_SUNS,ORLANDO_MAGIC,1,1,0,0.0
PHOENIX_SUNS,PHILADELPHIA_76ERS,0,1,1,1.0
PHOENIX_SUNS,PHILADELPHIA_76ERS,1,1,1,1.0
PHOENIX_SUNS,PORTLAND_TRAIL_BLAZERS,0,2,0,0.0
PHOENIX_SUNS,PORTLAND_TRAIL_BLAZERS,1,2,2,1.0
PHOENIX_SUNS,SACRAMENTO_KINGS,0,1,0,0.0
PHOENIX_SUNS,SACRAMENTO_KINGS,1,1,0,0.0
PHOENIX_SUNS,SAN_ANTONIO_SPURS,1,1,1,1.0
PHOENIX_SUNS,UTAH_JAZZ,0,2,2,1.0
PHOENIX_SUNS,UTAH_JAZZ,1,2,2,1.0
PHOENIX_SUNS,WASHINGTON_WIZARDS,0,1,1,1.0
PHOENIX_SUNS,WASHINGTON_WIZARDS,1,1,1,1.0
PORTLAND_TRAIL_BLAZERS,ATLANTA_HAWKS,1,1,1,1.0
PORTLAND_TRAIL_BLAZERS,BROOKLYN_NETS,1,1,0,0.0
PORTLAND_TRAIL_BLAZERS,CHARLOTTE_HORNETS,0,1,1,1.0
PORTLAND_TRAIL_BLAZERS,CHICAGO_BULLS,1,1,1,1.0
PORTLAND_TRAIL_BLAZERS,DALLAS_MAVERICKS,0,2,0,0.0
PORTLAND_TRAIL_BLAZERS,DALLAS_MAVERICKS,1,2,1,0.5
PORTLAND_TRAIL_BLAZERS,DENVER_NUGGETS,0,2,0,0.0
PORTLAND_TRAIL_BLAZERS,DENVER_NUGGETS,1,1,1,1.0
PORTLAND_TRAIL_BLAZERS,DETROIT_PISTONS,0,1,0,0.0
PORTLAND_TRAIL_BLAZERS,GOLDEN_STATE_WARRIORS,1,1,0,0.0
PORTLAND_TRAIL_BLAZERS,HOUSTON_ROCKETS,0,2,1,0.5
PORTLAND_TRAIL_BLAZERS,HOUSTON_ROCKETS,1,1,0,0.0
PORTLAND_TRAIL_BLAZERS,INDIANA_PACERS,0,1,0,0.0
PORTLAND_TRAIL_BLAZERS,INDIANA_PACERS,1,1,1,1.0
PORTLAND_TRAIL_BLAZERS,LOS_ANGELES_CLIPPERS,0,2,1,0.5
PORTLAND_TRAIL_BLAZERS,LOS_ANGELES_CLIPPERS,1,1,0,0.0
PORTLAND_TRAIL_BLAZERS,LOS_ANGELES_LAKERS,0,2,0,0.0
PORTLAND_TRAIL_BLAZERS,MEMPHIS_GRIZZLIES,0,1,0,0.0
PORTLAND_TRAIL_BLAZERS,MEMPHIS_GRIZZLIES,1,1,0,0.0
PORTLAND_TRAIL_BLAZERS,MIAMI_HEAT,0,1,1,1.0
PORTLAND_TRAIL_BLAZERS,MIAMI_HEAT,1,1,0,0.0
PORTLAND_TRAIL_BLAZERS,MILWAUKEE_BUCKS,0,1,1,1.0
PORTLAND_TRAIL_BLAZERS,MILWAUKEE_BUCKS,1,1,1,1.0
PORTLAND_TRAIL_BLAZERS,MINNESOTA_TIMBERWOLVES,0,2,0,0.0
PORTLAND_TRAIL_BLAZERS,MINNESOTA_TIMBERWOLVES,1,2,2,1.0
PORTLAND_TRAIL_BLAZERS,NEW_ORLEANS_PELICANS,0,2,2,1.0
PORTLAND_TRAIL_BLAZERS,NEW_ORLEANS_PELICANS,1,2,1,0.5
PORTLAND_TRAIL_BLAZERS,OKLAHOMA_CITY_THUNDER,0,1,0,0.0
PORTLAND_TRAIL_BLAZERS,OKLAHOMA_CITY_THUNDER,1,2,0,0.0
PORTLAND_TRAIL_BLAZERS,ORLANDO_MAGIC,0,1,1,1.0
PORTLAND_TRAIL_BLAZERS,ORLANDO_MAGIC,1,1,1,1.0
PORTLAND_TRAIL_BLAZERS,PHILADELPHIA_76ERS,1,1,0,0.0
PORTLAND_TRAIL_BLAZERS,PHOENIX_SUNS,0,2,0,0.0
PORTLAND_TRAIL_BLAZERS,PHOENIX_SUNS,1,2,2,1.0
PORTLAND_TRAIL_BLAZERS,SACRAMENTO_KINGS,0,1,0,0.0
PORTLAND_TRAIL_BLAZERS,SACRAMENTO_KINGS,1,2,2,1.0
PORTLAND_TRAIL_BLAZERS,SAN_ANTONIO_SPURS,0,2,0,0.0
PORTLAND_TRAIL_BLAZERS,SAN_ANTONIO_SPURS,1,1,0,0.0
PORTLAND_TRAIL_BLAZERS,UTAH_JAZZ,1,2,1,0.5
SACRAMENTO_KINGS,ATLANTA_HAWKS,0,1,1,1.0
SACRAMENTO_KINGS,ATLANTA_HAWKS,1,1,0,0.0
SACRAMENTO_KINGS,BOSTON_CELTICS,0,1,1,1.0
SACRAMENTO_KINGS,BROOKLYN_NETS,0,1,1,1.0
SACRAMENTO_KINGS,BROOKLYN_NETS,1,1,0,0.0
SACRAMENTO_KINGS,CHICAGO_BULLS,0,1,1,1.0
SACRAMENTO_KINGS,DALLAS_MAVERICKS,0,1,1,1.0
SACRAMENTO_KINGS,DALLAS_MAVERICKS,1,1,1,1.0
SACRAMENTO_KINGS,DENVER_NUGGETS,0,1,0,0.0
SACRAMENTO_KINGS,DENVER_NUGGETS,1,1,0,0.0
SACRAMENTO_KINGS,DETROIT_PISTONS,1,1,0,0.0
SACRAMENTO_KINGS,GOLDEN_STATE_WARRIORS,0,1,1,1.0
SACRAMENTO_KINGS,GOLDEN_STATE_WARRIORS,1,1,1,1.0
SACRAMENTO_KINGS,HOUSTON_ROCKETS,1,2,2,1.0
SACRAMENTO_KINGS,INDIANA_PACERS,1,1,0,0.0
SACRAMENTO_KINGS,LOS_ANGELES_CLIPPERS,0,1,0,0.0
SACRAMENTO_KINGS,LOS_ANGELES_CLIPPERS,1,1,0,0.0
SACRAMENTO_KINGS,LOS_ANGELES_LAKERS,0,2,0,0.0
SACRAMENTO_KINGS,LOS_ANGELES_LAKERS,1,2,0,0.0
SACRAMENTO_KINGS,MEMPHIS_GRIZZLIES,0,1,0,0.0
SACRAMENTO_KINGS,MEMPHIS_GRIZZLIES,1,1,1,1.0
SACRAMENTO_KINGS,MIAMI_HEAT,0,1,1,1.0
SACRAMENTO_KINGS,MIAMI_HEAT,1,1,1,1.0
SACRAMENTO_KINGS,MILWAUKEE_BUCKS,0,1,0,0.0
SACRAMENTO_KINGS,MINNESOTA_TIMBERWOLVES,0,2,2,1.0
SACRAMENTO_KINGS,MINNESOTA_TIMBERWOLVES,1,2,0,0.0
SACRAMENTO_KINGS,NEW_ORLEANS_PELICANS,0,3,2,0.6666666666666666
SACRAMENTO_KINGS,NEW_ORLEANS_PELICANS,1,1,1,1.0
SACRAMENTO_KINGS,NEW_YORK_KNICKS,0,1,0,0.0
SACRAMENTO_KINGS,OKLAHOMA_CITY_THUNDER,0,1,0,0.0
SACRAMENTO_KINGS,OKLAHOMA_CITY_THUNDER,1,1,0,0.0
SACRAMENTO_KINGS,ORLANDO_MAGIC,1,1,0,0.0
SACRAMENTO_KINGS,PHILADELPHIA_76ERS,0,1,0,0.0
SACRAMENTO_KINGS,PHILADELPHIA_76ERS,1,1,1,1.0
SACRAMENTO_KINGS,PHOENIX_SUNS,0,1,1,1.0
SACRAMENTO_KINGS,PHOENIX_SUNS,1,1,1,1.0
SACRAMENTO_KINGS,PORTLAND_TRAIL_BLAZERS,0,2,0,0.0
SACRAMENTO_KINGS,PORTLAND_TRAIL_BLAZERS,1,1,1,1.0
SACRAMENTO_KINGS,SAN_ANTONIO_SPURS,0,2,1,0.5
SACRAMENTO_KINGS,SAN_ANTONIO_SPURS,1,1,0,0.0
SACRAMENTO_KINGS,TORONTO_RAPTORS,0,1,0,0.0
SACRAMENTO_KINGS,TORONTO_RAPTORS,1,1,1,1.0
SACRAMENTO_KINGS,UTAH_JAZZ,0,1,1,1.0
SACRAMENTO_KINGS,UTAH_JAZZ,1,2,2,1.0
SACRAMENTO_KINGS,WASHINGTON_WIZARDS,1,1,1,1.0
SAN_ANTONIO_SPURS,ATLANTA_HAWKS,0,1,1,1.0
SAN_ANTONIO_SPURS,ATLANTA_HAWKS,1,1,1,1.0
SAN_ANTONIO_SPURS,BOSTON_CELTICS,0,1,0,0.0
SAN_ANTONIO_SPURS,BROOKLYN_NETS,0,1,1,1.0
SAN_ANTONIO_SPURS,CHARLOTTE_HORNETS,0,1,0,0.0
SAN_ANTONIO_SPURS,CHICAGO_BULLS,0,1,0,0.0
SAN_ANTONIO_SPURS,CHICAGO_BULLS,1,1,0,0.0
SAN_ANTONIO_SPURS,DALLAS_MAVERICKS,0,2,0,0.0
SAN_ANTONIO_SPURS,DENVER_NUGGETS,0,1,1,1.0
SAN_ANTONIO_SPURS,DENVER_NUGGETS,1,1,0,0.0
SAN_ANTONIO_SPURS,GOLDEN_STATE_WARRIORS,1,1,1,1.0
SAN_ANTONIO_SPURS,HOUSTON_ROCKETS,0,1,0,0.0
SAN_ANTONIO_SPURS,HOUSTON_ROCKETS,1,2,1,0.5
SAN_ANTONIO_SPURS,INDIANA_PACERS,0,1,1,1.0
SAN_ANTONIO_SPURS,INDIANA_PACERS,1,1,0,0.0
SAN_ANTONIO_SPURS,LOS_ANGELES_CLIPPERS,0,1,0,0.0
SAN_ANTONIO_SPURS,LOS_ANGELES_CLIPPERS,1,2,1,0.5
SAN_ANTONIO_SPURS,LOS_ANGELES_LAKERS,0,1,1,1.0
SAN_ANTONIO_SPURS,LOS_ANGELES_LAKERS,1,2,0,0.0
SAN_ANTONIO_SPURS,MEMPHIS_GRIZZLIES,0,1,0,0.0
SAN_ANTONIO_SPURS,MEMPHIS_GRIZZLIES,1,2,0,0.0
SAN_ANTONIO_SPURS,MIAMI_HEAT,0,1,0,0.0
SAN_ANTONIO_SPURS,MIAMI_HEAT,1,1,0,0.0
SAN_ANTONIO_SPURS,MILWAUKEE_BUCKS,0,1,0,0.0
SAN_ANTONIO_SPURS,MILWAUKEE_BUCKS,1,1,1,1.0
SAN_ANTONIO_SPURS,MINNESOTA_TIMBERWOLVES,0,1,0,0.0
SAN_ANTONIO_SPURS,MINNESOTA_TIMBERWOLVES,1,2,1,0.5
SAN_ANTONIO_SPURS,NEW_ORLEANS_PELICANS,1,1,1,1.0
SAN_ANTONIO_SPURS,NEW_YORK_KNICKS,0,1,0,0.0
SAN_ANTONIO_SPURS,OKLAHOMA_CITY_THUNDER,0,1,0,0.0
SAN_ANTONIO_SPURS,OKLAHOMA_CITY_THUNDER,1,1,1,1.0
SAN_ANTONIO_SPURS,ORLANDO_MAGIC,0,1,0,0.0
SAN_ANTONIO_SPURS,PHILADELPHIA_76ERS,0,1,0,0.0
SAN_ANTONIO_SPURS,PHOENIX_SUNS,0,1,0,0.0
SAN_ANTONIO_SPURS,PORTLAND_TRAIL_BLAZERS,0,1,1,1.0
SAN_ANTONIO_SPURS,PORTLAND_TRAIL_BLAZERS,1,2,2,1.0
SAN_ANTONIO_SPURS,SACRAMENTO_KINGS,0,1,1,1.0
SAN_ANTONIO_SPURS,SACRAMENTO_KINGS,1,2,1,0.5
SAN_ANTONIO_SPURS,UTAH_JAZZ,0,2,2,1.0
SAN_ANTONIO_SPURS,UTAH_JAZZ,1,2,1,0.5
SAN_ANTONIO_SPURS,WASHINGTON_WIZARDS,0,1,1,1.0
SAN_ANTONIO_SPURS,WASHINGTON_WIZARDS,1,1,1,1.0
TORONTO_RAPTORS,ATLANTA_HAWKS,0,2,2,1.0
TORONTO_RAPTORS,ATLANTA_HAWKS,1,1,0,0.0
TORONTO_RAPTORS,BOSTON_CELTICS,0,2,0,0.0
TORONTO_RAPTORS,BOSTON_CELTICS,1,1,1,1.0
TORONTO_RAPTORS,BROOKLYN_NETS,1,2,1,0.5
TORONTO_RAPTORS,CHARLOTTE_HORNETS,0,1,0,0.0
TORONTO_RAPTORS,CHICAGO_BULLS,1,2,0,0.0
TORONTO_RAPTORS,CLEVELAND_CAVALIERS,0,2,0,0.0
TORONTO_RAPTORS,CLEVELAND_CAVALIERS,1,2,0,0.0
TORONTO_RAPTORS,DALLAS_MAVERICKS,1,1,0,0.0
TORONTO_RAPTORS,DENVER_NUGGETS,0,1,0,0.0
TORONTO_RAPTORS,DENVER_NUGGETS,1,1,0,0.0
TORONTO_RAPTORS,DETROIT_PISTONS,0,2,0,0.0
TORONTO_RAPTORS,DETROIT_PISTONS,1,1,0,0.0
TORONTO_RAPTORS,GOLDEN_STATE_WARRIORS,1,1,1,1.0
TORONTO_RAPTORS,HOUSTON_ROCKETS,0,1,0,0.0
TORONTO_RAPTORS,HOUSTON_ROCKETS,1,1,0,0.0
TORONTO_RAPTORS,INDIANA_PACERS,1,2,2,1.0
TORONTO_RAPTORS,LOS_ANGELES_CLIPPERS,0,1,0,0.0
TORONTO_RAPTORS,LOS_ANGELES_CLIPPERS,1,1,1,1.0
TORONTO_RAPTORS,LOS_ANGELES_LAKERS,0,1,0,0.0
TORONTO_RAPTORS,LOS_ANGELES_LAKERS,1,1,0,0.0
TORONTO_RAPTORS,MEMPHIS_GRIZZLIES,0,1,0,0.0
TORONTO_RAPTORS,MEMPHIS_GRIZZLIES,1,1,0,0.0
TORONTO_RAPTORS,MIAMI_HEAT,0,2,0,0.0
TORONTO_RAPTORS,MIAMI_HEAT,1,1,1,1.0
TORONTO_RAPTORS,MILWAUKEE_BUCKS,0,2,0,0.0
TORONTO_RAPTORS,MILWAUKEE_BUCKS,1,1,0,0.0
TORONTO_RAPTORS,MINNESOTA_TIMBERWOLVES,0,1,0,0.0
TORONTO_RAPTORS,MINNESOTA_TIMBERWOLVES,1,1,1,1.0
TORONTO_RAPTORS,NEW_ORLEANS_PELICANS,0,1,1,1.0
TORONTO_RAPTORS,NEW_ORLEANS_PELICANS,1,1,1,1.0
TORONTO_RAPTORS,NEW_YORK_KNICKS,0,2,0,0.0
TORONTO_RAPTORS,NEW_YORK_KNICKS,1,2,0,0.0
TORONTO_RAPTORS,OKLAHOMA_CITY_THUNDER,0,1,0,0.0
TORONTO_RAPTORS,OKLAHOMA_CITY_THUNDER,1,1,0,0.0
TORONTO_RAPTORS,ORLANDO_MAGIC,1,2,1,0.5
TORONTO_RAPTORS,PHILADELPHIA_76ERS,0,1,1,1.0
TORONTO_RAPTORS,PHILADELPHIA_76ERS,1,1,1,1.0
TORONTO_RAPTORS,SACRAMENTO_KINGS,0,1,0,0.0
TORONTO_RAPTORS,SACRAMENTO_KINGS,1,1,1,1.0
TORONTO_RAPTORS,WASHINGTON_WIZARDS,0,1,1,1.0
UTAH_JAZZ,ATLANTA_HAWKS,1,1,0,0.0
UTAH_JAZZ,BROOKLYN_NETS,0,1,1,1.0
UTAH_JAZZ,BROOKLYN_NETS,1,1,1,1.0
UTAH_JAZZ,CHARLOTTE_HORNETS,1,1,0,0.0
UTAH_JAZZ,CHICAGO_BULLS,0,1,1,1.0
UTAH_JAZZ,CLEVELAND_CAVALIERS,0,1,0,0.0
UTAH_JAZZ,DALLAS_MAVERICKS,0,1,0,0.0
UTAH_JAZZ,DALLAS_MAVERICKS,1,2,1,0.5
UTAH_JAZZ,DENVER_NUGGETS,0,1,0,0.0
UTAH_JAZZ,DENVER_NUGGETS,1,2,0,0.0
UTAH_JAZZ,DETROIT_PISTONS,0,1,1,1.0
UTAH_JAZZ,GOLDEN_STATE_WARRIORS,0,1,0,0.0
UTAH_JAZZ,GOLDEN_STATE_WARRIORS,1,2,1,0.5
UTAH_JAZZ,INDIANA_PACERS,1,1,0,0.0
UTAH_JAZZ,LOS_ANGELES_CLIPPERS,0,3,0,0.0
UTAH_JAZZ,LOS_ANGELES_CLIPPERS,1,1,0,0.0
UTAH_JAZZ,LOS_ANGELES_LAKERS,0,2,0,0.0
UTAH_JAZZ,LOS_ANGELES_LAKERS,1,2,1,0.5
UTAH_JAZZ,MEMPHIS_GRIZZLIES,0,1,0,0.0
UTAH_JAZZ,MEMPHIS_GRIZZLIES,1,1,0,0.0
UTAH_JAZZ,MIAMI_HEAT,0,1,1,1.0
UTAH_JAZZ,MIAMI_HEAT,1,1,0,0.0
UTAH_JAZZ,MILWAUKEE_BUCKS,0,1,0,0.0
UTAH_JAZZ,MILWAUKEE_BUCKS,1,1,0,0.0
UTAH_JAZZ,MINNESOTA_TIMBERWOLVES,1,1,0,0.0
UTAH_JAZZ,NEW_ORLEANS_PELICANS,0,2,0,0.0
UTAH_JAZZ,NEW_YORK_KNICKS,0,1,0,0.0
UTAH_JAZZ,NEW_YORK_KNICKS,1,1,1,1.0
UTAH_JAZZ,OKLAHOMA_CITY_THUNDER,0,2,0,0.0
UTAH_JAZZ,ORLANDO_MAGIC,0,1,1,1.0
UTAH_JAZZ,ORLANDO_MAGIC,1,1,1,1.0
UTAH_JAZZ,PHILADELPHIA_76ERS,1,1,0,0.0
UTAH_JAZZ,PHOENIX_SUNS,0,2,0,0.0
UTAH_JAZZ,PHOENIX_SUNS,1,2,0,0.0
UTAH_JAZZ,PORTLAND_TRAIL_BLAZERS,0,2,1,0.5
UTAH_JAZZ,SACRAMENTO_KINGS,0,2,0,0.0
UTAH_JAZZ,SACRAMENTO_KINGS,1,1,0,0.0
UTAH_JAZZ,SAN_ANTONIO_SPURS,0,2,1,0.5
UTAH_JAZZ,SAN_ANTONIO_SPURS,1,2,0,0.0
WASHINGTON_WIZARDS,ATLANTA_HAWKS,0,2,1,0.5
WASHINGTON_WIZARDS,ATLANTA_HAWKS,1,2,1,0.5
WASHINGTON_WIZARDS,BOSTON_CELTICS,1,3,0,0.0
WASHINGTON_WIZARDS,BROOKLYN_NETS,0,1,1,1.0
WASHINGTON_WIZARDS,CHARLOTTE_HORNETS,0,1,1,1.0
WASHINGTON_WIZARDS,CHARLOTTE_HORNETS,1,2,2,1.0
WASHINGTON_WIZARDS,CHICAGO_BULLS,0,1,0,0.0
WASHINGTON_WIZARDS,CHICAGO_BULLS,1,2,1,0.5
WASHINGTON_WIZARDS,CLEVELAND_CAVALIERS,0,2,0,0.0
WASHINGTON_WIZARDS,CLEVELAND_CAVALIERS,1,2,0,0.0
WASHINGTON_WIZARDS,DALLAS_MAVERICKS,0,1,0,0.0
WASHINGTON_WIZARDS,DALLAS_MAVERICKS,1,1,0,0.0
WASHINGTON_WIZARDS,DENVER_NUGGETS,1,1,1,1.0
WASHINGTON_WIZARDS,DETROIT_PISTONS,1,1,0,0.0
WASHINGTON_WIZARDS,GOLDEN_STATE_WARRIORS,0,1,0,0.0
WASHINGTON_WIZARDS,GOLDEN_STATE_WARRIORS,1,1,0,0.0
WASHINGTON_WIZARDS,HOUSTON_ROCKETS,0,1,0,0.0
WASHINGTON_WIZARDS,HOUSTON_ROCKETS,1,1,0,0.0
WASHINGTON_WIZARDS,INDIANA_PACERS,0,1,0,0.0
WASHINGTON_WIZARDS,INDIANA_PACERS,1,1,0,0.0
WASHINGTON_WIZARDS,LOS_ANGELES_CLIPPERS,0,1,0,0.0
WASHINGTON_WIZARDS,LOS_ANGELES_CLIPPERS,1,1,0,0.0
WASHINGTON_WIZARDS,LOS_ANGELES_LAKERS,0,1,0,0.0
WASHINGTON_WIZARDS,LOS_ANGELES_LAKERS,1,1,0,0.0
WASHINGTON_WIZARDS,MEMPHIS_GRIZZLIES,0,1,0,0.0
WASHINGTON_WIZARDS,MEMPHIS_GRIZZLIES,1,1,0,0.0
WASHINGTON_WIZARDS,MIAMI_HEAT,1,1,0,0.0
WASHINGTON_WIZARDS,MILWAUKEE_BUCKS,0,2,0,0.0
WASHINGTON_WIZARDS,MINNESOTA_TIMBERWOLVES,0,1,1,1.0
WASHINGTON_WIZARDS,MINNESOTA_TIMBERWOLVES,1,1,0,0.0
WASHINGTON_WIZARDS,NEW_ORLEANS_PELICANS,0,1,0,0.0
WASHINGTON_WIZARDS,NEW_ORLEANS_PELICANS,1,1,0,0.0
WASHINGTON_WIZARDS,NEW_YORK_KNICKS,0,1,0,0.0
WASHINGTON_WIZARDS,NEW_YORK_KNICKS,1,2,0,0.0
WASHINGTON_WIZARDS,OKLAHOMA_CITY_THUNDER,0,1,0,0.0
WASHINGTON_WIZARDS,OKLAHOMA_CITY_THUNDER,1,1,0,0.0
WASHINGTON_WIZARDS,ORLANDO_MAGIC,0,1,0,0.0
WASHINGTON_WIZARDS,PHILADELPHIA_76ERS,0,1,0,0.0
WASHINGTON_WIZARDS,PHOENIX_SUNS,0,1,0,0.0
WASHINGTON_WIZARDS,PHOENIX_SUNS,1,1,0,0.0
WASHINGTON_WIZARDS,SACRAMENTO_KINGS,0,1,0,0.0
WASHINGTON_WIZARDS,SAN_ANTONIO_SPURS,0,1,0,0.0
WASHINGTON_WIZARDS,SAN_ANTONIO_SPURS,1,1,0,0.0
WASHINGTON_WIZARDS,TORONTO_RAPTORS,1,1,0,0.0
